seed,cols,rows,obstacleRate,endCount,maxCost,checksum,algorithm,found,pathLength,nodesExpanded,maxFrontier,timeMs,pathCost,totalBytes,peakBytes
1,10,10,0,1,5,4153804387,BFS,1,6,38,12,0.000,16,1256,1256
1,10,10,0,1,5,4153804387,DFS,1,14,65,60,0.000,39,1256,1256
2,10,10,0,1,5,4281998564,BFS,1,7,47,11,0.000,20,1256,1256
2,10,10,0,1,5,4281998564,DFS,1,77,78,78,0.000,241,1256,1256
3,10,10,0,1,5,3126324949,BFS,1,5,30,11,0.000,13,1256,1256
3,10,10,0,1,5,3126324949,DFS,1,73,74,74,0.000,209,1256,1256
4,10,10,0,1,5,772972073,BFS,1,10,97,18,0.000,32,1256,1256
4,10,10,0,1,5,772972073,DFS,1,10,11,11,0.000,32,1256,1256
5,10,10,0,1,5,778049928,BFS,1,7,85,18,0.000,23,1256,1256
5,10,10,0,1,5,778049928,DFS,1,67,72,68,0.000,192,1256,1256
6,10,10,0,1,5,3412629126,BFS,1,9,91,16,0.000,32,1256,1256
6,10,10,0,1,5,3412629126,DFS,1,71,72,72,0.000,228,1256,1256
7,10,10,0,1,5,3328722350,BFS,1,13,87,10,0.000,39,1256,1256
7,10,10,0,1,5,3328722350,DFS,1,77,78,78,0.000,227,1256,1256
8,10,10,0,1,5,1946989516,BFS,1,7,47,10,0.000,22,1256,1256
8,10,10,0,1,5,1946989516,DFS,1,29,30,30,0.000,84,1256,1256
9,10,10,0,1,5,1110673089,BFS,1,3,21,15,0.000,9,1256,1256
9,10,10,0,1,5,1110673089,DFS,1,59,60,60,0.000,159,1256,1256
10,10,10,0,1,5,1276303194,BFS,1,4,31,16,0.000,13,1256,1256
10,10,10,0,1,5,1276303194,DFS,1,14,15,15,0.000,40,1256,1256
11,10,10,0,1,5,2202308287,BFS,1,5,30,10,0.000,19,1256,1256
11,10,10,0,1,5,2202308287,DFS,1,53,54,54,0.000,134,1256,1256
12,10,10,0,1,5,1035477455,BFS,1,7,65,12,0.000,26,1256,1256
12,10,10,0,1,5,1035477455,DFS,1,15,16,16,0.000,41,1256,1256
13,10,10,0,1,5,2292818530,BFS,1,16,95,10,0.000,54,1256,1256
13,10,10,0,1,5,2292818530,DFS,1,70,71,71,0.000,217,1256,1256
14,10,10,0,1,5,528933434,BFS,1,8,60,11,0.000,22,1256,1256
14,10,10,0,1,5,528933434,DFS,1,70,71,71,0.000,212,1256,1256
15,10,10,0,1,5,2063907037,BFS,1,1,3,6,0.000,5,1256,1256
15,10,10,0,1,5,2063907037,DFS,1,57,58,58,0.000,174,1256,1256
16,10,10,0,1,5,2126773637,BFS,1,4,26,15,0.000,15,1256,1256
16,10,10,0,1,5,2126773637,DFS,1,4,5,5,0.000,15,1256,1256
17,10,10,0,1,5,4016025574,BFS,1,6,55,16,0.000,16,1256,1256
17,10,10,0,1,5,4016025574,DFS,1,66,67,67,0.000,170,1256,1256
18,10,10,0,1,5,2176491566,BFS,1,3,16,9,0.000,9,1256,1256
18,10,10,0,1,5,2176491566,DFS,1,97,98,98,0.000,303,1256,1256
19,10,10,0,1,5,3242259604,BFS,1,8,53,10,0.000,25,1256,1256
19,10,10,0,1,5,3242259604,DFS,1,34,35,35,0.000,110,1256,1256
20,10,10,0,1,5,4279266800,BFS,1,2,12,10,0.000,4,1256,1256
20,10,10,0,1,5,4279266800,DFS,1,24,32,28,0.000,84,1256,1256
21,10,10,0,1,5,1980982803,BFS,1,13,94,10,0.000,55,1256,1256
21,10,10,0,1,5,1980982803,DFS,1,93,94,94,0.000,288,1256,1256
22,10,10,0,1,5,3624977275,BFS,1,13,97,11,0.000,48,1256,1256
22,10,10,0,1,5,3624977275,DFS,1,13,14,14,0.000,48,1256,1256
23,10,10,0,1,5,1768549822,BFS,1,11,94,13,0.000,36,1256,1256
23,10,10,0,1,5,1768549822,DFS,1,17,18,18,0.000,52,1256,1256
24,10,10,0,1,5,116182195,BFS,1,8,88,16,0.000,23,1256,1256
24,10,10,0,1,5,116182195,DFS,1,98,99,99,0.000,301,1256,1256
25,10,10,0,1,5,398404858,BFS,1,2,9,7,0.000,3,1256,1256
25,10,10,0,1,5,398404858,DFS,1,98,99,99,0.000,305,1256,1256
26,10,10,0,1,5,4092861099,BFS,1,6,57,16,0.000,12,1256,1256
26,10,10,0,1,5,4092861099,DFS,1,6,7,7,0.000,12,1256,1256
27,10,10,0,1,5,2358707800,BFS,1,5,39,14,0.000,13,1256,1256
27,10,10,0,1,5,2358707800,DFS,1,85,86,86,0.000,256,1256,1256
28,10,10,0,1,5,3031073342,BFS,1,4,41,19,0.000,12,1256,1256
28,10,10,0,1,5,3031073342,DFS,1,94,95,95,0.000,277,1256,1256
29,10,10,0,1,5,3729481713,BFS,1,6,42,12,0.000,18,1256,1256
29,10,10,0,1,5,3729481713,DFS,1,6,7,7,0.000,18,1256,1256
30,10,10,0,1,5,566419840,BFS,1,2,10,11,0.000,3,1256,1256
30,10,10,0,1,5,566419840,DFS,1,60,61,61,0.000,191,1256,1256
31,10,10,0,1,5,3503317065,BFS,1,3,10,7,0.000,7,1256,1256
31,10,10,0,1,5,3503317065,DFS,1,3,4,4,0.000,7,1256,1256
32,10,10,0,1,5,318120529,BFS,1,9,66,12,0.000,25,1256,1256
32,10,10,0,1,5,318120529,DFS,1,69,70,70,0.000,186,1256,1256
33,10,10,0,1,5,679846853,BFS,1,14,100,10,0.000,36,1256,1256
33,10,10,0,1,5,679846853,DFS,1,90,91,91,0.000,282,1256,1256
34,10,10,0,1,5,3996193628,BFS,1,7,78,19,0.000,28,1256,1256
34,10,10,0,1,5,3996193628,DFS,1,27,28,28,0.000,84,1256,1256
35,10,10,0,1,5,1951530222,BFS,1,11,88,11,0.000,33,1256,1256
35,10,10,0,1,5,1951530222,DFS,1,69,70,70,0.000,210,1256,1256
36,10,10,0,1,5,2861561746,BFS,1,4,27,15,0.000,10,1256,1256
36,10,10,0,1,5,2861561746,DFS,1,64,65,65,0.000,178,1256,1256
37,10,10,0,1,5,11373612,BFS,1,8,67,13,0.000,22,1256,1256
37,10,10,0,1,5,11373612,DFS,1,50,51,51,0.000,159,1256,1256
38,10,10,0,1,5,3447568205,BFS,1,8,70,12,0.000,18,1256,1256
38,10,10,0,1,5,3447568205,DFS,1,48,50,49,0.000,127,1256,1256
39,10,10,0,1,5,139338497,BFS,1,3,16,7,0.000,8,1256,1256
39,10,10,0,1,5,139338497,DFS,1,83,85,84,0.000,265,1256,1256
40,10,10,0,1,5,1214215532,BFS,1,7,84,19,0.000,24,1256,1256
40,10,10,0,1,5,1214215532,DFS,1,21,22,22,0.000,61,1256,1256
41,10,10,0,1,5,647806458,BFS,1,5,32,11,0.000,17,1256,1256
41,10,10,0,1,5,647806458,DFS,1,83,84,84,0.000,246,1256,1256
42,10,10,0,1,5,1098415010,BFS,1,3,15,13,0.000,13,1256,1256
42,10,10,0,1,5,1098415010,DFS,1,33,34,34,0.000,102,1256,1256
43,10,10,0,1,5,2446656174,BFS,1,14,89,10,0.000,47,1256,1256
43,10,10,0,1,5,2446656174,DFS,1,86,87,87,0.000,258,1256,1256
44,10,10,0,1,5,3734830099,BFS,1,3,13,9,0.000,5,1256,1256
44,10,10,0,1,5,3734830099,DFS,1,3,4,4,0.000,5,1256,1256
45,10,10,0,1,5,3492899250,BFS,1,4,33,10,0.000,13,1256,1256
45,10,10,0,1,5,3492899250,DFS,1,60,63,61,0.000,185,1256,1256
46,10,10,0,1,5,1682478127,BFS,1,9,76,12,0.000,18,1256,1256
46,10,10,0,1,5,1682478127,DFS,1,95,97,96,0.000,299,1256,1256
47,10,10,0,1,5,3255766999,BFS,1,6,42,11,0.000,15,1256,1256
47,10,10,0,1,5,3255766999,DFS,1,84,85,85,0.000,221,1256,1256
48,10,10,0,1,5,208374599,BFS,1,8,66,12,0.000,19,1256,1256
48,10,10,0,1,5,208374599,DFS,1,82,84,83,0.000,260,1256,1256
49,10,10,0,1,5,1454693038,BFS,1,3,13,8,0.000,10,1256,1256
49,10,10,0,1,5,1454693038,DFS,1,43,44,44,0.000,138,1256,1256
50,10,10,0,1,5,3286427331,BFS,1,6,46,12,0.000,19,1256,1256
50,10,10,0,1,5,3286427331,DFS,1,8,9,9,0.000,24,1256,1256
51,10,10,0,1,5,1949539238,BFS,1,7,63,12,0.000,20,1256,1256
51,10,10,0,1,5,1949539238,DFS,1,89,90,90,0.000,264,1256,1256
52,10,10,0,1,5,3942437419,BFS,1,5,27,10,0.000,11,1256,1256
52,10,10,0,1,5,3942437419,DFS,1,85,86,86,0.000,271,1256,1256
53,10,10,0,1,5,356606102,BFS,1,6,49,12,0.000,22,1256,1256
53,10,10,0,1,5,356606102,DFS,1,38,39,39,0.000,126,1256,1256
54,10,10,0,1,5,2077498045,BFS,1,7,36,9,0.000,17,1256,1256
54,10,10,0,1,5,2077498045,DFS,1,93,94,94,0.000,271,1256,1256
55,10,10,0,1,5,2238374170,BFS,1,13,99,11,0.000,43,1256,1256
55,10,10,0,1,5,2238374170,DFS,1,23,24,24,0.000,75,1256,1256
56,10,10,0,1,5,3834118361,BFS,1,5,43,17,0.000,22,1256,1256
56,10,10,0,1,5,3834118361,DFS,1,27,28,28,0.000,80,1256,1256
57,10,10,0,1,5,233441295,BFS,1,1,4,7,0.000,4,1256,1256
57,10,10,0,1,5,233441295,DFS,1,59,60,60,0.000,196,1256,1256
58,10,10,0,1,5,250052987,BFS,1,1,4,4,0.000,1,1256,1256
58,10,10,0,1,5,250052987,DFS,1,21,22,22,0.000,62,1256,1256
59,10,10,0,1,5,2189897364,BFS,1,6,58,16,0.000,15,1256,1256
59,10,10,0,1,5,2189897364,DFS,1,76,80,77,0.000,214,1256,1256
60,10,10,0,1,5,1776659343,BFS,1,10,96,15,0.000,31,1256,1256
60,10,10,0,1,5,1776659343,DFS,1,38,39,39,0.000,112,1256,1256
61,10,10,0,1,5,2394830630,BFS,1,13,87,11,0.000,34,1256,1256
61,10,10,0,1,5,2394830630,DFS,1,23,24,24,0.000,77,1256,1256
62,10,10,0,1,5,2196579760,BFS,1,10,90,14,0.000,29,1256,1256
62,10,10,0,1,5,2196579760,DFS,1,74,83,75,0.000,218,1256,1256
63,10,10,0,1,5,474223337,BFS,1,6,49,12,0.000,16,1256,1256
63,10,10,0,1,5,474223337,DFS,1,38,39,39,0.000,97,1256,1256
64,10,10,0,1,5,4135211190,BFS,1,8,88,16,0.000,28,1256,1256
64,10,10,0,1,5,4135211190,DFS,1,22,23,23,0.000,63,1256,1256
65,10,10,0,1,5,272639025,BFS,1,4,18,11,0.000,18,1256,1256
65,10,10,0,1,5,272639025,DFS,1,56,57,57,0.000,194,1256,1256
66,10,10,0,1,5,1232549866,BFS,1,9,63,10,0.000,26,1256,1256
66,10,10,0,1,5,1232549866,DFS,1,37,38,38,0.000,110,1256,1256
67,10,10,0,1,5,4215289719,BFS,1,7,47,11,0.000,26,1256,1256
67,10,10,0,1,5,4215289719,DFS,1,51,52,52,0.000,165,1256,1256
68,10,10,0,1,5,1041128457,BFS,1,4,23,8,0.000,12,1256,1256
68,10,10,0,1,5,1041128457,DFS,1,84,86,85,0.000,248,1256,1256
69,10,10,0,1,5,1122275492,BFS,1,7,57,14,0.000,22,1256,1256
69,10,10,0,1,5,1122275492,DFS,1,47,48,48,0.000,139,1256,1256
70,10,10,0,1,5,3148678872,BFS,1,5,51,17,0.000,19,1256,1256
70,10,10,0,1,5,3148678872,DFS,1,41,42,42,0.000,115,1256,1256
71,10,10,0,1,5,3377159409,BFS,1,6,33,9,0.000,15,1256,1256
71,10,10,0,1,5,3377159409,DFS,1,46,47,47,0.000,136,1256,1256
72,10,10,0,1,5,3139621471,BFS,1,4,29,12,0.000,12,1256,1256
72,10,10,0,1,5,3139621471,DFS,1,46,54,47,0.000,120,1256,1256
73,10,10,0,1,5,3310294806,BFS,1,9,84,14,0.000,31,1256,1256
73,10,10,0,1,5,3310294806,DFS,1,87,96,88,0.000,260,1256,1256
74,10,10,0,1,5,487533097,BFS,1,15,94,10,0.000,45,1256,1256
74,10,10,0,1,5,487533097,DFS,1,93,94,94,0.000,274,1256,1256
75,10,10,0,1,5,2042044667,BFS,1,9,56,11,0.000,25,1256,1256
75,10,10,0,1,5,2042044667,DFS,1,29,30,30,0.000,82,1256,1256
76,10,10,0,1,5,1963081178,BFS,1,7,64,13,0.000,19,1256,1256
76,10,10,0,1,5,1963081178,DFS,1,23,24,24,0.000,65,1256,1256
77,10,10,0,1,5,1963537478,BFS,1,10,63,10,0.000,29,1256,1256
77,10,10,0,1,5,1963537478,DFS,1,74,75,75,0.000,233,1256,1256
78,10,10,0,1,5,452853578,BFS,1,14,87,10,0.000,47,1256,1256
78,10,10,0,1,5,452853578,DFS,1,68,69,69,0.000,204,1256,1256
79,10,10,0,1,5,3888162055,BFS,1,3,16,14,0.000,7,1256,1256
79,10,10,0,1,5,3888162055,DFS,1,43,44,44,0.000,131,1256,1256
80,10,10,0,1,5,3381461197,BFS,1,9,93,14,0.000,22,1256,1256
80,10,10,0,1,5,3381461197,DFS,1,81,82,82,0.000,252,1256,1256
81,10,10,0,1,5,1356665530,BFS,1,4,22,8,0.000,12,1256,1256
81,10,10,0,1,5,1356665530,DFS,1,26,27,27,0.000,73,1256,1256
82,10,10,0,1,5,402613083,BFS,1,2,6,6,0.000,7,1256,1256
82,10,10,0,1,5,402613083,DFS,1,12,13,13,0.000,39,1256,1256
83,10,10,0,1,5,1486619605,BFS,1,7,72,17,0.000,15,1256,1256
83,10,10,0,1,5,1486619605,DFS,1,7,8,8,0.000,15,1256,1256
84,10,10,0,1,5,1427959789,BFS,1,15,93,10,0.000,49,1256,1256
84,10,10,0,1,5,1427959789,DFS,1,87,88,88,0.000,247,1256,1256
85,10,10,0,1,5,3902069803,BFS,1,4,25,11,0.000,11,1256,1256
85,10,10,0,1,5,3902069803,DFS,1,64,65,65,0.000,188,1256,1256
86,10,10,0,1,5,167037209,BFS,1,4,20,9,0.000,15,1256,1256
86,10,10,0,1,5,167037209,DFS,1,24,25,25,0.000,75,1256,1256
87,10,10,0,1,5,637999347,BFS,1,8,73,13,0.000,24,1256,1256
87,10,10,0,1,5,637999347,DFS,1,76,78,77,0.000,249,1256,1256
88,10,10,0,1,5,953037545,BFS,1,2,13,11,0.000,7,1256,1256
88,10,10,0,1,5,953037545,DFS,1,96,97,97,0.000,281,1256,1256
89,10,10,0,1,5,1698477068,BFS,1,6,60,18,0.000,20,1256,1256
89,10,10,0,1,5,1698477068,DFS,1,6,7,7,0.000,20,1256,1256
90,10,10,0,1,5,4232813008,BFS,1,3,20,14,0.000,7,1256,1256
90,10,10,0,1,5,4232813008,DFS,1,37,38,38,0.000,108,1256,1256
91,10,10,0,1,5,3468742917,BFS,1,7,43,10,0.000,25,1256,1256
91,10,10,0,1,5,3468742917,DFS,1,93,94,94,0.000,267,1256,1256
92,10,10,0,1,5,3414901504,BFS,1,6,34,11,0.000,25,1256,1256
92,10,10,0,1,5,3414901504,DFS,1,6,7,7,0.000,25,1256,1256
93,10,10,0,1,5,3263435737,BFS,1,2,13,11,0.000,10,1256,1256
93,10,10,0,1,5,3263435737,DFS,1,40,46,41,0.000,114,1256,1256
94,10,10,0,1,5,858777659,BFS,1,4,28,13,0.000,6,1256,1256
94,10,10,0,1,5,858777659,DFS,1,82,83,83,0.000,232,1256,1256
95,10,10,0,1,5,1630081382,BFS,1,1,5,8,0.000,5,1256,1256
95,10,10,0,1,5,1630081382,DFS,1,87,94,88,0.000,272,1256,1256
96,10,10,0,1,5,3208583828,BFS,1,3,15,7,0.000,10,1256,1256
96,10,10,0,1,5,3208583828,DFS,1,27,28,28,0.000,86,1256,1256
97,10,10,0,1,5,770724665,BFS,1,3,24,13,0.000,8,1256,1256
97,10,10,0,1,5,770724665,DFS,1,83,84,84,0.000,258,1256,1256
98,10,10,0,1,5,1302174153,BFS,1,7,53,12,0.000,21,1256,1256
98,10,10,0,1,5,1302174153,DFS,1,51,52,52,0.000,142,1256,1256
99,10,10,0,1,5,1860408800,BFS,1,4,25,13,0.000,16,1256,1256
99,10,10,0,1,5,1860408800,DFS,1,44,45,45,0.000,134,1256,1256
100,10,10,0,1,5,167773646,BFS,1,5,39,14,0.000,15,1256,1256
100,10,10,0,1,5,167773646,DFS,1,45,46,46,0.000,133,1256,1256
1,10,10,25,1,5,1840918524,BFS,1,6,34,11,0.000,16,1256,1256
1,10,10,25,1,5,1840918524,DFS,1,18,20,19,0.000,45,1256,1256
2,10,10,25,1,5,81115871,BFS,1,7,47,11,0.000,20,1256,1256
2,10,10,25,1,5,81115871,DFS,1,71,73,72,0.000,223,1256,1256
3,10,10,25,1,5,1602913742,BFS,1,5,30,11,0.000,13,1256,1256
3,10,10,25,1,5,1602913742,DFS,1,45,51,46,0.000,124,1256,1256
4,10,10,25,1,5,531319736,BFS,1,10,95,18,0.000,21,1256,1256
4,10,10,25,1,5,531319736,DFS,1,10,11,11,0.000,21,1256,1256
5,10,10,25,1,5,2273984586,BFS,1,7,83,19,0.000,22,1256,1256
5,10,10,25,1,5,2273984586,DFS,1,73,87,74,0.000,219,1256,1256
6,10,10,25,1,5,625454084,BFS,1,9,91,17,0.000,32,1256,1256
6,10,10,25,1,5,625454084,DFS,1,49,68,56,0.000,155,1256,1256
7,10,10,25,1,5,338745861,BFS,1,13,87,11,0.000,40,1256,1256
7,10,10,25,1,5,338745861,DFS,1,69,77,71,0.000,206,1256,1256
8,10,10,25,1,5,364403009,BFS,1,7,45,12,0.000,20,1256,1256
8,10,10,25,1,5,364403009,DFS,1,29,35,30,0.000,83,1256,1256
9,10,10,25,1,5,2004670716,BFS,1,3,16,13,0.000,9,1256,1256
9,10,10,25,1,5,2004670716,DFS,1,51,55,54,0.000,141,1256,1256
10,10,10,25,1,5,2177722925,BFS,1,4,25,16,0.000,13,1256,1256
10,10,10,25,1,5,2177722925,DFS,1,14,15,15,0.000,41,1256,1256
11,10,10,25,1,5,1462050588,BFS,1,5,28,11,0.000,19,1256,1256
11,10,10,25,1,5,1462050588,DFS,1,53,58,54,0.000,148,1256,1256
12,10,10,25,1,5,1105261740,BFS,1,7,57,13,0.000,26,1256,1256
12,10,10,25,1,5,1105261740,DFS,1,17,20,18,0.000,45,1256,1256
13,10,10,25,1,5,1814129694,BFS,1,16,94,10,0.000,54,1256,1256
13,10,10,25,1,5,1814129694,DFS,1,62,73,63,0.000,185,1256,1256
14,10,10,25,1,5,2911418391,BFS,1,8,58,10,0.000,22,1256,1256
14,10,10,25,1,5,2911418391,DFS,1,84,93,85,0.000,265,1256,1256
15,10,10,25,1,5,2764771108,BFS,1,1,3,5,0.000,5,1256,1256
15,10,10,25,1,5,2764771108,DFS,1,49,50,50,0.000,150,1256,1256
16,10,10,25,1,5,130107923,BFS,1,6,53,16,0.000,18,1256,1256
16,10,10,25,1,5,130107923,DFS,1,64,79,65,0.000,215,1256,1256
17,10,10,25,1,5,208005388,BFS,1,6,53,17,0.000,16,1256,1256
17,10,10,25,1,5,208005388,DFS,1,38,100,83,0.000,91,1256,1256
18,10,10,25,1,5,2548569643,BFS,1,3,15,8,0.000,9,1256,1256
18,10,10,25,1,5,2548569643,DFS,1,71,96,85,0.000,224,1256,1256
19,10,10,25,1,5,2112244989,BFS,1,8,44,11,0.000,34,1256,1256
19,10,10,25,1,5,2112244989,DFS,1,26,29,27,0.000,85,1256,1256
20,10,10,25,1,5,2016264357,BFS,1,2,12,10,0.000,2,1256,1256
20,10,10,25,1,5,2016264357,DFS,1,32,52,33,0.000,92,1256,1256
21,10,10,25,1,5,4265178582,BFS,1,13,91,12,0.000,39,1256,1256
21,10,10,25,1,5,4265178582,DFS,1,73,86,74,0.000,225,1256,1256
22,10,10,25,1,5,244233378,BFS,1,13,95,12,0.000,45,1256,1256
22,10,10,25,1,5,244233378,DFS,1,15,16,16,0.000,58,1256,1256
23,10,10,25,1,5,641967987,BFS,1,11,94,14,0.000,36,1256,1256
23,10,10,25,1,5,641967987,DFS,1,21,22,22,0.000,59,1256,1256
24,10,10,25,1,5,2172177048,BFS,1,8,88,17,0.000,24,1256,1256
24,10,10,25,1,5,2172177048,DFS,1,78,93,79,0.000,248,1256,1256
25,10,10,25,1,5,1960622967,BFS,1,2,4,3,0.000,3,1256,1256
25,10,10,25,1,5,1960622967,DFS,1,72,94,76,0.000,214,1256,1256
26,10,10,25,1,5,4088664924,BFS,1,6,54,18,0.000,19,1256,1256
26,10,10,25,1,5,4088664924,DFS,1,6,7,7,0.000,19,1256,1256
27,10,10,25,1,5,1938355499,BFS,1,7,58,15,0.000,19,1256,1256
27,10,10,25,1,5,1938355499,DFS,1,61,73,62,0.000,180,1256,1256
28,10,10,25,1,5,4133204282,BFS,1,6,63,21,0.000,20,1256,1256
28,10,10,25,1,5,4133204282,DFS,1,74,84,75,0.000,230,1256,1256
29,10,10,25,1,5,1617371042,BFS,1,6,39,11,0.000,20,1256,1256
29,10,10,25,1,5,1617371042,DFS,1,8,9,9,0.000,25,1256,1256
30,10,10,25,1,5,1119109535,BFS,1,2,9,9,0.000,3,1256,1256
30,10,10,25,1,5,1119109535,DFS,1,48,53,49,0.000,152,1256,1256
31,10,10,25,1,5,3290086551,BFS,1,5,17,11,0.000,13,1256,1256
31,10,10,25,1,5,3290086551,DFS,1,45,51,46,0.000,125,1256,1256
32,10,10,25,1,5,1206171539,BFS,1,9,54,14,0.000,23,1256,1256
32,10,10,25,1,5,1206171539,DFS,1,59,64,60,0.000,161,1256,1256
33,10,10,25,1,5,2447507333,BFS,1,14,98,11,0.000,36,1256,1256
33,10,10,25,1,5,2447507333,DFS,1,92,99,93,0.000,285,1256,1256
34,10,10,25,1,5,1257374662,BFS,1,7,78,18,0.000,23,1256,1256
34,10,10,25,1,5,1257374662,DFS,1,13,14,14,0.000,45,1256,1256
35,10,10,25,1,5,2393765527,BFS,1,11,87,11,1.000,33,1256,1256
35,10,10,25,1,5,2393765527,DFS,1,73,87,74,0.000,226,1256,1256
36,10,10,25,1,5,1219346121,BFS,1,4,22,15,0.000,10,1256,1256
36,10,10,25,1,5,1219346121,DFS,1,66,74,67,0.000,193,1256,1256
37,10,10,25,1,5,3804358042,BFS,1,8,67,13,0.000,23,1256,1256
37,10,10,25,1,5,3804358042,DFS,1,36,43,38,0.000,102,1256,1256
38,10,10,25,1,5,3965121858,BFS,1,10,85,13,0.000,24,1256,1256
38,10,10,25,1,5,3965121858,DFS,1,46,53,47,0.000,130,1256,1256
39,10,10,25,1,5,2755580676,BFS,1,3,13,6,0.000,8,1256,1256
39,10,10,25,1,5,2755580676,DFS,1,69,73,70,0.000,222,1256,1256
40,10,10,25,1,5,3682826101,BFS,1,7,76,19,0.000,24,1256,1256
40,10,10,25,1,5,3682826101,DFS,1,31,33,32,0.000,92,1256,1256
41,10,10,25,1,5,1961912216,BFS,1,5,22,9,0.000,19,1256,1256
41,10,10,25,1,5,1961912216,DFS,1,73,81,74,0.000,217,1256,1256
42,10,10,25,1,5,1035813065,BFS,1,3,11,11,0.000,12,1256,1256
42,10,10,25,1,5,1035813065,DFS,1,3,4,4,0.000,12,1256,1256
43,10,10,25,1,5,377897373,BFS,1,14,88,10,0.000,34,1256,1256
43,10,10,25,1,5,377897373,DFS,1,72,83,73,0.000,218,1256,1256
44,10,10,25,1,5,700565906,BFS,1,3,13,8,0.000,5,1256,1256
44,10,10,25,1,5,700565906,DFS,1,3,4,4,0.000,5,1256,1256
45,10,10,25,1,5,4001665317,BFS,1,4,31,10,0.000,13,1256,1256
45,10,10,25,1,5,4001665317,DFS,1,48,49,49,0.000,145,1256,1256
46,10,10,25,1,5,2099183204,BFS,1,11,87,12,0.000,28,1256,1256
46,10,10,25,1,5,2099183204,DFS,1,81,86,82,0.000,254,1256,1256
47,10,10,25,1,5,2935620455,BFS,1,6,41,10,0.000,15,1256,1256
47,10,10,25,1,5,2935620455,DFS,1,32,42,33,0.000,84,1256,1256
48,10,10,25,1,5,2442457807,BFS,1,8,68,12,0.000,21,1256,1256
48,10,10,25,1,5,2442457807,DFS,1,68,79,69,0.000,204,1256,1256
49,10,10,25,1,5,1076979918,BFS,1,3,12,7,0.000,10,1256,1256
49,10,10,25,1,5,1076979918,DFS,1,29,33,30,0.000,93,1256,1256
50,10,10,25,1,5,3710910273,BFS,1,6,40,12,0.000,19,1256,1256
50,10,10,25,1,5,3710910273,DFS,1,8,9,9,0.000,24,1256,1256
51,10,10,25,1,5,460703551,BFS,1,9,68,12,0.000,29,1256,1256
51,10,10,25,1,5,460703551,DFS,1,67,84,70,0.000,196,1256,1256
52,10,10,25,1,5,1588105041,BFS,1,5,25,10,0.000,11,1256,1256
52,10,10,25,1,5,1588105041,DFS,1,71,82,72,1.000,238,1256,1256
53,10,10,25,1,5,1304634140,BFS,1,8,68,12,0.000,21,1256,1256
53,10,10,25,1,5,1304634140,DFS,1,34,37,35,0.000,109,1256,1256
54,10,10,25,1,5,344999183,BFS,1,7,34,9,0.000,17,1256,1256
54,10,10,25,1,5,344999183,DFS,1,77,85,78,0.000,223,1256,1256
55,10,10,25,1,5,1847422444,BFS,1,13,99,14,0.000,42,1256,1256
55,10,10,25,1,5,1847422444,DFS,1,23,24,24,0.000,72,1256,1256
56,10,10,25,1,5,3828727145,BFS,1,5,42,17,0.000,22,1256,1256
56,10,10,25,1,5,3828727145,DFS,1,13,15,14,0.000,46,1256,1256
57,10,10,25,1,5,2031785904,BFS,1,1,4,6,0.000,4,1256,1256
57,10,10,25,1,5,2031785904,DFS,1,43,49,47,0.000,132,1256,1256
58,10,10,25,1,5,2820516008,BFS,1,1,4,4,0.000,1,1256,1256
58,10,10,25,1,5,2820516008,DFS,1,35,38,36,0.000,104,1256,1256
59,10,10,25,1,5,2408770799,BFS,1,6,52,18,0.000,15,1256,1256
59,10,10,25,1,5,2408770799,DFS,1,46,53,47,0.000,133,1256,1256
60,10,10,25,1,5,749113932,BFS,1,10,96,16,0.000,33,1256,1256
60,10,10,25,1,5,749113932,DFS,1,42,44,43,0.000,134,1256,1256
61,10,10,25,1,5,385983216,BFS,1,13,86,12,0.000,38,1256,1256
61,10,10,25,1,5,385983216,DFS,1,25,26,26,0.000,79,1256,1256
62,10,10,25,1,5,635648105,BFS,1,10,88,14,0.000,26,1256,1256
62,10,10,25,1,5,635648105,DFS,1,64,88,65,0.000,196,1256,1256
63,10,10,25,1,5,970232750,BFS,1,6,49,12,0.000,16,1256,1256
63,10,10,25,1,5,970232750,DFS,1,28,29,29,0.000,73,1256,1256
64,10,10,25,1,5,1891577041,BFS,1,8,88,16,0.000,28,1256,1256
64,10,10,25,1,5,1891577041,DFS,1,26,27,27,0.000,75,1256,1256
65,10,10,25,1,5,2719773847,BFS,1,6,32,13,0.000,17,1256,1256
65,10,10,25,1,5,2719773847,DFS,1,18,50,41,0.000,56,1256,1256
66,10,10,25,1,5,2630826067,BFS,1,9,53,10,0.000,22,1256,1256
66,10,10,25,1,5,2630826067,DFS,1,61,68,62,0.000,175,1256,1256
67,10,10,25,1,5,3371947552,BFS,1,7,46,11,0.000,26,1256,1256
67,10,10,25,1,5,3371947552,DFS,1,67,72,68,0.000,208,1256,1256
68,10,10,25,1,5,1008980734,BFS,1,6,32,11,0.000,20,1256,1256
68,10,10,25,1,5,1008980734,DFS,1,80,85,81,0.000,243,1256,1256
69,10,10,25,1,5,1926760446,BFS,1,7,56,14,0.000,22,1256,1256
69,10,10,25,1,5,1926760446,DFS,1,7,8,8,0.000,22,1256,1256
70,10,10,25,1,5,872786640,BFS,1,5,42,18,0.000,19,1256,1256
70,10,10,25,1,5,872786640,DFS,1,35,42,36,0.000,100,1256,1256
71,10,10,25,1,5,474854784,BFS,1,6,33,9,0.000,15,1256,1256
71,10,10,25,1,5,474854784,DFS,1,46,49,47,0.000,138,1256,1256
72,10,10,25,1,5,4092092653,BFS,1,4,27,11,0.000,9,1256,1256
72,10,10,25,1,5,4092092653,DFS,1,46,63,51,0.000,125,1256,1256
73,10,10,25,1,5,791243603,BFS,1,9,79,14,0.000,27,1256,1256
73,10,10,25,1,5,791243603,DFS,1,67,70,68,0.000,202,1256,1256
74,10,10,25,1,5,3441304627,BFS,1,15,94,11,0.000,42,1256,1256
74,10,10,25,1,5,3441304627,DFS,1,57,97,68,0.000,175,1256,1256
75,10,10,25,1,5,1543858074,BFS,1,9,54,12,0.000,26,1256,1256
75,10,10,25,1,5,1543858074,DFS,1,15,16,16,0.000,45,1256,1256
76,10,10,25,1,5,1088643269,BFS,1,7,61,13,0.000,27,1256,1256
76,10,10,25,1,5,1088643269,DFS,1,15,18,16,0.000,44,1256,1256
77,10,10,25,1,5,3280435978,BFS,1,10,61,10,0.000,28,1256,1256
77,10,10,25,1,5,3280435978,DFS,1,68,77,69,0.000,215,1256,1256
78,10,10,25,1,5,1784463572,BFS,1,14,87,10,0.000,42,1256,1256
78,10,10,25,1,5,1784463572,DFS,1,52,57,53,0.000,154,1256,1256
79,10,10,25,1,5,10669963,BFS,1,3,13,12,0.000,7,1256,1256
79,10,10,25,1,5,10669963,DFS,1,37,42,38,0.000,115,1256,1256
80,10,10,25,1,5,1955223462,BFS,1,9,93,15,0.000,27,1256,1256
80,10,10,25,1,5,1955223462,DFS,1,79,90,80,0.000,240,1256,1256
81,10,10,25,1,5,1123241354,BFS,1,4,22,7,0.000,12,1256,1256
81,10,10,25,1,5,1123241354,DFS,1,28,29,29,0.000,75,1256,1256
82,10,10,25,1,5,3159847677,BFS,1,2,4,2,0.000,7,1256,1256
82,10,10,25,1,5,3159847677,DFS,1,2,3,3,0.000,7,1256,1256
83,10,10,25,1,5,2358075382,BFS,1,7,73,19,0.000,19,1256,1256
83,10,10,25,1,5,2358075382,DFS,1,23,24,24,0.000,63,1256,1256
84,10,10,25,1,5,538335850,BFS,1,15,91,13,0.000,51,1256,1256
84,10,10,25,1,5,538335850,DFS,1,51,62,52,0.000,148,1256,1256
85,10,10,25,1,5,2013176063,BFS,1,4,23,10,0.000,11,1256,1256
85,10,10,25,1,5,2013176063,DFS,1,50,52,51,0.000,139,1256,1256
86,10,10,25,1,5,4286055321,BFS,1,4,19,10,0.000,15,1256,1256
86,10,10,25,1,5,4286055321,DFS,1,24,27,25,0.000,82,1256,1256
87,10,10,25,1,5,3988251051,BFS,1,8,70,13,0.000,24,1256,1256
87,10,10,25,1,5,3988251051,DFS,1,80,85,81,0.000,258,1256,1256
88,10,10,25,1,5,3324592280,BFS,1,4,29,13,0.000,12,1256,1256
88,10,10,25,1,5,3324592280,DFS,1,62,95,68,0.000,195,1256,1256
89,10,10,25,1,5,2324067032,BFS,1,6,60,20,0.000,20,1256,1256
89,10,10,25,1,5,2324067032,DFS,1,8,9,9,0.000,27,1256,1256
90,10,10,25,1,5,2679795799,BFS,1,3,17,11,0.000,7,1256,1256
90,10,10,25,1,5,2679795799,DFS,1,27,29,28,0.000,77,1256,1256
91,10,10,25,1,5,1358863534,BFS,1,9,61,11,0.000,30,1256,1256
91,10,10,25,1,5,1358863534,DFS,1,91,97,92,0.000,268,1256,1256
92,10,10,25,1,5,1473074648,BFS,1,8,53,12,0.000,22,1256,1256
92,10,10,25,1,5,1473074648,DFS,1,8,95,72,0.000,22,1256,1256
93,10,10,25,1,5,3981966154,BFS,1,2,11,12,0.000,10,1256,1256
93,10,10,25,1,5,3981966154,DFS,1,38,48,39,0.000,114,1256,1256
94,10,10,25,1,5,1253761349,BFS,1,4,26,12,0.000,10,1256,1256
94,10,10,25,1,5,1253761349,DFS,1,68,80,69,0.000,194,1256,1256
95,10,10,25,1,5,1260472958,BFS,1,1,4,6,0.000,5,1256,1256
95,10,10,25,1,5,1260472958,DFS,1,79,87,80,0.000,248,1256,1256
96,10,10,25,1,5,3098402701,BFS,1,3,11,6,0.000,8,1256,1256
96,10,10,25,1,5,3098402701,DFS,1,19,23,20,0.000,56,1256,1256
97,10,10,25,1,5,719096624,BFS,1,3,22,13,0.000,8,1256,1256
97,10,10,25,1,5,719096624,DFS,1,11,12,12,0.000,33,1256,1256
98,10,10,25,1,5,383371664,BFS,1,7,46,11,0.000,21,1256,1256
98,10,10,25,1,5,383371664,DFS,1,41,42,42,0.000,113,1256,1256
99,10,10,25,1,5,1721545791,BFS,1,4,22,13,0.000,16,1256,1256
99,10,10,25,1,5,1721545791,DFS,1,34,47,41,0.000,103,1256,1256
100,10,10,25,1,5,1805264151,BFS,1,5,38,15,0.000,15,1256,1256
100,10,10,25,1,5,1805264151,DFS,1,49,54,50,0.000,151,1256,1256
1,10,10,50,1,5,2748775487,BFS,1,6,34,11,0.000,16,1256,1256
1,10,10,50,1,5,2748775487,DFS,1,26,34,29,0.000,55,1256,1256
2,10,10,50,1,5,364201107,BFS,1,7,45,11,0.000,22,1256,1256
2,10,10,50,1,5,364201107,DFS,1,35,87,57,0.000,111,1256,1256
3,10,10,50,1,5,2289728064,BFS,1,5,22,8,0.000,13,1256,1256
3,10,10,50,1,5,2289728064,DFS,1,53,85,73,0.000,152,1256,1256
4,10,10,50,1,5,3539908935,BFS,1,12,100,15,0.000,32,1256,1256
4,10,10,50,1,5,3539908935,DFS,1,14,15,15,0.000,37,1256,1256
5,10,10,50,1,5,463604675,BFS,1,7,69,17,0.000,25,1256,1256
5,10,10,50,1,5,463604675,DFS,1,51,56,52,0.000,154,1256,1256
6,10,10,50,1,5,2726861216,BFS,1,9,80,15,0.000,32,1256,1256
6,10,10,50,1,5,2726861216,DFS,1,55,75,62,0.000,176,1256,1256
7,10,10,50,1,5,776315995,BFS,1,13,85,11,0.000,36,1256,1256
7,10,10,50,1,5,776315995,DFS,1,55,65,56,0.000,151,1256,1256
8,10,10,50,1,5,356338036,BFS,1,7,22,9,0.000,20,1256,1256
8,10,10,50,1,5,356338036,DFS,1,15,19,16,0.000,43,1256,1256
9,10,10,50,1,5,688861081,BFS,1,5,16,9,0.000,20,1256,1256
9,10,10,50,1,5,688861081,DFS,1,31,52,43,0.000,83,1256,1256
10,10,10,50,1,5,881265178,BFS,1,6,40,16,0.000,15,1256,1256
10,10,10,50,1,5,881265178,DFS,1,16,17,17,0.000,45,1256,1256
11,10,10,50,1,5,2423971365,BFS,1,7,45,12,0.000,20,1256,1256
11,10,10,50,1,5,2423971365,DFS,1,33,40,34,0.000,93,1256,1256
12,10,10,50,1,5,391150350,BFS,1,9,71,14,0.000,19,1256,1256
12,10,10,50,1,5,391150350,DFS,1,33,37,34,0.000,97,1256,1256
13,10,10,50,1,5,175780904,BFS,1,16,93,11,0.000,54,1256,1256
13,10,10,50,1,5,175780904,DFS,1,72,90,74,0.000,230,1256,1256
14,10,10,50,1,5,521167689,BFS,1,8,55,10,0.000,22,1256,1256
14,10,10,50,1,5,521167689,DFS,1,58,74,59,0.000,165,1256,1256
15,10,10,50,1,5,1753719727,BFS,1,1,3,4,0.000,5,1256,1256
15,10,10,50,1,5,1753719727,DFS,1,47,58,48,0.000,144,1256,1256
16,10,10,50,1,5,100789796,BFS,1,6,49,18,0.000,19,1256,1256
16,10,10,50,1,5,100789796,DFS,1,60,85,61,0.000,190,1256,1256
17,10,10,50,1,5,1691733466,BFS,1,8,60,14,0.000,23,1256,1256
17,10,10,50,1,5,1691733466,DFS,1,40,47,41,0.000,109,1256,1256
18,10,10,50,1,5,546415775,BFS,1,3,15,8,0.000,9,1256,1256
18,10,10,50,1,5,546415775,DFS,1,51,84,67,0.000,163,1256,1256
19,10,10,50,1,5,283289281,BFS,1,10,46,13,0.000,41,1256,1256
19,10,10,50,1,5,283289281,DFS,1,66,70,67,0.000,215,1256,1256
20,10,10,50,1,5,3499233195,BFS,1,2,12,9,0.000,2,1256,1256
20,10,10,50,1,5,3499233195,DFS,1,34,54,35,0.000,108,1256,1256
21,10,10,50,1,5,2964944081,BFS,1,15,94,13,0.000,53,1256,1256
21,10,10,50,1,5,2964944081,DFS,1,47,96,66,0.000,151,1256,1256
22,10,10,50,1,5,2372072313,BFS,1,13,90,12,0.000,38,1256,1256
22,10,10,50,1,5,2372072313,DFS,1,61,90,64,0.000,178,1256,1256
23,10,10,50,1,5,453068781,BFS,1,13,93,12,0.000,37,1256,1256
23,10,10,50,1,5,453068781,DFS,1,53,84,63,0.000,160,1256,1256
24,10,10,50,1,5,512416690,BFS,1,8,79,15,0.000,24,1256,1256
24,10,10,50,1,5,512416690,DFS,1,40,98,68,0.000,117,1256,1256
25,10,10,50,1,5,3659539322,BFS,1,6,24,10,0.000,16,1256,1256
25,10,10,50,1,5,3659539322,DFS,1,64,94,80,0.000,202,1256,1256
26,10,10,50,1,5,1358092652,BFS,1,8,84,19,0.000,20,1256,1256
26,10,10,50,1,5,1358092652,DFS,1,10,11,11,0.000,28,1256,1256
27,10,10,50,1,5,1386692417,BFS,1,7,49,12,0.000,19,1256,1256
27,10,10,50,1,5,1386692417,DFS,1,31,37,32,0.000,99,1256,1256
28,10,10,50,1,5,1106186913,BFS,1,6,48,22,0.000,20,1256,1256
28,10,10,50,1,5,1106186913,DFS,1,50,67,52,0.000,139,1256,1256
29,10,10,50,1,5,447735445,BFS,1,8,51,13,0.000,25,1256,1256
29,10,10,50,1,5,447735445,DFS,1,8,9,9,0.000,25,1256,1256
30,10,10,50,1,5,3534810773,BFS,1,2,5,5,0.000,3,1256,1256
30,10,10,50,1,5,3534810773,DFS,1,34,40,35,0.000,106,1256,1256
31,10,10,50,1,5,678079637,BFS,1,7,25,9,0.000,21,1256,1256
31,10,10,50,1,5,678079637,DFS,1,51,73,60,0.000,150,1256,1256
32,10,10,50,1,5,1010119900,BFS,1,9,46,11,0.000,18,1256,1256
32,10,10,50,1,5,1010119900,DFS,1,45,46,46,0.000,123,1256,1256
33,10,10,50,1,5,893949209,BFS,1,14,81,9,0.000,36,1256,1256
33,10,10,50,1,5,893949209,DFS,1,72,81,73,0.000,227,1256,1256
34,10,10,50,1,5,3662383709,BFS,1,7,66,22,0.000,23,1256,1256
34,10,10,50,1,5,3662383709,DFS,1,39,91,80,0.000,120,1256,1256
35,10,10,50,1,5,2587476759,BFS,1,15,100,14,0.000,45,1256,1256
35,10,10,50,1,5,2587476759,DFS,1,69,87,75,0.000,219,1256,1256
36,10,10,50,1,5,2803663013,BFS,1,6,32,14,0.000,26,1256,1256
36,10,10,50,1,5,2803663013,DFS,1,10,11,11,0.000,21,1256,1256
37,10,10,50,1,5,312388448,BFS,1,10,79,11,0.000,26,1256,1256
37,10,10,50,1,5,312388448,DFS,1,18,23,19,0.000,56,1256,1256
38,10,10,50,1,5,3253080629,BFS,1,12,87,11,0.000,31,1256,1256
38,10,10,50,1,5,3253080629,DFS,1,36,43,37,0.000,105,1256,1256
39,10,10,50,1,5,1060522390,BFS,1,3,10,6,0.000,8,1256,1256
39,10,10,50,1,5,1060522390,DFS,1,57,80,58,0.000,184,1256,1256
40,10,10,50,1,5,753276133,BFS,1,11,83,15,0.000,32,1256,1256
40,10,10,50,1,5,753276133,DFS,1,39,42,40,0.000,116,1256,1256
41,10,10,50,1,5,743531091,BFS,1,5,19,7,0.000,23,1256,1256
41,10,10,50,1,5,743531091,DFS,1,69,75,70,0.000,211,1256,1256
42,10,10,50,1,5,2801177020,BFS,1,3,9,9,0.000,12,1256,1256
42,10,10,50,1,5,2801177020,DFS,1,3,4,4,0.000,12,1256,1256
43,10,10,50,1,5,2011709401,BFS,1,16,94,11,0.000,43,1256,1256
43,10,10,50,1,5,2011709401,DFS,1,42,76,43,0.000,122,1256,1256
44,10,10,50,1,5,1733740751,BFS,1,5,25,10,0.000,15,1256,1256
44,10,10,50,1,5,1733740751,DFS,1,5,6,6,0.000,15,1256,1256
45,10,10,50,1,5,562899875,BFS,1,6,36,12,0.000,15,1256,1256
45,10,10,50,1,5,562899875,DFS,1,50,54,51,0.000,152,1256,1256
46,10,10,50,1,5,710653972,BFS,1,13,91,11,0.000,33,1256,1256
46,10,10,50,1,5,710653972,DFS,1,61,75,62,0.000,188,1256,1256
47,10,10,50,1,5,2776165365,BFS,1,8,49,9,0.000,24,1256,1256
47,10,10,50,1,5,2776165365,DFS,1,62,72,63,0.000,162,1256,1256
48,10,10,50,1,5,889972664,BFS,1,10,70,13,0.000,26,1256,1256
48,10,10,50,1,5,889972664,DFS,1,74,95,75,0.000,234,1256,1256
49,10,10,50,1,5,3697213627,BFS,1,5,26,11,0.000,19,1256,1256
49,10,10,50,1,5,3697213627,DFS,1,43,54,44,0.000,142,1256,1256
50,10,10,50,1,5,3859856902,BFS,1,6,31,10,0.000,19,1256,1256
50,10,10,50,1,5,3859856902,DFS,1,8,13,9,0.000,22,1256,1256
51,10,10,50,1,5,901219737,BFS,1,9,54,11,0.000,33,1256,1256
51,10,10,50,1,5,901219737,DFS,1,71,81,72,0.000,207,1256,1256
52,10,10,50,1,5,790894170,BFS,1,7,40,11,0.000,18,1256,1256
52,10,10,50,1,5,790894170,DFS,1,55,64,56,0.000,182,1256,1256
53,10,10,50,1,5,2056767912,BFS,1,10,72,12,0.000,30,1256,1256
53,10,10,50,1,5,2056767912,DFS,1,28,31,29,0.000,100,1256,1256
54,10,10,50,1,5,1958163023,BFS,1,7,34,9,0.000,17,1256,1256
54,10,10,50,1,5,1958163023,DFS,1,75,89,77,0.000,214,1256,1256
55,10,10,50,1,5,2951572016,BFS,1,13,92,11,0.000,44,1256,1256
55,10,10,50,1,5,2951572016,DFS,1,29,34,30,0.000,96,1256,1256
56,10,10,50,1,5,2849506838,BFS,1,11,63,17,0.000,41,1256,1256
56,10,10,50,1,5,2849506838,DFS,1,31,36,32,0.000,95,1256,1256
57,10,10,50,1,5,1520127467,BFS,1,5,30,12,0.000,19,1256,1256
57,10,10,50,1,5,1520127467,DFS,1,11,12,12,0.000,36,1256,1256
58,10,10,50,1,5,4099218354,BFS,1,1,3,4,0.000,1,1256,1256
58,10,10,50,1,5,4099218354,DFS,1,33,41,34,0.000,95,1256,1256
59,10,10,50,1,5,42346922,BFS,1,6,39,16,0.000,18,1256,1256
59,10,10,50,1,5,42346922,DFS,1,36,47,38,0.000,114,1256,1256
60,10,10,50,1,5,976854941,BFS,1,10,93,15,0.000,33,1256,1256
60,10,10,50,1,5,976854941,DFS,1,62,72,63,0.000,178,1256,1256
61,10,10,50,1,5,2924272954,BFS,1,13,75,9,0.000,35,1256,1256
61,10,10,50,1,5,2924272954,DFS,1,33,34,34,0.000,98,1256,1256
62,10,10,50,1,5,972881814,BFS,1,12,89,12,0.000,31,1256,1256
62,10,10,50,1,5,972881814,DFS,1,60,81,63,0.000,182,1256,1256
63,10,10,50,1,5,118410667,BFS,1,8,63,11,0.000,24,1256,1256
63,10,10,50,1,5,118410667,DFS,1,28,33,29,0.000,70,1256,1256
64,10,10,50,1,5,947910513,BFS,1,8,74,15,0.000,30,1256,1256
64,10,10,50,1,5,947910513,DFS,1,22,23,23,0.000,70,1256,1256
65,10,10,50,1,5,1973649473,BFS,1,6,16,8,0.000,20,1256,1256
65,10,10,50,1,5,1973649473,DFS,1,22,44,29,0.000,62,1256,1256
66,10,10,50,1,5,440936273,BFS,1,11,55,15,0.000,35,1256,1256
66,10,10,50,1,5,440936273,DFS,1,69,88,70,0.000,212,1256,1256
67,10,10,50,1,5,2008928874,BFS,1,7,36,10,0.000,26,1256,1256
67,10,10,50,1,5,2008928874,DFS,1,45,52,46,0.000,129,1256,1256
68,10,10,50,1,5,4035894293,BFS,1,6,26,9,0.000,20,1256,1256
68,10,10,50,1,5,4035894293,DFS,1,62,85,63,0.000,178,1256,1256
69,10,10,50,1,5,2017400534,BFS,1,9,71,13,0.000,29,1256,1256
69,10,10,50,1,5,2017400534,DFS,1,45,52,46,0.000,136,1256,1256
70,10,10,50,1,5,4071323345,BFS,1,5,24,12,0.000,19,1256,1256
70,10,10,50,1,5,4071323345,DFS,1,29,35,31,0.000,91,1256,1256
71,10,10,50,1,5,2031946073,BFS,1,6,32,8,0.000,15,1256,1256
71,10,10,50,1,5,2031946073,DFS,1,48,61,49,0.000,151,1256,1256
72,10,10,50,1,5,3849384782,BFS,1,4,20,10,0.000,9,1256,1256
72,10,10,50,1,5,3849384782,DFS,1,46,59,47,0.000,129,1256,1256
73,10,10,50,1,5,758740599,BFS,1,9,72,13,0.000,27,1256,1256
73,10,10,50,1,5,758740599,DFS,1,49,88,67,0.000,146,1256,1256
74,10,10,50,1,5,1268341189,BFS,1,15,94,11,0.000,42,1256,1256
74,10,10,50,1,5,1268341189,DFS,1,53,91,65,0.000,156,1256,1256
75,10,10,50,1,5,3330815066,BFS,1,9,51,10,0.000,26,1256,1256
75,10,10,50,1,5,3330815066,DFS,1,13,16,14,0.000,39,1256,1256
76,10,10,50,1,5,658051637,BFS,1,9,80,14,0.000,30,1256,1256
76,10,10,50,1,5,658051637,DFS,1,15,18,16,0.000,44,1256,1256
77,10,10,50,1,5,1379442858,BFS,1,14,86,11,0.000,35,1256,1256
77,10,10,50,1,5,1379442858,DFS,1,72,78,73,0.000,220,1256,1256
78,10,10,50,1,5,3264964899,BFS,1,14,83,11,0.000,44,1256,1256
78,10,10,50,1,5,3264964899,DFS,1,60,68,61,0.000,170,1256,1256
79,10,10,50,1,5,2303354724,BFS,1,3,14,13,0.000,11,1256,1256
79,10,10,50,1,5,2303354724,DFS,1,33,42,34,0.000,105,1256,1256
80,10,10,50,1,5,633085906,BFS,1,11,93,15,0.000,36,1256,1256
80,10,10,50,1,5,633085906,DFS,1,63,78,64,0.000,199,1256,1256
81,10,10,50,1,5,707983354,BFS,1,4,20,7,0.000,8,1256,1256
81,10,10,50,1,5,707983354,DFS,1,24,31,27,0.000,67,1256,1256
82,10,10,50,1,5,1287092169,BFS,1,10,20,7,0.000,25,1256,1256
82,10,10,50,1,5,1287092169,DFS,1,10,12,11,0.000,25,1256,1256
83,10,10,50,1,5,784815280,BFS,1,7,53,15,0.000,20,1256,1256
83,10,10,50,1,5,784815280,DFS,1,7,8,8,0.000,20,1256,1256
84,10,10,50,1,5,4272273654,BFS,1,15,91,11,0.000,42,1256,1256
84,10,10,50,1,5,4272273654,DFS,1,53,58,54,0.000,147,1256,1256
85,10,10,50,1,5,4282293583,BFS,1,4,17,8,0.000,11,1256,1256
85,10,10,50,1,5,4282293583,DFS,1,44,46,45,0.000,118,1256,1256
86,10,10,50,1,5,588285478,BFS,1,6,16,5,0.000,18,1256,1256
86,10,10,50,1,5,588285478,DFS,1,32,37,34,0.000,104,1256,1256
87,10,10,50,1,5,1044680779,BFS,1,8,55,12,0.000,26,1256,1256
87,10,10,50,1,5,1044680779,DFS,1,60,78,61,0.000,193,1256,1256
88,10,10,50,1,5,2650295942,BFS,1,4,28,10,0.000,11,1256,1256
88,10,10,50,1,5,2650295942,DFS,1,28,91,49,0.000,83,1256,1256
89,10,10,50,1,5,1729778505,BFS,1,8,65,14,0.000,28,1256,1256
89,10,10,50,1,5,1729778505,DFS,1,38,96,71,0.000,122,1256,1256
90,10,10,50,1,5,1637698434,BFS,1,5,34,15,0.000,14,1256,1256
90,10,10,50,1,5,1637698434,DFS,1,19,20,20,0.000,56,1256,1256
91,10,10,50,1,5,489756879,BFS,1,11,72,11,0.000,36,1256,1256
91,10,10,50,1,5,489756879,DFS,1,69,99,73,0.000,197,1256,1256
92,10,10,50,1,5,2872149649,BFS,1,10,46,12,0.000,33,1256,1256
92,10,10,50,1,5,2872149649,DFS,1,18,96,69,0.000,64,1256,1256
93,10,10,50,1,5,3671798659,BFS,1,2,11,11,0.000,10,1256,1256
93,10,10,50,1,5,3671798659,DFS,1,30,31,31,0.000,85,1256,1256
94,10,10,50,1,5,3902836387,BFS,1,4,24,11,0.000,10,1256,1256
94,10,10,50,1,5,3902836387,DFS,1,58,86,69,0.000,165,1256,1256
95,10,10,50,1,5,2629677382,BFS,1,1,4,5,0.000,5,1256,1256
95,10,10,50,1,5,2629677382,DFS,1,61,81,62,0.000,185,1256,1256
96,10,10,50,1,5,866984142,BFS,1,7,23,7,0.000,21,1256,1256
96,10,10,50,1,5,866984142,DFS,1,19,23,20,0.000,61,1256,1256
97,10,10,50,1,5,1107953363,BFS,1,3,19,11,0.000,8,1256,1256
97,10,10,50,1,5,1107953363,DFS,1,7,9,8,0.000,24,1256,1256
98,10,10,50,1,5,979598275,BFS,1,9,53,11,0.000,23,1256,1256
98,10,10,50,1,5,979598275,DFS,1,47,51,48,0.000,133,1256,1256
99,10,10,50,1,5,3078038033,BFS,1,6,39,12,0.000,20,1256,1256
99,10,10,50,1,5,3078038033,DFS,1,38,53,41,0.000,112,1256,1256
100,10,10,50,1,5,721372737,BFS,1,7,52,12,0.000,16,1256,1256
100,10,10,50,1,5,721372737,DFS,1,35,54,48,0.000,100,1256,1256
1,10,10,75,1,5,3080709668,BFS,1,6,28,8,0.000,21,1256,1256
1,10,10,75,1,5,3080709668,DFS,1,8,9,9,0.000,27,1256,1256
2,10,10,75,1,5,2149645180,BFS,1,7,40,9,0.000,22,1256,1256
2,10,10,75,1,5,2149645180,DFS,1,35,86,53,0.000,118,1256,1256
3,10,10,75,1,5,607503666,BFS,1,7,27,5,0.000,25,1256,1256
3,10,10,75,1,5,607503666,DFS,1,23,62,38,0.000,62,1256,1256
4,10,10,75,1,5,1755178493,BFS,1,16,97,11,0.000,40,1256,1256
4,10,10,75,1,5,1755178493,DFS,1,16,17,17,0.000,40,1256,1256
5,10,10,75,1,5,3607638880,BFS,1,13,93,14,0.000,40,1256,1256
5,10,10,75,1,5,3607638880,DFS,1,21,71,56,0.000,63,1256,1256
6,10,10,75,1,5,2891085880,BFS,1,15,93,11,0.000,53,1256,1256
6,10,10,75,1,5,2891085880,DFS,1,51,67,52,0.000,159,1256,1256
7,10,10,75,1,5,986460644,BFS,1,13,74,10,0.000,36,1256,1256
7,10,10,75,1,5,986460644,DFS,1,31,52,42,0.000,79,1256,1256
8,10,10,75,1,5,3799773086,BFS,1,7,19,8,0.000,21,1256,1256
8,10,10,75,1,5,3799773086,DFS,1,15,19,16,0.000,43,1256,1256
9,10,10,75,1,5,2097598689,BFS,1,11,22,6,0.000,36,1256,1256
9,10,10,75,1,5,2097598689,DFS,1,45,86,48,0.000,116,1256,1256
10,10,10,75,1,5,1734668626,BFS,1,8,44,10,0.000,21,1256,1256
10,10,10,75,1,5,1734668626,DFS,1,50,52,51,0.000,145,1256,1256
11,10,10,75,1,5,1329118741,BFS,1,35,96,5,0.000,98,1256,1256
11,10,10,75,1,5,1329118741,DFS,1,55,57,56,0.000,149,1256,1256
12,10,10,75,1,5,3589826320,BFS,1,9,59,12,0.000,19,1256,1256
12,10,10,75,1,5,3589826320,DFS,1,9,21,10,0.000,19,1256,1256
13,10,10,75,1,5,74829456,BFS,1,18,67,9,0.000,60,1256,1256
13,10,10,75,1,5,74829456,DFS,1,44,52,46,0.000,139,1256,1256
14,10,10,75,1,5,2828953535,BFS,1,16,54,9,0.000,52,1256,1256
14,10,10,75,1,5,2828953535,DFS,1,62,84,69,0.000,189,1256,1256
15,10,10,75,1,5,1631574487,BFS,1,1,2,1,0.000,5,1256,1256
15,10,10,75,1,5,1631574487,DFS,1,1,2,2,0.000,5,1256,1256
16,10,10,75,1,5,3795643173,BFS,1,6,36,14,0.000,24,1256,1256
16,10,10,75,1,5,3795643173,DFS,1,28,30,29,0.000,88,1256,1256
17,10,10,75,1,5,2953115801,BFS,1,8,35,11,0.000,26,1256,1256
17,10,10,75,1,5,2953115801,DFS,1,12,14,13,0.000,33,1256,1256
18,10,10,75,1,5,3703275291,BFS,1,3,12,7,0.000,9,1256,1256
18,10,10,75,1,5,3703275291,DFS,1,57,76,66,0.000,175,1256,1256
19,10,10,75,1,5,1693325186,BFS,1,10,43,11,0.000,41,1256,1256
19,10,10,75,1,5,1693325186,DFS,1,44,72,45,0.000,157,1256,1256
20,10,10,75,1,5,1062713587,BFS,1,2,12,8,0.000,2,1256,1256
20,10,10,75,1,5,1062713587,DFS,1,34,44,35,0.000,111,1256,1256
21,10,10,75,1,5,2003507603,BFS,1,25,97,10,0.000,88,1256,1256
21,10,10,75,1,5,2003507603,DFS,1,37,62,43,0.000,125,1256,1256
22,10,10,75,1,5,1246948997,BFS,1,15,88,11,0.000,39,1256,1256
22,10,10,75,1,5,1246948997,DFS,1,53,66,58,0.000,148,1256,1256
23,10,10,75,1,5,2275004981,BFS,1,15,93,13,0.000,47,1256,1256
23,10,10,75,1,5,2275004981,DFS,1,25,32,26,0.000,86,1256,1256
24,10,10,75,1,5,2149632056,BFS,1,8,34,8,0.000,24,1256,1256
24,10,10,75,1,5,2149632056,DFS,1,52,90,63,0.000,161,1256,1256
25,10,10,75,1,5,1976490587,BFS,1,10,44,10,0.000,30,1256,1256
25,10,10,75,1,5,1976490587,DFS,1,72,93,73,0.000,227,1256,1256
26,10,10,75,1,5,1105583708,BFS,1,12,34,7,0.000,34,1256,1256
26,10,10,75,1,5,1105583708,DFS,1,12,13,13,0.000,34,1256,1256
27,10,10,75,1,5,75399024,BFS,1,11,65,8,0.000,27,1256,1256
27,10,10,75,1,5,75399024,DFS,1,29,48,45,0.000,71,1256,1256
28,10,10,75,1,5,277542600,BFS,1,10,68,15,0.000,31,1256,1256
28,10,10,75,1,5,277542600,DFS,1,56,75,57,0.000,167,1256,1256
29,10,10,75,1,5,4184168745,BFS,1,8,38,8,0.000,25,1256,1256
29,10,10,75,1,5,4184168745,DFS,1,8,9,9,0.000,25,1256,1256
30,10,10,75,1,5,1590995111,BFS,1,2,3,1,0.000,3,1256,1256
30,10,10,75,1,5,1590995111,DFS,1,2,3,3,0.000,3,1256,1256
31,10,10,75,1,5,1055494501,BFS,1,11,37,6,0.000,39,1256,1256
31,10,10,75,1,5,1055494501,DFS,1,47,72,52,0.000,136,1256,1256
32,10,10,75,1,5,1952695345,BFS,1,13,40,9,0.000,35,1256,1256
32,10,10,75,1,5,1952695345,DFS,1,13,14,14,0.000,35,1256,1256
33,10,10,75,1,5,1699843050,BFS,1,16,81,9,0.000,46,1256,1256
33,10,10,75,1,5,1699843050,DFS,1,58,81,59,0.000,182,1256,1256
34,10,10,75,1,5,3010465995,BFS,1,7,56,17,0.000,20,1256,1256
34,10,10,75,1,5,3010465995,DFS,1,31,36,32,0.000,88,1256,1256
35,10,10,75,1,5,1292453993,BFS,1,15,68,12,0.000,41,1256,1256
35,10,10,75,1,5,1292453993,DFS,1,43,72,44,0.000,129,1256,1256
36,10,10,75,1,5,1167317866,BFS,1,6,25,14,0.000,26,1256,1256
36,10,10,75,1,5,1167317866,DFS,1,10,11,11,0.000,21,1256,1256
37,10,10,75,1,5,2129372258,BFS,1,12,71,10,0.000,35,1256,1256
37,10,10,75,1,5,2129372258,DFS,1,12,18,13,0.000,35,1256,1256
38,10,10,75,1,5,3513707250,BFS,1,16,89,10,0.000,41,1256,1256
38,10,10,75,1,5,3513707250,DFS,1,38,47,39,0.000,104,1256,1256
39,10,10,75,1,5,3179279414,BFS,1,3,10,5,0.000,8,1256,1256
39,10,10,75,1,5,3179279414,DFS,1,9,12,11,0.000,23,1256,1256
40,10,10,75,1,5,3581765959,BFS,1,11,39,12,0.000,24,1256,1256
40,10,10,75,1,5,3581765959,DFS,1,21,66,50,0.000,55,1256,1256
41,10,10,75,1,5,1147203330,BFS,1,5,17,7,0.000,23,1256,1256
41,10,10,75,1,5,1147203330,DFS,1,57,69,58,0.000,167,1256,1256
42,10,10,75,1,5,1512260514,BFS,1,3,7,5,0.000,12,1256,1256
42,10,10,75,1,5,1512260514,DFS,1,3,4,4,0.000,12,1256,1256
43,10,10,75,1,5,3528032355,BFS,1,18,56,10,0.000,50,1256,1256
43,10,10,75,1,5,3528032355,DFS,1,32,34,33,0.000,93,1256,1256
44,10,10,75,1,5,2801928398,BFS,1,5,10,3,0.000,14,1256,1256
44,10,10,75,1,5,2801928398,DFS,1,5,6,6,0.000,14,1256,1256
45,10,10,75,1,5,772231728,BFS,1,6,31,8,0.000,14,1256,1256
45,10,10,75,1,5,772231728,DFS,1,50,58,51,0.000,142,1256,1256
46,10,10,75,1,5,2176601021,BFS,1,13,84,13,0.000,38,1256,1256
46,10,10,75,1,5,2176601021,DFS,1,27,52,31,0.000,84,1256,1256
47,10,10,75,1,5,1212819923,BFS,1,8,35,7,0.000,24,1256,1256
47,10,10,75,1,5,1212819923,DFS,1,54,89,55,0.000,155,1256,1256
48,10,10,75,1,5,4179817493,BFS,1,10,62,10,0.000,29,1256,1256
48,10,10,75,1,5,4179817493,DFS,1,54,81,59,0.000,179,1256,1256
49,10,10,75,1,5,1357617428,BFS,1,5,25,8,0.000,19,1256,1256
49,10,10,75,1,5,1357617428,DFS,1,25,32,26,0.000,81,1256,1256
50,10,10,75,1,5,3902692669,BFS,1,8,35,9,0.000,27,1256,1256
50,10,10,75,1,5,3902692669,DFS,1,10,16,13,0.000,30,1256,1256
51,10,10,75,1,5,2657058691,BFS,1,11,48,7,0.000,36,1256,1256
51,10,10,75,1,5,2657058691,DFS,1,43,55,47,0.000,121,1256,1256
52,10,10,75,1,5,569480190,BFS,1,11,43,9,0.000,30,1256,1256
52,10,10,75,1,5,569480190,DFS,1,47,69,48,0.000,158,1256,1256
53,10,10,75,1,5,4284693350,BFS,1,12,61,8,0.000,33,1256,1256
53,10,10,75,1,5,4284693350,DFS,1,42,95,64,0.000,133,1256,1256
54,10,10,75,1,5,2717297404,BFS,1,7,28,9,0.000,17,1256,1256
54,10,10,75,1,5,2717297404,DFS,1,59,76,60,0.000,159,1256,1256
55,10,10,75,1,5,1262461937,BFS,1,13,76,10,0.000,40,1256,1256
55,10,10,75,1,5,1262461937,DFS,1,31,36,32,0.000,101,1256,1256
56,10,10,75,1,5,1285129735,BFS,1,15,28,5,0.000,55,1256,1256
56,10,10,75,1,5,1285129735,DFS,1,15,16,16,0.000,55,1256,1256
57,10,10,75,1,5,726846565,BFS,1,5,22,9,0.000,19,1256,1256
57,10,10,75,1,5,726846565,DFS,1,11,12,12,0.000,36,1256,1256
58,10,10,75,1,5,270450072,BFS,1,1,2,1,0.000,1,1256,1256
58,10,10,75,1,5,270450072,DFS,1,1,2,2,0.000,1,1256,1256
59,10,10,75,1,5,3385138402,BFS,1,6,29,13,0.000,13,1256,1256
59,10,10,75,1,5,3385138402,DFS,1,36,82,37,0.000,106,1256,1256
60,10,10,75,1,5,3765435051,BFS,1,10,71,12,0.000,36,1256,1256
60,10,10,75,1,5,3765435051,DFS,1,56,78,61,0.000,159,1256,1256
61,10,10,75,1,5,3122024070,BFS,1,15,83,10,0.000,51,1256,1256
61,10,10,75,1,5,3122024070,DFS,1,33,34,34,0.000,98,1256,1256
62,10,10,75,1,5,1606562544,BFS,1,24,98,9,0.000,73,1256,1256
62,10,10,75,1,5,1606562544,DFS,1,48,72,55,0.000,146,1256,1256
63,10,10,75,1,5,794082347,BFS,1,10,67,10,0.000,22,1256,1256
63,10,10,75,1,5,794082347,DFS,1,28,33,29,0.000,75,1256,1256
64,10,10,75,1,5,3427031604,BFS,1,34,96,5,0.000,87,1256,1256
64,10,10,75,1,5,3427031604,DFS,1,56,64,58,0.000,154,1256,1256
65,10,10,75,1,5,532723750,BFS,1,6,9,5,0.000,24,1256,1256
65,10,10,75,1,5,532723750,DFS,1,16,100,40,0.000,55,1256,1256
66,10,10,75,1,5,747173096,BFS,1,11,44,9,0.000,35,1256,1256
66,10,10,75,1,5,747173096,DFS,1,35,64,43,0.000,96,1256,1256
67,10,10,75,1,5,1060322153,BFS,1,15,77,9,0.000,42,1256,1256
67,10,10,75,1,5,1060322153,DFS,1,35,43,36,0.000,108,1256,1256
68,10,10,75,1,5,1346057896,BFS,1,6,16,5,0.000,20,1256,1256
68,10,10,75,1,5,1346057896,DFS,1,54,95,65,0.000,163,1256,1256
69,10,10,75,1,5,3426230336,BFS,1,11,49,11,0.000,36,1256,1256
69,10,10,75,1,5,3426230336,DFS,1,31,95,70,0.000,95,1256,1256
70,10,10,75,1,5,1787065510,BFS,1,5,18,11,0.000,19,1256,1256
70,10,10,75,1,5,1787065510,DFS,1,41,84,66,0.000,121,1256,1256
71,10,10,75,1,5,3871145661,BFS,1,6,27,8,0.000,15,1256,1256
71,10,10,75,1,5,3871145661,DFS,1,54,69,55,0.000,158,1256,1256
72,10,10,75,1,5,1680382126,BFS,1,16,68,8,0.000,46,1256,1256
72,10,10,75,1,5,1680382126,DFS,1,32,43,33,0.000,82,1256,1256
73,10,10,75,1,5,3521916429,BFS,1,9,30,7,0.000,26,1256,1256
73,10,10,75,1,5,3521916429,DFS,1,15,23,19,0.000,45,1256,1256
74,10,10,75,1,5,756399417,BFS,1,25,53,11,0.000,69,1256,1256
74,10,10,75,1,5,756399417,DFS,1,35,38,36,0.000,102,1256,1256
75,10,10,75,1,5,588051380,BFS,1,11,40,9,0.000,29,1256,1256
75,10,10,75,1,5,588051380,DFS,1,15,18,16,0.000,42,1256,1256
76,10,10,75,1,5,3165763377,BFS,1,9,55,12,0.000,30,1256,1256
76,10,10,75,1,5,3165763377,DFS,1,37,38,38,0.000,117,1256,1256
77,10,10,75,1,5,1163038062,BFS,1,14,70,10,0.000,45,1256,1256
77,10,10,75,1,5,1163038062,DFS,1,62,92,63,0.000,198,1256,1256
78,10,10,75,1,5,1785535903,BFS,1,14,80,11,0.000,46,1256,1256
78,10,10,75,1,5,1785535903,DFS,1,38,63,39,0.000,112,1256,1256
79,10,10,75,1,5,3997206094,BFS,1,5,14,7,0.000,14,1256,1256
79,10,10,75,1,5,3997206094,DFS,1,55,64,58,0.000,166,1256,1256
80,10,10,75,1,5,2256255052,BFS,1,15,90,11,0.000,46,1256,1256
80,10,10,75,1,5,2256255052,DFS,1,41,78,64,0.000,125,1256,1256
81,10,10,75,1,5,871639979,BFS,1,4,17,5,0.000,11,1256,1256
81,10,10,75,1,5,871639979,DFS,1,18,21,19,0.000,48,1256,1256
82,10,10,75,1,5,13997717,BFS,1,10,19,3,0.000,25,1256,1256
82,10,10,75,1,5,13997717,DFS,1,10,12,11,0.000,25,1256,1256
83,10,10,75,1,5,1601953869,BFS,1,13,88,12,0.000,36,1256,1256
83,10,10,75,1,5,1601953869,DFS,1,65,72,66,0.000,206,1256,1256
84,10,10,75,1,5,1309717098,BFS,1,15,86,10,0.000,45,1256,1256
84,10,10,75,1,5,1309717098,DFS,1,61,80,62,0.000,187,1256,1256
85,10,10,75,1,5,2681098695,BFS,1,4,17,8,0.000,11,1256,1256
85,10,10,75,1,5,2681098695,DFS,1,52,64,53,0.000,148,1256,1256
86,10,10,75,1,5,111291672,BFS,1,8,11,2,0.000,21,1256,1256
86,10,10,75,1,5,111291672,DFS,1,28,31,29,0.000,85,1256,1256
87,10,10,75,1,5,752478860,BFS,1,14,89,11,0.000,46,1256,1256
87,10,10,75,1,5,752478860,DFS,1,48,91,57,0.000,169,1256,1256
88,10,10,75,1,5,1314199331,BFS,1,8,46,11,0.000,21,1256,1256
88,10,10,75,1,5,1314199331,DFS,1,16,19,17,0.000,46,1256,1256
89,10,10,75,1,5,2922467952,BFS,1,14,64,14,0.000,48,1256,1256
89,10,10,75,1,5,2922467952,DFS,1,52,89,78,0.000,171,1256,1256
90,10,10,75,1,5,3074899258,BFS,1,7,33,9,0.000,16,1256,1256
90,10,10,75,1,5,3074899258,DFS,1,19,20,20,0.000,56,1256,1256
91,10,10,75,1,5,558404612,BFS,1,11,53,7,0.000,36,1256,1256
91,10,10,75,1,5,558404612,DFS,1,49,91,66,0.000,136,1256,1256
92,10,10,75,1,5,3927277718,BFS,1,20,94,16,0.000,61,1256,1256
92,10,10,75,1,5,3927277718,DFS,1,20,21,21,0.000,61,1256,1256
93,10,10,75,1,5,2277367359,BFS,1,2,6,4,0.000,10,1256,1256
93,10,10,75,1,5,2277367359,DFS,1,30,38,31,0.000,96,1256,1256
94,10,10,75,1,5,3314036097,BFS,1,4,6,3,0.000,10,1256,1256
94,10,10,75,1,5,3314036097,DFS,1,4,5,5,0.000,10,1256,1256
95,10,10,75,1,5,1958078097,BFS,1,3,11,8,0.000,8,1256,1256
95,10,10,75,1,5,1958078097,DFS,1,55,84,61,0.000,178,1256,1256
96,10,10,75,1,5,1820117117,BFS,1,7,15,5,0.000,21,1256,1256
96,10,10,75,1,5,1820117117,DFS,1,11,12,12,0.000,36,1256,1256
97,10,10,75,1,5,2495012937,BFS,1,3,11,9,0.000,8,1256,1256
97,10,10,75,1,5,2495012937,DFS,1,11,97,66,0.000,39,1256,1256
98,10,10,75,1,5,4269907736,BFS,1,11,43,10,0.000,29,1256,1256
98,10,10,75,1,5,4269907736,DFS,1,47,65,48,0.000,133,1256,1256
99,10,10,75,1,5,2782910468,BFS,1,10,59,10,0.000,38,1256,1256
99,10,10,75,1,5,2782910468,DFS,1,50,60,51,0.000,153,1256,1256
100,10,10,75,1,5,4276830671,BFS,1,15,76,9,0.000,44,1256,1256
100,10,10,75,1,5,4276830671,DFS,1,53,60,54,0.000,165,1256,1256
1,10,10,100,1,5,1006362047,BFS,1,8,9,1,0.000,27,1256,1256
1,10,10,100,1,5,1006362047,DFS,1,8,9,9,0.000,27,1256,1256
2,10,10,100,1,5,2964380281,BFS,1,47,71,3,0.000,151,1256,1256
2,10,10,100,1,5,2964380281,DFS,1,47,89,61,0.000,151,1256,1256
3,10,10,100,1,5,926477450,BFS,1,7,8,1,0.000,25,1256,1256
3,10,10,100,1,5,926477450,DFS,1,7,8,8,0.000,25,1256,1256
4,10,10,100,1,5,1164791034,BFS,1,22,28,4,0.000,61,1256,1256
4,10,10,100,1,5,1164791034,DFS,1,22,23,23,0.000,61,1256,1256
5,10,10,100,1,5,3616201309,BFS,1,37,49,3,0.000,107,1256,1256
5,10,10,100,1,5,3616201309,DFS,1,37,86,66,0.000,107,1256,1256
6,10,10,100,1,5,3851094211,BFS,1,31,32,1,0.000,109,1256,1256
6,10,10,100,1,5,3851094211,DFS,1,31,32,32,0.000,109,1256,1256
7,10,10,100,1,5,2777451939,BFS,1,27,31,3,0.000,88,1256,1256
7,10,10,100,1,5,2777451939,DFS,1,27,45,39,0.000,88,1256,1256
8,10,10,100,1,5,3512825587,BFS,1,45,66,3,0.000,125,1256,1256
8,10,10,100,1,5,3512825587,DFS,1,45,51,46,0.000,125,1256,1256
9,10,10,100,1,5,2808197540,BFS,1,63,86,3,0.000,174,1256,1256
9,10,10,100,1,5,2808197540,DFS,1,63,69,64,0.000,174,1256,1256
10,10,10,100,1,5,1380344789,BFS,1,54,73,3,0.000,162,1256,1256
10,10,10,100,1,5,1380344789,DFS,1,54,56,55,0.000,162,1256,1256
11,10,10,100,1,5,2359071009,BFS,1,43,68,3,0.000,118,1256,1256
11,10,10,100,1,5,2359071009,DFS,1,43,51,44,0.000,118,1256,1256
12,10,10,100,1,5,3667301121,BFS,1,57,76,5,0.000,181,1256,1256
12,10,10,100,1,5,3667301121,DFS,1,57,89,64,1.000,181,1256,1256
13,10,10,100,1,5,610530376,BFS,1,40,44,2,0.000,132,1256,1256
13,10,10,100,1,5,610530376,DFS,1,40,44,41,0.000,132,1256,1256
14,10,10,100,1,5,949421691,BFS,1,54,88,5,0.000,167,1256,1256
14,10,10,100,1,5,949421691,DFS,1,54,60,56,0.000,167,1256,1256
15,10,10,100,1,5,1882756900,BFS,1,1,2,1,0.000,5,1256,1256
15,10,10,100,1,5,1882756900,DFS,1,1,2,2,0.000,5,1256,1256
16,10,10,100,1,5,1181443952,BFS,1,50,71,3,0.000,149,1256,1256
16,10,10,100,1,5,1181443952,DFS,1,50,58,51,0.000,149,1256,1256
17,10,10,100,1,5,3484894429,BFS,1,44,69,5,0.000,110,1256,1256
17,10,10,100,1,5,3484894429,DFS,1,44,81,54,0.000,110,1256,1256
18,10,10,100,1,5,4138194891,BFS,1,55,84,4,0.000,180,1256,1256
18,10,10,100,1,5,4138194891,DFS,1,55,92,67,0.000,180,1256,1256
19,10,10,100,1,5,4204106972,BFS,1,56,82,4,0.000,193,1256,1256
19,10,10,100,1,5,4204106972,DFS,1,56,81,58,0.000,193,1256,1256
20,10,10,100,1,5,258377510,BFS,1,46,61,3,0.000,145,1256,1256
20,10,10,100,1,5,258377510,DFS,1,46,70,57,0.000,145,1256,1256
21,10,10,100,1,5,2342536580,BFS,1,45,52,2,0.000,147,1256,1256
21,10,10,100,1,5,2342536580,DFS,1,45,49,46,0.000,147,1256,1256
22,10,10,100,1,5,4061048441,BFS,1,29,32,2,0.000,88,1256,1256
22,10,10,100,1,5,4061048441,DFS,1,29,30,30,0.000,88,1256,1256
23,10,10,100,1,5,2205274984,BFS,1,51,96,4,0.000,151,1256,1256
23,10,10,100,1,5,2205274984,DFS,1,51,59,53,0.000,151,1256,1256
24,10,10,100,1,5,3323017883,BFS,1,16,19,2,0.000,43,1256,1256
24,10,10,100,1,5,3323017883,DFS,1,16,100,74,0.000,43,1256,1256
25,10,10,100,1,5,4150043880,BFS,1,64,93,4,0.000,200,1256,1256
25,10,10,100,1,5,4150043880,DFS,1,64,93,65,0.000,200,1256,1256
26,10,10,100,1,5,3764582262,BFS,1,16,18,2,0.000,44,1256,1256
26,10,10,100,1,5,3764582262,DFS,1,16,17,17,0.000,44,1256,1256
27,10,10,100,1,5,553133224,BFS,1,51,58,2,0.000,155,1256,1256
27,10,10,100,1,5,553133224,DFS,1,51,53,52,0.000,155,1256,1256
28,10,10,100,1,5,964097026,BFS,1,36,47,3,0.000,106,1256,1256
28,10,10,100,1,5,964097026,DFS,1,36,61,46,0.000,106,1256,1256
29,10,10,100,1,5,2510821295,BFS,1,48,67,2,0.000,147,1256,1256
29,10,10,100,1,5,2510821295,DFS,1,48,57,49,0.000,147,1256,1256
30,10,10,100,1,5,3945667912,BFS,1,2,3,1,0.000,3,1256,1256
30,10,10,100,1,5,3945667912,DFS,1,2,3,3,0.000,3,1256,1256
31,10,10,100,1,5,3180335238,BFS,1,37,54,3,0.000,115,1256,1256
31,10,10,100,1,5,3180335238,DFS,1,37,69,56,0.000,115,1256,1256
32,10,10,100,1,5,1680088808,BFS,1,13,14,1,0.000,33,1256,1256
32,10,10,100,1,5,1680088808,DFS,1,13,14,14,0.000,33,1256,1256
33,10,10,100,1,5,2715914638,BFS,1,48,57,3,0.000,139,1256,1256
33,10,10,100,1,5,2715914638,DFS,1,48,75,64,0.000,139,1256,1256
34,10,10,100,1,5,3304018083,BFS,1,53,95,5,0.000,157,1256,1256
34,10,10,100,1,5,3304018083,DFS,1,53,56,54,0.000,157,1256,1256
35,10,10,100,1,5,51354510,BFS,1,19,32,4,0.000,57,1256,1256
35,10,10,100,1,5,51354510,DFS,1,19,31,20,0.000,57,1256,1256
36,10,10,100,1,5,1464889723,BFS,1,22,25,2,0.000,70,1256,1256
36,10,10,100,1,5,1464889723,DFS,1,22,23,23,0.000,70,1256,1256
37,10,10,100,1,5,2963811899,BFS,1,58,84,5,0.000,174,1256,1256
37,10,10,100,1,5,2963811899,DFS,1,58,63,59,0.000,174,1256,1256
38,10,10,100,1,5,3949083671,BFS,1,32,39,2,0.000,100,1256,1256
38,10,10,100,1,5,3949083671,DFS,1,32,39,33,0.000,100,1256,1256
39,10,10,100,1,5,14606111,BFS,1,79,100,3,0.000,239,1256,1256
39,10,10,100,1,5,14606111,DFS,1,79,87,80,0.000,239,1256,1256
40,10,10,100,1,5,4134777647,BFS,1,23,29,2,0.000,76,1256,1256
40,10,10,100,1,5,4134777647,DFS,1,23,24,24,0.000,76,1256,1256
41,10,10,100,1,5,1813434860,BFS,1,37,62,5,0.000,113,1256,1256
41,10,10,100,1,5,1813434860,DFS,1,37,76,50,0.000,113,1256,1256
42,10,10,100,1,5,2558123290,BFS,1,25,27,2,0.000,80,1256,1256
42,10,10,100,1,5,2558123290,DFS,1,25,26,26,0.000,80,1256,1256
43,10,10,100,1,5,3622063970,BFS,1,28,31,2,0.000,82,1256,1256
43,10,10,100,1,5,3622063970,DFS,1,28,29,29,0.000,82,1256,1256
44,10,10,100,1,5,3984652433,BFS,1,57,73,4,0.000,175,1256,1256
44,10,10,100,1,5,3984652433,DFS,1,57,65,58,0.000,175,1256,1256
45,10,10,100,1,5,4062162266,BFS,1,68,92,4,0.000,199,1256,1256
45,10,10,100,1,5,4062162266,DFS,1,68,80,69,0.000,199,1256,1256
46,10,10,100,1,5,3695585244,BFS,1,27,33,2,0.000,88,1256,1256
46,10,10,100,1,5,3695585244,DFS,1,27,72,56,0.000,88,1256,1256
47,10,10,100,1,5,2981408881,BFS,1,28,32,2,0.000,82,1256,1256
47,10,10,100,1,5,2981408881,DFS,1,28,32,29,0.000,82,1256,1256
48,10,10,100,1,5,562137446,BFS,1,12,13,1,0.000,35,1256,1256
48,10,10,100,1,5,562137446,DFS,1,12,13,13,0.000,35,1256,1256
49,10,10,100,1,5,3085638141,BFS,1,13,14,1,0.000,48,1256,1256
49,10,10,100,1,5,3085638141,DFS,1,13,14,14,0.000,48,1256,1256
50,10,10,100,1,5,3626573725,BFS,1,58,92,4,0.000,176,1256,1256
50,10,10,100,1,5,3626573725,DFS,1,58,75,59,0.000,176,1256,1256
51,10,10,100,1,5,1298258437,BFS,1,11,13,2,0.000,43,1256,1256
51,10,10,100,1,5,1298258437,DFS,1,11,16,15,0.000,43,1256,1256
52,10,10,100,1,5,2094054950,BFS,1,51,65,4,0.000,173,1256,1256
52,10,10,100,1,5,2094054950,DFS,1,51,55,52,0.000,173,1256,1256
53,10,10,100,1,5,2829858448,BFS,1,32,39,2,0.000,104,1256,1256
53,10,10,100,1,5,2829858448,DFS,1,32,35,33,0.000,104,1256,1256
54,10,10,100,1,5,635289398,BFS,1,21,22,2,0.000,58,1256,1256
54,10,10,100,1,5,635289398,DFS,1,21,22,22,0.000,58,1256,1256
55,10,10,100,1,5,88823881,BFS,1,41,56,2,0.000,145,1256,1256
55,10,10,100,1,5,88823881,DFS,1,41,68,52,0.000,145,1256,1256
56,10,10,100,1,5,2460796419,BFS,1,15,16,1,0.000,55,1256,1256
56,10,10,100,1,5,2460796419,DFS,1,15,16,16,0.000,55,1256,1256
57,10,10,100,1,5,373278096,BFS,1,55,77,3,0.000,176,1256,1256
57,10,10,100,1,5,373278096,DFS,1,55,59,56,0.000,176,1256,1256
58,10,10,100,1,5,3384452671,BFS,1,1,2,1,0.000,1,1256,1256
58,10,10,100,1,5,3384452671,DFS,1,1,2,2,0.000,1,1256,1256
59,10,10,100,1,5,3908908347,BFS,1,54,74,4,0.000,139,1256,1256
59,10,10,100,1,5,3908908347,DFS,1,54,57,55,0.000,139,1256,1256
60,10,10,100,1,5,2610349299,BFS,1,30,33,2,0.000,97,1256,1256
60,10,10,100,1,5,2610349299,DFS,1,30,31,31,0.000,97,1256,1256
61,10,10,100,1,5,1034568074,BFS,1,53,81,4,0.000,154,1256,1256
61,10,10,100,1,5,1034568074,DFS,1,53,68,59,0.000,154,1256,1256
62,10,10,100,1,5,565513558,BFS,1,44,72,3,0.000,129,1256,1256
62,10,10,100,1,5,565513558,DFS,1,44,74,60,0.000,129,1256,1256
63,10,10,100,1,5,3079293135,BFS,1,36,40,2,0.000,91,1256,1256
63,10,10,100,1,5,3079293135,DFS,1,36,40,37,0.000,91,1256,1256
64,10,10,100,1,5,153116120,BFS,1,70,91,4,0.000,206,1256,1256
64,10,10,100,1,5,153116120,DFS,1,70,77,71,0.000,206,1256,1256
65,10,10,100,1,5,1159373524,BFS,1,32,52,3,0.000,88,1256,1256
65,10,10,100,1,5,1159373524,DFS,1,32,33,33,0.000,88,1256,1256
66,10,10,100,1,5,329119125,BFS,1,57,70,3,0.000,161,1256,1256
66,10,10,100,1,5,329119125,DFS,1,57,65,58,0.000,161,1256,1256
67,10,10,100,1,5,2792875576,BFS,1,49,77,4,0.000,147,1256,1256
67,10,10,100,1,5,2792875576,DFS,1,49,75,50,0.000,147,1256,1256
68,10,10,100,1,5,1270253433,BFS,1,8,9,1,0.000,27,1256,1256
68,10,10,100,1,5,1270253433,DFS,1,8,9,9,0.000,27,1256,1256
69,10,10,100,1,5,1026422456,BFS,1,55,70,3,0.000,155,1256,1256
69,10,10,100,1,5,1026422456,DFS,1,55,58,56,0.000,155,1256,1256
70,10,10,100,1,5,2829318338,BFS,1,5,6,1,0.000,18,1256,1256
70,10,10,100,1,5,2829318338,DFS,1,5,6,6,0.000,18,1256,1256
71,10,10,100,1,5,3286205991,BFS,1,64,91,3,0.000,191,1256,1256
71,10,10,100,1,5,3286205991,DFS,1,64,75,65,0.000,191,1256,1256
72,10,10,100,1,5,2498960773,BFS,1,36,37,2,0.000,101,1256,1256
72,10,10,100,1,5,2498960773,DFS,1,36,37,37,0.000,101,1256,1256
73,10,10,100,1,5,1424339002,BFS,1,51,70,3,0.000,162,1256,1256
73,10,10,100,1,5,1424339002,DFS,1,51,69,55,0.000,162,1256,1256
74,10,10,100,1,5,2856341607,BFS,1,27,32,2,0.000,75,1256,1256
74,10,10,100,1,5,2856341607,DFS,1,27,29,28,0.000,75,1256,1256
75,10,10,100,1,5,2150605042,BFS,1,37,64,4,0.000,95,1256,1256
75,10,10,100,1,5,2150605042,DFS,1,37,40,38,0.000,95,1256,1256
76,10,10,100,1,5,1849776060,BFS,1,71,92,3,0.000,213,1256,1256
76,10,10,100,1,5,1849776060,DFS,1,71,76,72,0.000,213,1256,1256
77,10,10,100,1,5,3064212038,BFS,1,30,36,2,0.000,96,1256,1256
77,10,10,100,1,5,3064212038,DFS,1,30,87,61,0.000,96,1256,1256
78,10,10,100,1,5,4129017898,BFS,1,56,88,4,0.000,169,1256,1256
78,10,10,100,1,5,4129017898,DFS,1,56,82,57,0.000,169,1256,1256
79,10,10,100,1,5,923418131,BFS,1,39,43,2,0.000,106,1256,1256
79,10,10,100,1,5,923418131,DFS,1,39,42,40,0.000,106,1256,1256
80,10,10,100,1,5,415758840,BFS,1,39,50,2,0.000,120,1256,1256
80,10,10,100,1,5,415758840,DFS,1,39,51,42,0.000,120,1256,1256
81,10,10,100,1,5,3453041941,BFS,1,46,75,5,0.000,124,1256,1256
81,10,10,100,1,5,3453041941,DFS,1,46,51,47,0.000,124,1256,1256
82,10,10,100,1,5,794508039,BFS,1,42,64,3,0.000,103,1256,1256
82,10,10,100,1,5,794508039,DFS,1,42,56,48,0.000,103,1256,1256
83,10,10,100,1,5,1735874533,BFS,1,21,22,1,0.000,70,1256,1256
83,10,10,100,1,5,1735874533,DFS,1,21,22,22,0.000,70,1256,1256
84,10,10,100,1,5,1072191020,BFS,1,65,77,3,0.000,185,1256,1256
84,10,10,100,1,5,1072191020,DFS,1,65,68,66,0.000,185,1256,1256
85,10,10,100,1,5,3204889665,BFS,1,42,49,2,0.000,132,1256,1256
85,10,10,100,1,5,3204889665,DFS,1,42,45,43,0.000,132,1256,1256
86,10,10,100,1,5,4183222112,BFS,1,58,80,3,0.000,182,1256,1256
86,10,10,100,1,5,4183222112,DFS,1,58,95,72,0.000,182,1256,1256
87,10,10,100,1,5,1455541346,BFS,1,46,53,3,0.000,162,1256,1256
87,10,10,100,1,5,1455541346,DFS,1,46,74,61,0.000,162,1256,1256
88,10,10,100,1,5,699179074,BFS,1,8,9,1,0.000,22,1256,1256
88,10,10,100,1,5,699179074,DFS,1,8,9,9,0.000,22,1256,1256
89,10,10,100,1,5,1380829149,BFS,1,44,65,3,0.000,135,1256,1256
89,10,10,100,1,5,1380829149,DFS,1,44,47,45,0.000,135,1256,1256
90,10,10,100,1,5,1228174111,BFS,1,19,21,2,0.000,56,1256,1256
90,10,10,100,1,5,1228174111,DFS,1,19,20,20,0.000,56,1256,1256
91,10,10,100,1,5,820374943,BFS,1,65,92,2,0.000,189,1256,1256
91,10,10,100,1,5,820374943,DFS,1,65,87,69,0.000,189,1256,1256
92,10,10,100,1,5,3154482059,BFS,1,38,60,3,0.000,99,1256,1256
92,10,10,100,1,5,3154482059,DFS,1,38,43,39,0.000,99,1256,1256
93,10,10,100,1,5,2770989475,BFS,1,30,36,2,0.000,91,1256,1256
93,10,10,100,1,5,2770989475,DFS,1,30,36,31,0.000,91,1256,1256
94,10,10,100,1,5,1758092270,BFS,1,4,5,1,0.000,10,1256,1256
94,10,10,100,1,5,1758092270,DFS,1,4,5,5,0.000,10,1256,1256
95,10,10,100,1,5,3716570706,BFS,1,29,37,3,0.000,81,1256,1256
95,10,10,100,1,5,3716570706,DFS,1,29,38,31,0.000,81,1256,1256
96,10,10,100,1,5,2953788628,BFS,1,55,62,2,0.000,147,1256,1256
96,10,10,100,1,5,2953788628,DFS,1,55,58,56,0.000,147,1256,1256
97,10,10,100,1,5,3493752284,BFS,1,3,4,1,0.000,8,1256,1256
97,10,10,100,1,5,3493752284,DFS,1,3,4,4,0.000,8,1256,1256
98,10,10,100,1,5,1400243985,BFS,1,13,14,1,0.000,35,1256,1256
98,10,10,100,1,5,1400243985,DFS,1,13,14,14,0.000,35,1256,1256
99,10,10,100,1,5,2588631518,BFS,1,34,47,4,0.000,104,1256,1256
99,10,10,100,1,5,2588631518,DFS,1,34,36,35,0.000,104,1256,1256
100,10,10,100,1,5,1266184194,BFS,1,23,27,2,0.000,73,1256,1256
100,10,10,100,1,5,1266184194,DFS,1,23,24,24,0.000,73,1256,1256
1,20,20,0,1,5,3876457466,BFS,1,13,206,23,0.000,40,4856,4856
1,20,20,0,1,5,3876457466,DFS,1,333,334,334,0.000,979,4856,4856
2,20,20,0,1,5,460518536,BFS,1,20,267,21,0.000,66,4856,4856
2,20,20,0,1,5,460518536,DFS,1,180,181,181,0.000,552,4856,4856
3,20,20,0,1,5,115792242,BFS,1,3,15,13,0.000,9,4856,4856
3,20,20,0,1,5,115792242,DFS,1,337,338,338,0.000,990,4856,4856
4,20,20,0,1,5,1776575565,BFS,1,6,75,25,0.000,16,4856,4856
4,20,20,0,1,5,1776575565,DFS,1,222,223,223,0.000,684,4856,4856
5,20,20,0,1,5,6636637,BFS,1,6,59,18,0.000,17,4856,4856
5,20,20,0,1,5,6636637,DFS,1,328,346,329,0.000,1009,4856,4856
6,20,20,0,1,5,2242024436,BFS,1,19,299,23,0.000,62,4856,4856
6,20,20,0,1,5,2242024436,DFS,1,179,180,180,0.000,563,4856,4856
7,20,20,0,1,5,3876563284,BFS,1,25,306,20,0.000,79,4856,4856
7,20,20,0,1,5,3876563284,DFS,1,329,330,330,0.000,969,4856,4856
8,20,20,0,1,5,1610565602,BFS,1,15,195,20,0.000,43,4856,4856
8,20,20,0,1,5,1610565602,DFS,1,55,56,56,0.000,155,4856,4856
9,20,20,0,1,5,852108907,BFS,1,7,104,28,0.000,20,4856,4856
9,20,20,0,1,5,852108907,DFS,1,115,116,116,0.000,331,4856,4856
10,20,20,0,1,5,2481969400,BFS,1,14,207,23,0.000,40,4856,4856
10,20,20,0,1,5,2481969400,DFS,1,48,49,49,0.000,133,4856,4856
11,20,20,0,1,5,3489278104,BFS,1,15,197,21,0.000,50,4856,4856
11,20,20,0,1,5,3489278104,DFS,1,299,300,300,0.000,875,4856,4856
12,20,20,0,1,5,912596881,BFS,1,4,32,14,0.000,9,4856,4856
12,20,20,0,1,5,912596881,DFS,1,38,39,39,0.000,102,4856,4856
13,20,20,0,1,5,2665426436,BFS,1,4,31,18,0.000,17,4856,4856
13,20,20,0,1,5,2665426436,DFS,1,164,165,165,0.000,514,4856,4856
14,20,20,0,1,5,1919264888,BFS,1,7,72,15,0.000,18,4856,4856
14,20,20,0,1,5,1919264888,DFS,1,137,138,138,0.000,408,4856,4856
15,20,20,0,1,5,1592982088,BFS,1,6,72,19,0.000,21,4856,4856
15,20,20,0,1,5,1592982088,DFS,1,294,295,295,0.000,899,4856,4856
16,20,20,0,1,5,3927405548,BFS,1,2,6,8,0.000,7,4856,4856
16,20,20,0,1,5,3927405548,DFS,1,2,3,3,0.000,7,4856,4856
17,20,20,0,1,5,1588671084,BFS,1,19,335,25,0.000,36,4856,4856
17,20,20,0,1,5,1588671084,DFS,1,19,20,20,0.000,36,4856,4856
18,20,20,0,1,5,554864258,BFS,1,11,98,16,0.000,41,4856,4856
18,20,20,0,1,5,554864258,DFS,1,209,210,210,0.000,631,4856,4856
19,20,20,0,1,5,1761213054,BFS,1,15,328,33,0.000,44,4856,4856
19,20,20,0,1,5,1761213054,DFS,1,253,260,254,0.000,744,4856,4856
20,20,20,0,1,5,2313711411,BFS,1,20,329,23,0.000,61,4856,4856
20,20,20,0,1,5,2313711411,DFS,1,262,276,263,1.000,785,4856,4856
21,20,20,0,1,5,2206913339,BFS,1,16,215,20,0.000,49,4856,4856
21,20,20,0,1,5,2206913339,DFS,1,186,187,187,0.000,542,4856,4856
22,20,20,0,1,5,971754893,BFS,1,18,359,31,0.000,56,4856,4856
22,20,20,0,1,5,971754893,DFS,1,38,39,39,0.000,102,4856,4856
23,20,20,0,1,5,2073483740,BFS,1,29,399,24,0.000,85,4856,4856
23,20,20,0,1,5,2073483740,DFS,1,31,32,32,0.000,86,4856,4856
24,20,20,0,1,5,1201201996,BFS,1,7,76,18,0.000,18,4856,4856
24,20,20,0,1,5,1201201996,DFS,1,399,400,400,0.000,1181,4856,4856
25,20,20,0,1,5,236218420,BFS,1,6,54,16,0.000,18,4856,4856
25,20,20,0,1,5,236218420,DFS,1,194,195,195,0.000,590,4856,4856
26,20,20,0,1,5,966369565,BFS,1,11,187,23,0.000,29,4856,4856
26,20,20,0,1,5,966369565,DFS,1,223,230,224,0.000,637,4856,4856
27,20,20,0,1,5,1089187747,BFS,1,4,35,13,0.000,15,4856,4856
27,20,20,0,1,5,1089187747,DFS,1,372,373,373,0.000,1126,4856,4856
28,20,20,0,1,5,115590893,BFS,1,9,144,28,0.000,29,4856,4856
28,20,20,0,1,5,115590893,DFS,1,183,184,184,0.000,562,4856,4856
29,20,20,0,1,5,218398926,BFS,1,5,61,23,0.000,19,4856,4856
29,20,20,0,1,5,218398926,DFS,1,229,235,230,0.000,698,4856,4856
30,20,20,0,1,5,1419140873,BFS,1,15,327,32,0.000,47,4856,4856
30,20,20,0,1,5,1419140873,DFS,1,291,303,292,0.000,895,4856,4856
31,20,20,0,1,5,652685923,BFS,1,11,154,20,0.000,31,4856,4856
31,20,20,0,1,5,652685923,DFS,1,279,284,280,1.000,831,4856,4856
32,20,20,0,1,5,2461986476,BFS,1,16,156,20,0.000,34,4856,4856
32,20,20,0,1,5,2461986476,DFS,1,336,337,337,0.000,986,4856,4856
33,20,20,0,1,5,922534014,BFS,1,21,264,20,0.000,69,4856,4856
33,20,20,0,1,5,922534014,DFS,1,379,381,380,0.000,1153,4856,4856
34,20,20,0,1,5,3393726210,BFS,1,10,153,24,0.000,38,4856,4856
34,20,20,0,1,5,3393726210,DFS,1,10,11,11,0.000,38,4856,4856
35,20,20,0,1,5,2786355784,BFS,1,17,351,31,0.000,39,4856,4856
35,20,20,0,1,5,2786355784,DFS,1,157,158,158,0.000,447,4856,4856
36,20,20,0,1,5,2292327194,BFS,1,22,341,23,0.000,58,4856,4856
36,20,20,0,1,5,2292327194,DFS,1,332,333,333,0.000,999,4856,4856
37,20,20,0,1,5,1893582513,BFS,1,7,55,12,0.000,20,4856,4856
37,20,20,0,1,5,1893582513,DFS,1,91,92,92,0.000,285,4856,4856
38,20,20,0,1,5,2847670160,BFS,1,14,236,24,0.000,47,4856,4856
38,20,20,0,1,5,2847670160,DFS,1,94,100,95,0.000,286,4856,4856
39,20,20,0,1,5,45428463,BFS,1,13,297,37,0.000,42,4856,4856
39,20,20,0,1,5,45428463,DFS,1,357,368,358,0.000,1108,4856,4856
40,20,20,0,1,5,323783968,BFS,1,8,133,26,0.000,23,4856,4856
40,20,20,0,1,5,323783968,DFS,1,222,223,223,0.000,633,4856,4856
41,20,20,0,1,5,3537552295,BFS,1,19,247,21,0.000,51,4856,4856
41,20,20,0,1,5,3537552295,DFS,1,179,180,180,0.000,556,4856,4856
42,20,20,0,1,5,3011083359,BFS,1,5,51,19,0.000,17,4856,4856
42,20,20,0,1,5,3011083359,DFS,1,71,72,72,0.000,222,4856,4856
43,20,20,0,1,5,3152189813,BFS,1,15,213,20,0.000,39,4856,4856
43,20,20,0,1,5,3152189813,DFS,1,161,162,162,0.000,476,4856,4856
44,20,20,0,1,5,123451228,BFS,1,18,376,35,0.000,54,4856,4856
44,20,20,0,1,5,123451228,DFS,1,298,299,299,0.000,884,4856,4856
45,20,20,0,1,5,2029993839,BFS,1,9,128,24,0.000,19,4856,4856
45,20,20,0,1,5,2029993839,DFS,1,315,332,316,0.000,958,4856,4856
46,20,20,0,1,5,467245506,BFS,1,15,150,19,0.000,36,4856,4856
46,20,20,0,1,5,467245506,DFS,1,15,16,16,0.000,36,4856,4856
47,20,20,0,1,5,3946067354,BFS,1,15,197,21,0.000,40,4856,4856
47,20,20,0,1,5,3946067354,DFS,1,175,176,176,0.000,484,4856,4856
48,20,20,0,1,5,2489859914,BFS,1,22,294,22,0.000,76,4856,4856
48,20,20,0,1,5,2489859914,DFS,1,366,367,367,0.000,1098,4856,4856
49,20,20,0,1,5,1190695349,BFS,1,11,178,23,0.000,35,4856,4856
49,20,20,0,1,5,1190695349,DFS,1,121,122,122,0.000,384,4856,4856
50,20,20,0,1,5,2633040737,BFS,1,13,199,24,0.000,27,4856,4856
50,20,20,0,1,5,2633040737,DFS,1,25,26,26,0.000,62,4856,4856
51,20,20,0,1,5,4156105775,BFS,1,32,394,21,0.000,82,4856,4856
51,20,20,0,1,5,4156105775,DFS,1,392,393,393,0.000,1177,4856,4856
52,20,20,0,1,5,64004093,BFS,1,19,275,21,0.000,65,4856,4856
52,20,20,0,1,5,64004093,DFS,1,179,180,180,0.000,562,4856,4856
53,20,20,0,1,5,3056519152,BFS,1,16,175,21,0.000,36,4856,4856
53,20,20,0,1,5,3056519152,DFS,1,272,273,273,0.000,846,4856,4856
54,20,20,0,1,5,4117909285,BFS,1,18,279,21,0.000,59,4856,4856
54,20,20,0,1,5,4117909285,DFS,1,202,203,203,0.000,596,4856,4856
55,20,20,0,1,5,2992518953,BFS,1,30,374,21,0.000,92,4856,4856
55,20,20,0,1,5,2992518953,DFS,1,46,47,47,0.000,154,4856,4856
56,20,20,0,1,5,3164846338,BFS,1,14,217,25,0.000,45,4856,4856
56,20,20,0,1,5,3164846338,DFS,1,64,65,65,0.000,188,4856,4856
57,20,20,0,1,5,1737135074,BFS,1,10,155,23,0.000,27,4856,4856
57,20,20,0,1,5,1737135074,DFS,1,130,131,131,0.000,400,4856,4856
58,20,20,0,1,5,4229786818,BFS,1,16,300,28,0.000,53,4856,4856
58,20,20,0,1,5,4229786818,DFS,1,256,257,257,0.000,753,4856,4856
59,20,20,0,1,5,1436688025,BFS,1,17,248,22,0.000,47,4856,4856
59,20,20,0,1,5,1436688025,DFS,1,353,355,354,0.000,1005,4856,4856
60,20,20,0,1,5,1567234386,BFS,1,17,224,23,0.000,51,4856,4856
60,20,20,0,1,5,1567234386,DFS,1,61,62,62,0.000,169,4856,4856
61,20,20,0,1,5,3894749411,BFS,1,9,150,38,0.000,26,4856,4856
61,20,20,0,1,5,3894749411,DFS,1,215,216,216,0.000,648,4856,4856
62,20,20,0,1,5,1985088703,BFS,1,12,132,20,0.000,42,4856,4856
62,20,20,0,1,5,1985088703,DFS,1,88,369,300,0.000,272,4856,4856
63,20,20,0,1,5,1572621474,BFS,1,21,308,22,0.000,52,4856,4856
63,20,20,0,1,5,1572621474,DFS,1,267,268,268,0.000,762,4856,4856
64,20,20,0,1,5,2210869643,BFS,1,26,399,25,0.000,81,4856,4856
64,20,20,0,1,5,2210869643,DFS,1,44,45,45,0.000,117,4856,4856
65,20,20,0,1,5,2850458491,BFS,1,13,222,24,0.000,39,4856,4856
65,20,20,0,1,5,2850458491,DFS,1,285,286,286,0.000,854,4856,4856
66,20,20,0,1,5,3061301826,BFS,1,21,345,23,0.000,69,4856,4856
66,20,20,0,1,5,3061301826,DFS,1,259,261,260,0.000,798,4856,4856
67,20,20,0,1,5,2062626101,BFS,1,5,43,15,0.000,14,4856,4856
67,20,20,0,1,5,2062626101,DFS,1,81,82,82,0.000,254,4856,4856
68,20,20,0,1,5,3529501364,BFS,1,3,14,12,0.000,8,4856,4856
68,20,20,0,1,5,3529501364,DFS,1,3,4,4,0.000,8,4856,4856
69,20,20,0,1,5,2189344801,BFS,1,3,21,15,0.000,7,4856,4856
69,20,20,0,1,5,2189344801,DFS,1,279,280,280,1.000,828,4856,4856
70,20,20,0,1,5,2245940295,BFS,1,7,75,20,0.000,21,4856,4856
70,20,20,0,1,5,2245940295,DFS,1,87,88,88,0.000,273,4856,4856
71,20,20,0,1,5,1954073015,BFS,1,11,73,13,0.000,38,4856,4856
71,20,20,0,1,5,1954073015,DFS,1,291,292,292,0.000,871,4856,4856
72,20,20,0,1,5,2482641819,BFS,1,18,273,22,0.000,50,4856,4856
72,20,20,0,1,5,2482641819,DFS,1,308,312,309,0.000,894,4856,4856
73,20,20,0,1,5,1295701173,BFS,1,13,276,31,0.000,39,4856,4856
73,20,20,0,1,5,1295701173,DFS,1,373,383,374,0.000,1101,4856,4856
74,20,20,0,1,5,1484706605,BFS,1,21,296,20,0.000,70,4856,4856
74,20,20,0,1,5,1484706605,DFS,1,197,198,198,0.000,617,4856,4856
75,20,20,0,1,5,3699255997,BFS,1,25,386,23,0.000,66,4856,4856
75,20,20,0,1,5,3699255997,DFS,1,67,68,68,0.000,181,4856,4856
76,20,20,0,1,5,852496832,BFS,1,9,105,18,0.000,29,4856,4856
76,20,20,0,1,5,852496832,DFS,1,249,250,250,0.000,789,4856,4856
77,20,20,0,1,5,3960988584,BFS,1,6,47,15,0.000,14,4856,4856
77,20,20,0,1,5,3960988584,DFS,1,358,359,359,0.000,1042,4856,4856
78,20,20,0,1,5,3263478403,BFS,1,20,216,20,0.000,58,4856,4856
78,20,20,0,1,5,3263478403,DFS,1,134,135,135,0.000,417,4856,4856
79,20,20,0,1,5,1366703617,BFS,1,7,88,29,0.000,29,4856,4856
79,20,20,0,1,5,1366703617,DFS,1,287,288,288,0.000,872,4856,4856
80,20,20,0,1,5,511963605,BFS,1,12,132,18,0.000,34,4856,4856
80,20,20,0,1,5,511963605,DFS,1,176,177,177,0.000,514,4856,4856
81,20,20,0,1,5,3898128306,BFS,1,3,20,11,0.000,13,4856,4856
81,20,20,0,1,5,3898128306,DFS,1,53,54,54,0.000,163,4856,4856
82,20,20,0,1,5,919408837,BFS,1,20,334,24,0.000,63,4856,4856
82,20,20,0,1,5,919408837,DFS,1,60,61,61,0.000,180,4856,4856
83,20,20,0,1,5,1918494023,BFS,1,15,304,28,0.000,45,4856,4856
83,20,20,0,1,5,1918494023,DFS,1,273,281,274,0.000,829,4856,4856
84,20,20,0,1,5,2311588680,BFS,1,25,383,20,0.000,72,4856,4856
84,20,20,0,1,5,2311588680,DFS,1,363,364,364,0.000,1072,4856,4856
85,20,20,0,1,5,1576502856,BFS,1,17,274,22,0.000,60,4856,4856
85,20,20,0,1,5,1576502856,DFS,1,307,309,308,0.000,936,4856,4856
86,20,20,0,1,5,1108058935,BFS,1,21,332,22,0.000,54,4856,4856
86,20,20,0,1,5,1108058935,DFS,1,75,76,76,0.000,230,4856,4856
87,20,20,0,1,5,1050334532,BFS,1,17,263,21,0.000,57,4856,4856
87,20,20,0,1,5,1050334532,DFS,1,155,156,156,0.000,483,4856,4856
88,20,20,0,1,5,884888866,BFS,1,12,198,24,0.000,25,4856,4856
88,20,20,0,1,5,884888866,DFS,1,192,193,193,0.000,588,4856,4856
89,20,20,0,1,5,1925815508,BFS,1,10,180,27,0.000,26,4856,4856
89,20,20,0,1,5,1925815508,DFS,1,264,265,265,0.000,777,4856,4856
90,20,20,0,1,5,2682788501,BFS,1,14,215,23,0.000,35,4856,4856
90,20,20,0,1,5,2682788501,DFS,1,246,250,247,0.000,725,4856,4856
91,20,20,0,1,5,4287888950,BFS,1,11,204,30,0.000,29,4856,4856
91,20,20,0,1,5,4287888950,DFS,1,393,395,394,0.000,1147,4856,4856
92,20,20,0,1,5,1388369950,BFS,1,3,10,7,0.000,13,4856,4856
92,20,20,0,1,5,1388369950,DFS,1,3,4,4,0.000,13,4856,4856
93,20,20,0,1,5,2022055374,BFS,1,2,13,11,0.000,4,4856,4856
93,20,20,0,1,5,2022055374,DFS,1,80,88,81,0.000,251,4856,4856
94,20,20,0,1,5,3879275584,BFS,1,11,159,21,0.000,31,4856,4856
94,20,20,0,1,5,3879275584,DFS,1,179,180,180,0.000,512,4856,4856
95,20,20,0,1,5,2293687862,BFS,1,1,5,8,0.000,5,4856,4856
95,20,20,0,1,5,2293687862,DFS,1,383,392,384,0.000,1181,4856,4856
96,20,20,0,1,5,2814548849,BFS,1,10,99,17,0.000,28,4856,4856
96,20,20,0,1,5,2814548849,DFS,1,10,11,11,0.000,28,4856,4856
97,20,20,0,1,5,3904565944,BFS,1,8,111,27,0.000,22,4856,4856
97,20,20,0,1,5,3904565944,DFS,1,368,369,369,0.000,1109,4856,4856
98,20,20,0,1,5,406466714,BFS,1,18,251,22,0.000,51,4856,4856
98,20,20,0,1,5,406466714,DFS,1,122,123,123,0.000,361,4856,4856
99,20,20,0,1,5,4036719295,BFS,1,11,206,29,0.000,41,4856,4856
99,20,20,0,1,5,4036719295,DFS,1,273,274,274,0.000,820,4856,4856
100,20,20,0,1,5,490855138,BFS,1,3,16,14,0.000,9,4856,4856
100,20,20,0,1,5,490855138,DFS,1,83,84,84,0.000,241,4856,4856
1,20,20,25,1,5,2289241652,BFS,1,13,190,23,0.000,40,4856,4856
1,20,20,25,1,5,2289241652,DFS,1,265,290,266,0.000,759,4856,4856
2,20,20,25,1,5,623539501,BFS,1,20,262,24,0.000,66,4856,4856
2,20,20,25,1,5,623539501,DFS,1,124,128,125,0.000,394,4856,4856
3,20,20,25,1,5,2201833343,BFS,1,5,27,13,0.000,15,4856,4856
3,20,20,25,1,5,2201833343,DFS,1,5,6,6,0.000,15,4856,4856
4,20,20,25,1,5,1509850135,BFS,1,6,71,24,0.000,20,4856,4856
4,20,20,25,1,5,1509850135,DFS,1,208,226,209,0.000,638,4856,4856
5,20,20,25,1,5,1310814259,BFS,1,6,54,17,0.000,14,4856,4856
5,20,20,25,1,5,1310814259,DFS,1,284,329,285,0.000,868,4856,4856
6,20,20,25,1,5,992734032,BFS,1,19,291,24,0.000,64,4856,4856
6,20,20,25,1,5,992734032,DFS,1,139,146,141,0.000,440,4856,4856
7,20,20,25,1,5,3420389887,BFS,1,25,306,21,0.000,64,4856,4856
7,20,20,25,1,5,3420389887,DFS,1,267,295,268,0.000,802,4856,4856
8,20,20,25,1,5,3201003814,BFS,1,15,189,21,0.000,43,4856,4856
8,20,20,25,1,5,3201003814,DFS,1,61,64,62,0.000,174,4856,4856
9,20,20,25,1,5,1202285004,BFS,1,7,100,27,0.000,20,4856,4856
9,20,20,25,1,5,1202285004,DFS,1,111,120,112,0.000,315,4856,4856
10,20,20,25,1,5,3772919872,BFS,1,16,241,24,0.000,42,4856,4856
10,20,20,25,1,5,3772919872,DFS,1,50,51,51,0.000,156,4856,4856
11,20,20,25,1,5,3390360149,BFS,1,15,196,22,0.000,50,4856,4856
11,20,20,25,1,5,3390360149,DFS,1,211,228,212,0.000,615,4856,4856
12,20,20,25,1,5,78566769,BFS,1,4,27,14,0.000,8,4856,4856
12,20,20,25,1,5,78566769,DFS,1,100,111,107,0.000,294,4856,4856
13,20,20,25,1,5,983946581,BFS,1,4,31,16,0.000,12,4856,4856
13,20,20,25,1,5,983946581,DFS,1,150,164,151,0.000,459,4856,4856
14,20,20,25,1,5,2364672617,BFS,1,7,71,15,0.000,18,4856,4856
14,20,20,25,1,5,2364672617,DFS,1,103,120,104,0.000,308,4856,4856
15,20,20,25,1,5,4180541425,BFS,1,8,102,21,0.000,25,4856,4856
15,20,20,25,1,5,4180541425,DFS,1,290,385,354,0.000,879,4856,4856
16,20,20,25,1,5,2018251556,BFS,1,2,5,5,0.000,7,4856,4856
16,20,20,25,1,5,2018251556,DFS,1,2,3,3,0.000,7,4856,4856
17,20,20,25,1,5,3470487675,BFS,1,19,329,26,0.000,39,4856,4856
17,20,20,25,1,5,3470487675,DFS,1,19,20,20,0.000,39,4856,4856
18,20,20,25,1,5,913753059,BFS,1,11,95,15,0.000,38,4856,4856
18,20,20,25,1,5,913753059,DFS,1,183,375,308,0.000,541,4856,4856
19,20,20,25,1,5,2521114961,BFS,1,15,325,33,1.000,46,4856,4856
19,20,20,25,1,5,2521114961,DFS,1,185,397,320,0.000,531,4856,4856
20,20,20,25,1,5,2597651107,BFS,1,20,327,24,0.000,63,4856,4856
20,20,20,25,1,5,2597651107,DFS,1,210,236,211,0.000,635,4856,4856
21,20,20,25,1,5,231336321,BFS,1,16,213,20,0.000,46,4856,4856
21,20,20,25,1,5,231336321,DFS,1,154,163,155,0.000,452,4856,4856
22,20,20,25,1,5,4075888131,BFS,1,18,356,32,0.000,48,4856,4856
22,20,20,25,1,5,4075888131,DFS,1,72,81,73,0.000,205,4856,4856
23,20,20,25,1,5,4055234223,BFS,1,29,399,23,1.000,85,4856,4856
23,20,20,25,1,5,4055234223,DFS,1,33,34,34,0.000,92,4856,4856
24,20,20,25,1,5,864121972,BFS,1,7,73,17,0.000,18,4856,4856
24,20,20,25,1,5,864121972,DFS,1,279,383,294,0.000,833,4856,4856
25,20,20,25,1,5,953778893,BFS,1,8,63,17,0.000,28,4856,4856
25,20,20,25,1,5,953778893,DFS,1,150,174,151,0.000,457,4856,4856
26,20,20,25,1,5,1482008994,BFS,1,11,178,23,0.000,33,4856,4856
26,20,20,25,1,5,1482008994,DFS,1,209,235,210,0.000,594,4856,4856
27,20,20,25,1,5,2896491406,BFS,1,4,35,14,0.000,15,4856,4856
27,20,20,25,1,5,2896491406,DFS,1,328,392,329,0.000,974,4856,4856
28,20,20,25,1,5,3650535769,BFS,1,9,139,30,0.000,29,4856,4856
28,20,20,25,1,5,3650535769,DFS,1,143,151,144,0.000,441,4856,4856
29,20,20,25,1,5,2822180734,BFS,1,5,49,23,0.000,19,4856,4856
29,20,20,25,1,5,2822180734,DFS,1,207,228,208,0.000,628,4856,4856
30,20,20,25,1,5,2237531356,BFS,1,15,312,32,0.000,40,4856,4856
30,20,20,25,1,5,2237531356,DFS,1,309,367,310,0.000,944,4856,4856
31,20,20,25,1,5,1553647735,BFS,1,13,197,22,0.000,25,4856,4856
31,20,20,25,1,5,1553647735,DFS,1,225,242,226,0.000,667,4856,4856
32,20,20,25,1,5,3518632671,BFS,1,16,140,20,0.000,49,4856,4856
32,20,20,25,1,5,3518632671,DFS,1,262,307,263,0.000,768,4856,4856
33,20,20,25,1,5,3341175627,BFS,1,21,256,21,0.000,69,4856,4856
33,20,20,25,1,5,3341175627,DFS,1,281,299,282,0.000,853,4856,4856
34,20,20,25,1,5,2313726926,BFS,1,12,184,25,0.000,36,4856,4856
34,20,20,25,1,5,2313726926,DFS,1,12,13,13,0.000,36,4856,4856
35,20,20,25,1,5,1045799215,BFS,1,17,342,29,0.000,53,4856,4856
35,20,20,25,1,5,1045799215,DFS,1,115,143,116,0.000,333,4856,4856
36,20,20,25,1,5,37142375,BFS,1,22,340,24,0.000,59,4856,4856
36,20,20,25,1,5,37142375,DFS,1,292,311,293,0.000,861,4856,4856
37,20,20,25,1,5,2779814108,BFS,1,7,47,12,0.000,24,4856,4856
37,20,20,25,1,5,2779814108,DFS,1,79,90,80,0.000,239,4856,4856
38,20,20,25,1,5,665580392,BFS,1,16,276,24,0.000,47,4856,4856
38,20,20,25,1,5,665580392,DFS,1,84,92,85,0.000,253,4856,4856
39,20,20,25,1,5,663945485,BFS,1,15,327,35,0.000,49,4856,4856
39,20,20,25,1,5,663945485,DFS,1,289,335,290,0.000,889,4856,4856
40,20,20,25,1,5,2350089811,BFS,1,8,120,28,0.000,26,4856,4856
40,20,20,25,1,5,2350089811,DFS,1,190,253,191,0.000,549,4856,4856
41,20,20,25,1,5,310168747,BFS,1,19,247,24,0.000,53,4856,4856
41,20,20,25,1,5,310168747,DFS,1,179,356,313,0.000,573,4856,4856
42,20,20,25,1,5,3672612318,BFS,1,5,44,19,0.000,17,4856,4856
42,20,20,25,1,5,3672612318,DFS,1,103,113,104,0.000,323,4856,4856
43,20,20,25,1,5,3744858616,BFS,1,15,205,23,0.000,45,4856,4856
43,20,20,25,1,5,3744858616,DFS,1,177,192,178,0.000,516,4856,4856
44,20,20,25,1,5,4132571426,BFS,1,18,376,37,0.000,50,4856,4856
44,20,20,25,1,5,4132571426,DFS,1,192,232,193,0.000,585,4856,4856
45,20,20,25,1,5,4215865590,BFS,1,9,125,25,0.000,25,4856,4856
45,20,20,25,1,5,4215865590,DFS,1,253,329,254,0.000,762,4856,4856
46,20,20,25,1,5,4267024780,BFS,1,17,178,21,0.000,53,4856,4856
46,20,20,25,1,5,4267024780,DFS,1,23,24,24,0.000,69,4856,4856
47,20,20,25,1,5,890057707,BFS,1,15,188,21,0.000,40,4856,4856
47,20,20,25,1,5,890057707,DFS,1,125,133,126,0.000,354,4856,4856
48,20,20,25,1,5,1550096994,BFS,1,22,294,22,0.000,65,4856,4856
48,20,20,25,1,5,1550096994,DFS,1,310,359,311,0.000,916,4856,4856
49,20,20,25,1,5,1944206386,BFS,1,13,209,25,0.000,34,4856,4856
49,20,20,25,1,5,1944206386,DFS,1,109,110,110,0.000,355,4856,4856
50,20,20,25,1,5,4004510452,BFS,1,13,194,24,0.000,33,4856,4856
50,20,20,25,1,5,4004510452,DFS,1,27,28,28,0.000,72,4856,4856
51,20,20,25,1,5,3866626625,BFS,1,32,394,23,0.000,98,4856,4856
51,20,20,25,1,5,3866626625,DFS,1,344,388,351,0.000,1023,4856,4856
52,20,20,25,1,5,3899704002,BFS,1,19,263,22,0.000,61,4856,4856
52,20,20,25,1,5,3899704002,DFS,1,149,381,314,0.000,478,4856,4856
53,20,20,25,1,5,1373737489,BFS,1,16,169,19,0.000,36,4856,4856
53,20,20,25,1,5,1373737489,DFS,1,258,275,259,0.000,804,4856,4856
54,20,20,25,1,5,1154208393,BFS,1,18,277,22,0.000,59,4856,4856
54,20,20,25,1,5,1154208393,DFS,1,200,239,201,0.000,592,4856,4856
55,20,20,25,1,5,4090660344,BFS,1,30,373,23,0.000,75,4856,4856
55,20,20,25,1,5,4090660344,DFS,1,54,396,330,0.000,179,4856,4856
56,20,20,25,1,5,3308071990,BFS,1,14,203,23,0.000,43,4856,4856
56,20,20,25,1,5,3308071990,DFS,1,70,71,71,0.000,218,4856,4856
57,20,20,25,1,5,1950804962,BFS,1,14,226,24,0.000,50,4856,4856
57,20,20,25,1,5,1950804962,DFS,1,114,120,115,0.000,347,4856,4856
58,20,20,25,1,5,718420256,BFS,1,20,361,31,0.000,62,4856,4856
58,20,20,25,1,5,718420256,DFS,1,234,257,235,0.000,701,4856,4856
59,20,20,25,1,5,654673984,BFS,1,17,237,24,0.000,53,4856,4856
59,20,20,25,1,5,654673984,DFS,1,317,336,318,0.000,905,4856,4856
60,20,20,25,1,5,1897934937,BFS,1,19,252,25,0.000,52,4856,4856
60,20,20,25,1,5,1897934937,DFS,1,63,64,64,0.000,170,4856,4856
61,20,20,25,1,5,417050584,BFS,1,9,130,35,0.000,26,4856,4856
61,20,20,25,1,5,417050584,DFS,1,181,208,182,0.000,525,4856,4856
62,20,20,25,1,5,1578137548,BFS,1,12,130,20,0.000,40,4856,4856
62,20,20,25,1,5,1578137548,DFS,1,80,363,224,0.000,250,4856,4856
63,20,20,25,1,5,3378334430,BFS,1,21,301,22,0.000,65,4856,4856
63,20,20,25,1,5,3378334430,DFS,1,215,391,313,0.000,620,4856,4856
64,20,20,25,1,5,689482763,BFS,1,26,399,26,0.000,80,4856,4856
64,20,20,25,1,5,689482763,DFS,1,88,95,89,0.000,264,4856,4856
65,20,20,25,1,5,1960805891,BFS,1,13,200,24,0.000,35,4856,4856
65,20,20,25,1,5,1960805891,DFS,1,203,217,204,0.000,592,4856,4856
66,20,20,25,1,5,1069445089,BFS,1,21,341,23,0.000,68,4856,4856
66,20,20,25,1,5,1069445089,DFS,1,299,314,301,0.000,920,4856,4856
67,20,20,25,1,5,2447762019,BFS,1,5,37,14,0.000,13,4856,4856
67,20,20,25,1,5,2447762019,DFS,1,95,390,330,0.000,305,4856,4856
68,20,20,25,1,5,1267941555,BFS,1,3,11,10,0.000,8,4856,4856
68,20,20,25,1,5,1267941555,DFS,1,3,4,4,0.000,8,4856,4856
69,20,20,25,1,5,1089705344,BFS,1,3,19,14,0.000,7,4856,4856
69,20,20,25,1,5,1089705344,DFS,1,203,233,204,0.000,605,4856,4856
70,20,20,25,1,5,321348266,BFS,1,7,71,20,0.000,21,4856,4856
70,20,20,25,1,5,321348266,DFS,1,93,98,94,0.000,294,4856,4856
71,20,20,25,1,5,3399533572,BFS,1,11,66,13,0.000,34,4856,4856
71,20,20,25,1,5,3399533572,DFS,1,257,301,272,0.000,771,4856,4856
72,20,20,25,1,5,324761156,BFS,1,18,267,24,0.000,55,4856,4856
72,20,20,25,1,5,324761156,DFS,1,248,282,249,0.000,718,4856,4856
73,20,20,25,1,5,1250192287,BFS,1,13,272,32,0.000,41,4856,4856
73,20,20,25,1,5,1250192287,DFS,1,333,371,334,0.000,971,4856,4856
74,20,20,25,1,5,1890965610,BFS,1,21,290,21,0.000,64,4856,4856
74,20,20,25,1,5,1890965610,DFS,1,185,201,186,1.000,585,4856,4856
75,20,20,25,1,5,3242510548,BFS,1,25,386,23,0.000,75,4856,4856
75,20,20,25,1,5,3242510548,DFS,1,53,54,54,0.000,153,4856,4856
76,20,20,25,1,5,3900665391,BFS,1,9,101,19,0.000,29,4856,4856
76,20,20,25,1,5,3900665391,DFS,1,221,248,222,0.000,687,4856,4856
77,20,20,25,1,5,2198027043,BFS,1,8,48,16,0.000,19,4856,4856
77,20,20,25,1,5,2198027043,DFS,1,300,334,301,0.000,884,4856,4856
78,20,20,25,1,5,471917493,BFS,1,20,212,24,0.000,58,4856,4856
78,20,20,25,1,5,471917493,DFS,1,66,71,67,0.000,198,4856,4856
79,20,20,25,1,5,2275608475,BFS,1,7,72,29,0.000,29,4856,4856
79,20,20,25,1,5,2275608475,DFS,1,231,267,232,0.000,711,4856,4856
80,20,20,25,1,5,2979324223,BFS,1,12,118,17,0.000,30,4856,4856
80,20,20,25,1,5,2979324223,DFS,1,170,190,171,0.000,515,4856,4856
81,20,20,25,1,5,1794246202,BFS,1,3,18,9,0.000,13,4856,4856
81,20,20,25,1,5,1794246202,DFS,1,47,56,48,0.000,152,4856,4856
82,20,20,25,1,5,2343786765,BFS,1,20,321,24,0.000,64,4856,4856
82,20,20,25,1,5,2343786765,DFS,1,38,39,39,0.000,114,4856,4856
83,20,20,25,1,5,193105676,BFS,1,15,272,28,0.000,45,4856,4856
83,20,20,25,1,5,193105676,DFS,1,273,356,304,0.000,821,4856,4856
84,20,20,25,1,5,202061213,BFS,1,25,383,22,0.000,81,4856,4856
84,20,20,25,1,5,202061213,DFS,1,325,367,326,0.000,957,4856,4856
85,20,20,25,1,5,2790994942,BFS,1,17,253,24,0.000,60,4856,4856
85,20,20,25,1,5,2790994942,DFS,1,273,311,274,0.000,816,4856,4856
86,20,20,25,1,5,2730824591,BFS,1,21,317,23,0.000,62,4856,4856
86,20,20,25,1,5,2730824591,DFS,1,43,44,44,0.000,138,4856,4856
87,20,20,25,1,5,3335741208,BFS,1,17,251,20,0.000,56,4856,4856
87,20,20,25,1,5,3335741208,DFS,1,169,182,170,0.000,529,4856,4856
88,20,20,25,1,5,1669072065,BFS,1,12,181,23,0.000,34,4856,4856
88,20,20,25,1,5,1669072065,DFS,1,194,225,195,0.000,597,4856,4856
89,20,20,25,1,5,3992328577,BFS,1,10,165,29,0.000,33,4856,4856
89,20,20,25,1,5,3992328577,DFS,1,224,236,225,0.000,672,4856,4856
90,20,20,25,1,5,1024158138,BFS,1,14,206,22,0.000,35,4856,4856
90,20,20,25,1,5,1024158138,DFS,1,252,283,253,0.000,742,4856,4856
91,20,20,25,1,5,2556167076,BFS,1,13,253,34,0.000,39,4856,4856
91,20,20,25,1,5,2556167076,DFS,1,333,378,334,0.000,960,4856,4856
92,20,20,25,1,5,1514226884,BFS,1,3,10,7,0.000,13,4856,4856
92,20,20,25,1,5,1514226884,DFS,1,3,4,4,0.000,13,4856,4856
93,20,20,25,1,5,3020738800,BFS,1,2,12,10,0.000,4,4856,4856
93,20,20,25,1,5,3020738800,DFS,1,64,72,65,0.000,207,4856,4856
94,20,20,25,1,5,612865968,BFS,1,13,197,23,0.000,36,4856,4856
94,20,20,25,1,5,612865968,DFS,1,153,162,154,0.000,443,4856,4856
95,20,20,25,1,5,2222256929,BFS,1,1,5,8,0.000,5,4856,4856
95,20,20,25,1,5,2222256929,DFS,1,311,342,317,0.000,967,4856,4856
96,20,20,25,1,5,4070583740,BFS,1,12,127,18,0.000,35,4856,4856
96,20,20,25,1,5,4070583740,DFS,1,26,27,27,0.000,79,4856,4856
97,20,20,25,1,5,3329310438,BFS,1,8,109,27,0.000,22,4856,4856
97,20,20,25,1,5,3329310438,DFS,1,288,315,289,0.000,882,4856,4856
98,20,20,25,1,5,43393960,BFS,1,18,231,24,0.000,60,4856,4856
98,20,20,25,1,5,43393960,DFS,1,112,118,113,0.000,334,4856,4856
99,20,20,25,1,5,1549602734,BFS,1,11,191,29,0.000,37,4856,4856
99,20,20,25,1,5,1549602734,DFS,1,277,337,278,0.000,847,4856,4856
100,20,20,25,1,5,986869532,BFS,1,3,14,13,0.000,9,4856,4856
100,20,20,25,1,5,986869532,DFS,1,75,398,299,0.000,220,4856,4856
1,20,20,50,1,5,4128272348,BFS,1,17,269,26,0.000,45,4856,4856
1,20,20,50,1,5,4128272348,DFS,1,265,319,266,0.000,776,4856,4856
2,20,20,50,1,5,1931065871,BFS,1,20,234,27,0.000,56,4856,4856
2,20,20,50,1,5,1931065871,DFS,1,154,357,288,0.000,479,4856,4856
3,20,20,50,1,5,3691489194,BFS,1,5,25,12,0.000,15,4856,4856
3,20,20,50,1,5,3691489194,DFS,1,5,6,6,0.000,15,4856,4856
4,20,20,50,1,5,288769693,BFS,1,6,58,23,0.000,17,4856,4856
4,20,20,50,1,5,288769693,DFS,1,154,201,161,0.000,478,4856,4856
5,20,20,50,1,5,21022673,BFS,1,10,86,20,0.000,22,4856,4856
5,20,20,50,1,5,21022673,DFS,1,220,338,221,0.000,642,4856,4856
6,20,20,50,1,5,1114439335,BFS,1,21,289,27,0.000,69,4856,4856
6,20,20,50,1,5,1114439335,DFS,1,175,208,176,0.000,550,4856,4856
7,20,20,50,1,5,3284461988,BFS,1,25,285,22,0.000,69,4856,4856
7,20,20,50,1,5,3284461988,DFS,1,275,309,276,0.000,804,4856,4856
8,20,20,50,1,5,1644260456,BFS,1,17,217,22,0.000,44,4856,4856
8,20,20,50,1,5,1644260456,DFS,1,17,20,19,0.000,44,4856,4856
9,20,20,50,1,5,2117711127,BFS,1,11,182,28,0.000,36,4856,4856
9,20,20,50,1,5,2117711127,DFS,1,53,61,54,0.000,148,4856,4856
10,20,20,50,1,5,3564486436,BFS,1,16,209,24,0.000,43,4856,4856
10,20,20,50,1,5,3564486436,DFS,1,48,49,49,0.000,160,4856,4856
11,20,20,50,1,5,1093824396,BFS,1,15,177,28,0.000,47,4856,4856
11,20,20,50,1,5,1093824396,DFS,1,189,209,190,0.000,545,4856,4856
12,20,20,50,1,5,1477544169,BFS,1,4,27,15,0.000,8,4856,4856
12,20,20,50,1,5,1477544169,DFS,1,142,204,146,0.000,412,4856,4856
13,20,20,50,1,5,2771191919,BFS,1,4,26,14,0.000,12,4856,4856
13,20,20,50,1,5,2771191919,DFS,1,106,139,107,0.000,330,4856,4856
14,20,20,50,1,5,2387906486,BFS,1,9,61,17,0.000,31,4856,4856
14,20,20,50,1,5,2387906486,DFS,1,103,132,104,0.000,317,4856,4856
15,20,20,50,1,5,3864719458,BFS,1,12,98,18,0.000,36,4856,4856
15,20,20,50,1,5,3864719458,DFS,1,238,297,239,0.000,750,4856,4856
16,20,20,50,1,5,2096524359,BFS,1,2,5,5,0.000,7,4856,4856
16,20,20,50,1,5,2096524359,DFS,1,2,3,3,0.000,7,4856,4856
17,20,20,50,1,5,2818285888,BFS,1,19,305,27,0.000,42,4856,4856
17,20,20,50,1,5,2818285888,DFS,1,23,24,24,0.000,55,4856,4856
18,20,20,50,1,5,2925892799,BFS,1,13,114,19,0.000,38,4856,4856
18,20,20,50,1,5,2925892799,DFS,1,111,127,112,0.000,330,4856,4856
19,20,20,50,1,5,1431641045,BFS,1,15,321,34,0.000,46,4856,4856
19,20,20,50,1,5,1431641045,DFS,1,173,204,176,0.000,491,4856,4856
20,20,20,50,1,5,1081100805,BFS,1,24,321,25,0.000,65,4856,4856
20,20,20,50,1,5,1081100805,DFS,1,190,217,191,0.000,568,4856,4856
21,20,20,50,1,5,1079493049,BFS,1,18,218,23,0.000,53,4856,4856
21,20,20,50,1,5,1079493049,DFS,1,82,139,83,0.000,239,4856,4856
22,20,20,50,1,5,2201065119,BFS,1,20,368,30,0.000,55,4856,4856
22,20,20,50,1,5,2201065119,DFS,1,50,51,51,0.000,148,4856,4856
23,20,20,50,1,5,523773595,BFS,1,29,399,24,0.000,81,4856,4856
23,20,20,50,1,5,523773595,DFS,1,55,58,56,0.000,165,4856,4856
24,20,20,50,1,5,3070341349,BFS,1,7,71,17,0.000,18,4856,4856
24,20,20,50,1,5,3070341349,DFS,1,95,399,225,0.000,288,4856,4856
25,20,20,50,1,5,2776764683,BFS,1,8,58,14,0.000,28,4856,4856
25,20,20,50,1,5,2776764683,DFS,1,64,73,65,0.000,197,4856,4856
26,20,20,50,1,5,1420244597,BFS,1,13,185,22,0.000,30,4856,4856
26,20,20,50,1,5,1420244597,DFS,1,137,193,138,0.000,390,4856,4856
27,20,20,50,1,5,1897821072,BFS,1,4,30,13,0.000,15,4856,4856
27,20,20,50,1,5,1897821072,DFS,1,250,308,251,0.000,767,4856,4856
28,20,20,50,1,5,4025108372,BFS,1,9,112,27,0.000,29,4856,4856
28,20,20,50,1,5,4025108372,DFS,1,139,171,140,0.000,418,4856,4856
29,20,20,50,1,5,2569468494,BFS,1,7,53,17,0.000,23,4856,4856
29,20,20,50,1,5,2569468494,DFS,1,159,201,160,0.000,483,4856,4856
30,20,20,50,1,5,2022304457,BFS,1,17,311,29,0.000,50,4856,4856
30,20,20,50,1,5,2022304457,DFS,1,243,325,244,0.000,774,4856,4856
31,20,20,50,1,5,3808663443,BFS,1,13,190,23,0.000,25,4856,4856
31,20,20,50,1,5,3808663443,DFS,1,159,205,160,0.000,459,4856,4856
32,20,20,50,1,5,3199794748,BFS,1,20,165,19,0.000,60,4856,4856
32,20,20,50,1,5,3199794748,DFS,1,156,306,229,0.000,469,4856,4856
33,20,20,50,1,5,1005395394,BFS,1,21,247,22,0.000,69,4856,4856
33,20,20,50,1,5,1005395394,DFS,1,233,287,234,0.000,715,4856,4856
34,20,20,50,1,5,2767214703,BFS,1,14,217,26,0.000,44,4856,4856
34,20,20,50,1,5,2767214703,DFS,1,24,398,276,0.000,74,4856,4856
35,20,20,50,1,5,3601623561,BFS,1,17,328,31,0.000,56,4856,4856
35,20,20,50,1,5,3601623561,DFS,1,119,133,120,0.000,348,4856,4856
36,20,20,50,1,5,3492424879,BFS,1,22,332,24,0.000,59,4856,4856
36,20,20,50,1,5,3492424879,DFS,1,222,332,223,0.000,643,4856,4856
37,20,20,50,1,5,2032747079,BFS,1,7,20,7,0.000,24,4856,4856
37,20,20,50,1,5,2032747079,DFS,1,25,30,26,0.000,76,4856,4856
38,20,20,50,1,5,2449716002,BFS,1,16,263,27,0.000,50,4856,4856
38,20,20,50,1,5,2449716002,DFS,1,102,112,103,0.000,304,4856,4856
39,20,20,50,1,5,1054229197,BFS,1,15,287,37,0.000,48,4856,4856
39,20,20,50,1,5,1054229197,DFS,1,229,297,230,0.000,706,4856,4856
40,20,20,50,1,5,3316697903,BFS,1,8,88,28,0.000,24,4856,4856
40,20,20,50,1,5,3316697903,DFS,1,152,207,153,0.000,444,4856,4856
41,20,20,50,1,5,2489141417,BFS,1,19,237,22,0.000,52,4856,4856
41,20,20,50,1,5,2489141417,DFS,1,139,360,273,0.000,425,4856,4856
42,20,20,50,1,5,861325855,BFS,1,5,31,18,0.000,17,4856,4856
42,20,20,50,1,5,861325855,DFS,1,27,29,28,0.000,85,4856,4856
43,20,20,50,1,5,2815948306,BFS,1,15,190,25,0.000,45,4856,4856
43,20,20,50,1,5,2815948306,DFS,1,199,256,200,0.000,577,4856,4856
44,20,20,50,1,5,545813433,BFS,1,18,379,37,0.000,42,4856,4856
44,20,20,50,1,5,545813433,DFS,1,190,256,191,0.000,548,4856,4856
45,20,20,50,1,5,38349380,BFS,1,9,93,21,0.000,25,4856,4856
45,20,20,50,1,5,38349380,DFS,1,225,268,226,0.000,675,4856,4856
46,20,20,50,1,5,3530500135,BFS,1,19,195,20,0.000,56,4856,4856
46,20,20,50,1,5,3530500135,DFS,1,51,53,52,0.000,168,4856,4856
47,20,20,50,1,5,324395443,BFS,1,15,177,21,0.000,41,4856,4856
47,20,20,50,1,5,324395443,DFS,1,193,218,194,0.000,548,4856,4856
48,20,20,50,1,5,3049297141,BFS,1,22,287,25,0.000,67,4856,4856
48,20,20,50,1,5,3049297141,DFS,1,248,377,249,0.000,706,4856,4856
49,20,20,50,1,5,1584714904,BFS,1,15,237,24,0.000,44,4856,4856
49,20,20,50,1,5,1584714904,DFS,1,133,161,134,0.000,441,4856,4856
50,20,20,50,1,5,639916962,BFS,1,13,181,21,0.000,33,4856,4856
50,20,20,50,1,5,639916962,DFS,1,27,28,28,0.000,70,4856,4856
51,20,20,50,1,5,1066462023,BFS,1,36,394,24,0.000,108,4856,4856
51,20,20,50,1,5,1066462023,DFS,1,192,394,234,0.000,595,4856,4856
52,20,20,50,1,5,3103347858,BFS,1,19,234,24,0.000,58,4856,4856
52,20,20,50,1,5,3103347858,DFS,1,79,108,83,0.000,261,4856,4856
53,20,20,50,1,5,1826434003,BFS,1,16,135,19,0.000,42,4856,4856
53,20,20,50,1,5,1826434003,DFS,1,160,224,166,0.000,521,4856,4856
54,20,20,50,1,5,2679383251,BFS,1,18,208,21,0.000,57,4856,4856
54,20,20,50,1,5,2679383251,DFS,1,168,222,169,0.000,507,4856,4856
55,20,20,50,1,5,474830446,BFS,1,30,371,23,0.000,81,4856,4856
55,20,20,50,1,5,474830446,DFS,1,48,49,49,0.000,150,4856,4856
56,20,20,50,1,5,1618123042,BFS,1,18,226,26,0.000,48,4856,4856
56,20,20,50,1,5,1618123042,DFS,1,58,69,59,0.000,178,4856,4856
57,20,20,50,1,5,2435679408,BFS,1,14,193,22,0.000,50,4856,4856
57,20,20,50,1,5,2435679408,DFS,1,72,79,73,0.000,215,4856,4856
58,20,20,50,1,5,2272077109,BFS,1,20,352,30,0.000,66,4856,4856
58,20,20,50,1,5,2272077109,DFS,1,28,30,29,0.000,73,4856,4856
59,20,20,50,1,5,3806016681,BFS,1,19,262,25,0.000,58,4856,4856
59,20,20,50,1,5,3806016681,DFS,1,255,303,257,0.000,713,4856,4856
60,20,20,50,1,5,818047884,BFS,1,21,273,23,0.000,58,4856,4856
60,20,20,50,1,5,818047884,DFS,1,69,72,70,0.000,204,4856,4856
61,20,20,50,1,5,867457031,BFS,1,11,181,36,0.000,31,4856,4856
61,20,20,50,1,5,867457031,DFS,1,173,253,183,0.000,495,4856,4856
62,20,20,50,1,5,1910385246,BFS,1,12,118,17,0.000,42,4856,4856
62,20,20,50,1,5,1910385246,DFS,1,102,356,174,0.000,312,4856,4856
63,20,20,50,1,5,199984637,BFS,1,21,270,24,0.000,49,4856,4856
63,20,20,50,1,5,199984637,DFS,1,231,266,232,0.000,654,4856,4856
64,20,20,50,1,5,1317572991,BFS,1,26,397,27,0.000,73,4856,4856
64,20,20,50,1,5,1317572991,DFS,1,126,135,127,0.000,344,4856,4856
65,20,20,50,1,5,3141702375,BFS,1,17,249,25,0.000,43,4856,4856
65,20,20,50,1,5,3141702375,DFS,1,213,283,214,0.000,633,4856,4856
66,20,20,50,1,5,937817905,BFS,1,21,335,24,0.000,70,4856,4856
66,20,20,50,1,5,937817905,DFS,1,239,288,240,0.000,731,4856,4856
67,20,20,50,1,5,486995595,BFS,1,7,50,14,0.000,18,4856,4856
67,20,20,50,1,5,486995595,DFS,1,85,109,86,0.000,279,4856,4856
68,20,20,50,1,5,350068002,BFS,1,9,27,11,0.000,28,4856,4856
68,20,20,50,1,5,350068002,DFS,1,11,12,12,0.000,36,4856,4856
69,20,20,50,1,5,3844909264,BFS,1,5,38,13,0.000,14,4856,4856
69,20,20,50,1,5,3844909264,DFS,1,201,240,202,0.000,593,4856,4856
70,20,20,50,1,5,1750223620,BFS,1,7,67,19,0.000,21,4856,4856
70,20,20,50,1,5,1750223620,DFS,1,145,202,157,0.000,445,4856,4856
71,20,20,50,1,5,3882241597,BFS,1,11,63,12,0.000,36,4856,4856
71,20,20,50,1,5,3882241597,DFS,1,175,328,229,0.000,546,4856,4856
72,20,20,50,1,5,4107049734,BFS,1,20,256,22,0.000,55,4856,4856
72,20,20,50,1,5,4107049734,DFS,1,250,285,251,0.000,741,4856,4856
73,20,20,50,1,5,2918772,BFS,1,13,215,27,0.000,31,4856,4856
73,20,20,50,1,5,2918772,DFS,1,279,376,283,0.000,813,4856,4856
74,20,20,50,1,5,4146800355,BFS,1,25,277,28,0.000,69,4856,4856
74,20,20,50,1,5,4146800355,DFS,1,155,195,156,0.000,493,4856,4856
75,20,20,50,1,5,1348472115,BFS,1,25,385,25,0.000,72,4856,4856
75,20,20,50,1,5,1348472115,DFS,1,63,66,64,0.000,185,4856,4856
76,20,20,50,1,5,1031874476,BFS,1,9,100,20,0.000,29,4856,4856
76,20,20,50,1,5,1031874476,DFS,1,209,273,210,0.000,626,4856,4856
77,20,20,50,1,5,3760366014,BFS,1,10,54,15,0.000,17,4856,4856
77,20,20,50,1,5,3760366014,DFS,1,232,313,242,0.000,683,4856,4856
78,20,20,50,1,5,1336027855,BFS,1,22,232,23,0.000,67,4856,4856
78,20,20,50,1,5,1336027855,DFS,1,72,78,73,0.000,221,4856,4856
79,20,20,50,1,5,3771376419,BFS,1,7,65,25,0.000,20,4856,4856
79,20,20,50,1,5,3771376419,DFS,1,237,273,238,0.000,725,4856,4856
80,20,20,50,1,5,3065782289,BFS,1,16,143,18,0.000,44,4856,4856
80,20,20,50,1,5,3065782289,DFS,1,110,130,111,0.000,321,4856,4856
81,20,20,50,1,5,3160195414,BFS,1,3,17,7,0.000,14,4856,4856
81,20,20,50,1,5,3160195414,DFS,1,49,57,50,0.000,152,4856,4856
82,20,20,50,1,5,189736541,BFS,1,20,298,25,0.000,57,4856,4856
82,20,20,50,1,5,189736541,DFS,1,50,51,51,0.000,139,4856,4856
83,20,20,50,1,5,494642707,BFS,1,15,255,31,0.000,43,4856,4856
83,20,20,50,1,5,494642707,DFS,1,235,356,265,0.000,720,4856,4856
84,20,20,50,1,5,3561015065,BFS,1,27,391,22,0.000,88,4856,4856
84,20,20,50,1,5,3561015065,DFS,1,287,338,288,0.000,865,4856,4856
85,20,20,50,1,5,2894858604,BFS,1,23,309,23,0.000,63,4856,4856
85,20,20,50,1,5,2894858604,DFS,1,249,306,250,0.000,736,4856,4856
86,20,20,50,1,5,2467041460,BFS,1,21,290,24,0.000,66,4856,4856
86,20,20,50,1,5,2467041460,DFS,1,55,59,56,0.000,178,4856,4856
87,20,20,50,1,5,1068192051,BFS,1,17,238,22,0.000,53,4856,4856
87,20,20,50,1,5,1068192051,DFS,1,157,175,158,0.000,492,4856,4856
88,20,20,50,1,5,565048079,BFS,1,12,176,28,0.000,34,4856,4856
88,20,20,50,1,5,565048079,DFS,1,166,208,167,0.000,510,4856,4856
89,20,20,50,1,5,1761253218,BFS,1,12,199,28,0.000,32,4856,4856
89,20,20,50,1,5,1761253218,DFS,1,166,220,167,0.000,510,4856,4856
90,20,20,50,1,5,1048256632,BFS,1,14,163,18,0.000,40,4856,4856
90,20,20,50,1,5,1048256632,DFS,1,196,233,197,0.000,587,4856,4856
91,20,20,50,1,5,4192773073,BFS,1,13,234,33,0.000,43,4856,4856
91,20,20,50,1,5,4192773073,DFS,1,263,362,264,0.000,755,4856,4856
92,20,20,50,1,5,2806178078,BFS,1,7,43,16,0.000,26,4856,4856
92,20,20,50,1,5,2806178078,DFS,1,41,396,268,0.000,131,4856,4856
93,20,20,50,1,5,1647983190,BFS,1,4,19,10,0.000,7,4856,4856
93,20,20,50,1,5,1647983190,DFS,1,36,45,37,0.000,123,4856,4856
94,20,20,50,1,5,3387102359,BFS,1,15,193,22,0.000,50,4856,4856
94,20,20,50,1,5,3387102359,DFS,1,137,351,227,0.000,397,4856,4856
95,20,20,50,1,5,3454093473,BFS,1,3,13,9,0.000,14,4856,4856
95,20,20,50,1,5,3454093473,DFS,1,273,321,274,0.000,857,4856,4856
96,20,20,50,1,5,1767953362,BFS,1,12,120,17,0.000,38,4856,4856
96,20,20,50,1,5,1767953362,DFS,1,42,43,43,0.000,133,4856,4856
97,20,20,50,1,5,2651142873,BFS,1,8,84,23,0.000,22,4856,4856
97,20,20,50,1,5,2651142873,DFS,1,62,72,63,0.000,185,4856,4856
98,20,20,50,1,5,3526477978,BFS,1,20,253,26,0.000,63,4856,4856
98,20,20,50,1,5,3526477978,DFS,1,68,81,75,0.000,217,4856,4856
99,20,20,50,1,5,1634455922,BFS,1,13,197,28,0.000,49,4856,4856
99,20,20,50,1,5,1634455922,DFS,1,225,254,226,0.000,663,4856,4856
100,20,20,50,1,5,2028505220,BFS,1,3,14,10,0.000,9,4856,4856
100,20,20,50,1,5,2028505220,DFS,1,121,144,122,0.000,346,4856,4856
1,20,20,75,1,5,801565426,BFS,1,29,290,22,0.000,89,4856,4856
1,20,20,75,1,5,801565426,DFS,1,81,125,96,0.000,222,4856,4856
2,20,20,75,1,5,873709482,BFS,1,28,201,25,0.000,84,4856,4856
2,20,20,75,1,5,873709482,DFS,1,144,349,218,0.000,455,4856,4856
3,20,20,75,1,5,4096257167,BFS,1,5,20,9,0.000,15,4856,4856
3,20,20,75,1,5,4096257167,DFS,1,5,6,6,0.000,15,4856,4856
4,20,20,75,1,5,2763658928,BFS,1,12,45,16,0.000,32,4856,4856
4,20,20,75,1,5,2763658928,DFS,1,174,345,202,0.000,532,4856,4856
5,20,20,75,1,5,4187851407,BFS,1,12,81,17,0.000,33,4856,4856
5,20,20,75,1,5,4187851407,DFS,1,46,51,47,0.000,142,4856,4856
6,20,20,75,1,5,643475583,BFS,1,31,271,24,0.000,102,4856,4856
6,20,20,75,1,5,643475583,DFS,1,115,139,116,0.000,358,4856,4856
7,20,20,75,1,5,2260935695,BFS,1,33,341,25,0.000,89,4856,4856
7,20,20,75,1,5,2260935695,DFS,1,179,340,207,0.000,508,4856,4856
8,20,20,75,1,5,2538720268,BFS,1,23,255,21,0.000,65,4856,4856
8,20,20,75,1,5,2538720268,DFS,1,53,60,55,0.000,152,4856,4856
9,20,20,75,1,5,205341784,BFS,1,11,139,24,0.000,38,4856,4856
9,20,20,75,1,5,205341784,DFS,1,43,389,225,0.000,125,4856,4856
10,20,20,75,1,5,1030472253,BFS,1,30,251,28,0.000,88,4856,4856
10,20,20,75,1,5,1030472253,DFS,1,112,265,171,0.000,357,4856,4856
11,20,20,75,1,5,2179815328,BFS,1,17,156,23,0.000,53,4856,4856
11,20,20,75,1,5,2179815328,DFS,1,17,18,18,0.000,53,4856,4856
12,20,20,75,1,5,1021477448,BFS,1,4,19,10,0.000,8,4856,4856
12,20,20,75,1,5,1021477448,DFS,1,166,224,167,0.000,494,4856,4856
13,20,20,75,1,5,1942049214,BFS,1,8,59,15,0.000,25,4856,4856
13,20,20,75,1,5,1942049214,DFS,1,112,390,225,0.000,347,4856,4856
14,20,20,75,1,5,1700720557,BFS,1,21,198,22,0.000,76,4856,4856
14,20,20,75,1,5,1700720557,DFS,1,69,94,70,0.000,207,4856,4856
15,20,20,75,1,5,1527857279,BFS,1,36,123,19,0.000,109,4856,4856
15,20,20,75,1,5,1527857279,DFS,1,234,289,235,0.000,709,4856,4856
16,20,20,75,1,5,1953305047,BFS,1,4,12,7,0.000,16,4856,4856
16,20,20,75,1,5,1953305047,DFS,1,4,5,5,0.000,16,4856,4856
17,20,20,75,1,5,3057184744,BFS,1,27,355,25,0.000,72,4856,4856
17,20,20,75,1,5,3057184744,DFS,1,45,48,46,0.000,124,4856,4856
18,20,20,75,1,5,2517582645,BFS,1,19,123,16,0.000,56,4856,4856
18,20,20,75,1,5,2517582645,DFS,1,153,178,157,0.000,462,4856,4856
19,20,20,75,1,5,3003478231,BFS,1,25,379,28,0.000,67,4856,4856
19,20,20,75,1,5,3003478231,DFS,1,149,204,152,0.000,413,4856,4856
20,20,20,75,1,5,1983832261,BFS,1,26,302,22,0.000,74,4856,4856
20,20,20,75,1,5,1983832261,DFS,1,158,216,160,0.000,486,4856,4856
21,20,20,75,1,5,3558509320,BFS,1,22,134,24,0.000,64,4856,4856
21,20,20,75,1,5,3558509320,DFS,1,140,244,141,0.000,414,4856,4856
22,20,20,75,1,5,1880043328,BFS,1,24,338,27,0.000,69,4856,4856
22,20,20,75,1,5,1880043328,DFS,1,142,177,143,0.000,435,4856,4856
23,20,20,75,1,5,2144948111,BFS,1,35,399,27,0.000,111,4856,4856
23,20,20,75,1,5,2144948111,DFS,1,83,87,84,0.000,264,4856,4856
24,20,20,75,1,5,530343754,BFS,1,9,62,17,0.000,24,4856,4856
24,20,20,75,1,5,530343754,DFS,1,159,345,161,0.000,477,4856,4856
25,20,20,75,1,5,4131566631,BFS,1,18,143,16,0.000,60,4856,4856
25,20,20,75,1,5,4131566631,DFS,1,74,92,75,0.000,225,4856,4856
26,20,20,75,1,5,3973179349,BFS,1,13,176,25,0.000,34,4856,4856
26,20,20,75,1,5,3973179349,DFS,1,141,168,142,0.000,392,4856,4856
27,20,20,75,1,5,664132738,BFS,1,10,62,18,0.000,26,4856,4856
27,20,20,75,1,5,664132738,DFS,1,208,336,239,0.000,629,4856,4856
28,20,20,75,1,5,2087888002,BFS,1,9,58,13,0.000,24,4856,4856
28,20,20,75,1,5,2087888002,DFS,1,117,167,118,0.000,331,4856,4856
29,20,20,75,1,5,3985738139,BFS,1,7,40,10,0.000,27,4856,4856
29,20,20,75,1,5,3985738139,DFS,1,145,189,146,0.000,439,4856,4856
30,20,20,75,1,5,663824522,BFS,1,21,305,22,0.000,63,4856,4856
30,20,20,75,1,5,663824522,DFS,1,123,193,126,0.000,399,4856,4856
31,20,20,75,1,5,926287081,BFS,1,21,199,20,0.000,59,4856,4856
31,20,20,75,1,5,926287081,DFS,1,155,217,156,0.000,461,4856,4856
32,20,20,75,1,5,1967809897,BFS,1,22,144,19,0.000,60,4856,4856
32,20,20,75,1,5,1967809897,DFS,1,22,23,23,0.000,60,4856,4856
33,20,20,75,1,5,2248296901,BFS,1,31,268,24,0.000,93,4856,4856
33,20,20,75,1,5,2248296901,DFS,1,173,281,187,0.000,529,4856,4856
34,20,20,75,1,5,2926689282,BFS,1,22,320,32,0.000,68,4856,4856
34,20,20,75,1,5,2926689282,DFS,1,32,33,33,0.000,102,4856,4856
35,20,20,75,1,5,1797790406,BFS,1,17,266,28,0.000,56,4856,4856
35,20,20,75,1,5,1797790406,DFS,1,157,210,158,0.000,472,4856,4856
36,20,20,75,1,5,2287701861,BFS,1,24,288,25,0.000,64,4856,4856
36,20,20,75,1,5,2287701861,DFS,1,80,94,81,0.000,229,4856,4856
37,20,20,75,1,5,538406131,BFS,1,7,18,5,0.000,24,4856,4856
37,20,20,75,1,5,538406131,DFS,1,23,32,25,0.000,77,4856,4856
38,20,20,75,1,5,2261104758,BFS,1,24,322,23,0.000,66,4856,4856
38,20,20,75,1,5,2261104758,DFS,1,48,53,49,0.000,147,4856,4856
39,20,20,75,1,5,3636755000,BFS,1,19,227,25,0.000,60,4856,4856
39,20,20,75,1,5,3636755000,DFS,1,181,315,182,0.000,562,4856,4856
40,20,20,75,1,5,2313885014,BFS,1,14,171,25,0.000,40,4856,4856
40,20,20,75,1,5,2313885014,DFS,1,126,362,193,0.000,375,4856,4856
41,20,20,75,1,5,2547964436,BFS,1,19,170,16,0.000,49,4856,4856
41,20,20,75,1,5,2547964436,DFS,1,91,126,92,0.000,268,4856,4856
42,20,20,75,1,5,3652535066,BFS,1,7,13,5,0.000,21,4856,4856
42,20,20,75,1,5,3652535066,DFS,1,19,31,20,0.000,66,4856,4856
43,20,20,75,1,5,1730984141,BFS,1,15,102,20,0.000,43,4856,4856
43,20,20,75,1,5,1730984141,DFS,1,205,265,206,0.000,623,4856,4856
44,20,20,75,1,5,12197260,BFS,1,22,342,31,0.000,64,4856,4856
44,20,20,75,1,5,12197260,DFS,1,64,362,212,0.000,200,4856,4856
45,20,20,75,1,5,2813133777,BFS,1,9,83,18,0.000,25,4856,4856
45,20,20,75,1,5,2813133777,DFS,1,169,301,201,0.000,516,4856,4856
46,20,20,75,1,5,2199894187,BFS,1,25,258,23,0.000,75,4856,4856
46,20,20,75,1,5,2199894187,DFS,1,63,67,64,0.000,203,4856,4856
47,20,20,75,1,5,3698559249,BFS,1,17,127,21,0.000,51,4856,4856
47,20,20,75,1,5,3698559249,DFS,1,133,379,255,0.000,378,4856,4856
48,20,20,75,1,5,3314198235,BFS,1,28,275,20,0.000,79,4856,4856
48,20,20,75,1,5,3314198235,DFS,1,180,287,188,0.000,541,4856,4856
49,20,20,75,1,5,1938688637,BFS,1,15,175,23,0.000,44,4856,4856
49,20,20,75,1,5,1938688637,DFS,1,113,142,114,0.000,375,4856,4856
50,20,20,75,1,5,1039629913,BFS,1,17,188,29,0.000,48,4856,4856
50,20,20,75,1,5,1039629913,DFS,1,27,30,28,0.000,71,4856,4856
51,20,20,75,1,5,891647195,BFS,1,38,384,23,0.000,110,4856,4856
51,20,20,75,1,5,891647195,DFS,1,202,378,247,0.000,624,4856,4856
52,20,20,75,1,5,3902762950,BFS,1,23,193,18,0.000,65,4856,4856
52,20,20,75,1,5,3902762950,DFS,1,139,172,146,0.000,436,4856,4856
53,20,20,75,1,5,1206912298,BFS,1,18,147,19,0.000,55,4856,4856
53,20,20,75,1,5,1206912298,DFS,1,90,184,91,0.000,276,4856,4856
54,20,20,75,1,5,1031407134,BFS,1,20,159,13,0.000,58,4856,4856
54,20,20,75,1,5,1031407134,DFS,1,162,311,163,0.000,489,4856,4856
55,20,20,75,1,5,2493748345,BFS,1,36,376,20,0.000,89,4856,4856
55,20,20,75,1,5,2493748345,DFS,1,60,63,61,0.000,189,4856,4856
56,20,20,75,1,5,2398054375,BFS,1,20,184,18,0.000,56,4856,4856
56,20,20,75,1,5,2398054375,DFS,1,42,357,218,0.000,129,4856,4856
57,20,20,75,1,5,248085297,BFS,1,20,178,20,0.000,65,4856,4856
57,20,20,75,1,5,248085297,DFS,1,98,110,99,0.000,294,4856,4856
58,20,20,75,1,5,2380088342,BFS,1,26,359,24,0.000,85,4856,4856
58,20,20,75,1,5,2380088342,DFS,1,58,231,114,0.000,190,4856,4856
59,20,20,75,1,5,4005297707,BFS,1,23,234,19,0.000,58,4856,4856
59,20,20,75,1,5,4005297707,DFS,1,137,188,138,0.000,391,4856,4856
60,20,20,75,1,5,2528083435,BFS,1,23,229,18,0.000,73,4856,4856
60,20,20,75,1,5,2528083435,DFS,1,41,42,42,0.000,125,4856,4856
61,20,20,75,1,5,1610934776,BFS,1,15,175,27,0.000,42,4856,4856
61,20,20,75,1,5,1610934776,DFS,1,117,164,118,0.000,332,4856,4856
62,20,20,75,1,5,906124267,BFS,1,12,99,14,0.000,39,4856,4856
62,20,20,75,1,5,906124267,DFS,1,134,197,135,0.000,428,4856,4856
63,20,20,75,1,5,1201584844,BFS,1,33,326,21,0.000,99,4856,4856
63,20,20,75,1,5,1201584844,DFS,1,181,309,188,0.000,516,4856,4856
64,20,20,75,1,5,2549798995,BFS,1,28,353,22,0.000,82,4856,4856
64,20,20,75,1,5,2549798995,DFS,1,64,69,65,0.000,189,4856,4856
65,20,20,75,1,5,1284914165,BFS,1,17,166,14,0.000,43,4856,4856
65,20,20,75,1,5,1284914165,DFS,1,163,382,219,0.000,490,4856,4856
66,20,20,75,1,5,1062406023,BFS,1,31,384,22,0.000,92,4856,4856
66,20,20,75,1,5,1062406023,DFS,1,139,169,140,0.000,429,4856,4856
67,20,20,75,1,5,2431677570,BFS,1,7,49,14,0.000,18,4856,4856
67,20,20,75,1,5,2431677570,DFS,1,159,200,160,0.000,487,4856,4856
68,20,20,75,1,5,3120222375,BFS,1,11,39,9,0.000,36,4856,4856
68,20,20,75,1,5,3120222375,DFS,1,11,12,12,0.000,36,4856,4856
69,20,20,75,1,5,462415147,BFS,1,7,23,11,0.000,23,4856,4856
69,20,20,75,1,5,462415147,DFS,1,139,192,140,0.000,415,4856,4856
70,20,20,75,1,5,733922170,BFS,1,7,54,16,0.000,26,4856,4856
70,20,20,75,1,5,733922170,DFS,1,45,55,50,0.000,154,4856,4856
71,20,20,75,1,5,1772934959,BFS,1,13,57,8,0.000,35,4856,4856
71,20,20,75,1,5,1772934959,DFS,1,139,296,169,1.000,427,4856,4856
72,20,20,75,1,5,2144228945,BFS,1,26,316,25,0.000,74,4856,4856
72,20,20,75,1,5,2144228945,DFS,1,134,171,139,0.000,416,4856,4856
73,20,20,75,1,5,3579816810,BFS,1,19,248,23,0.000,51,4856,4856
73,20,20,75,1,5,3579816810,DFS,1,171,236,174,0.000,505,4856,4856
74,20,20,75,1,5,1852031638,BFS,1,31,290,24,0.000,97,4856,4856
74,20,20,75,1,5,1852031638,DFS,1,67,121,80,0.000,224,4856,4856
75,20,20,75,1,5,2289649643,BFS,1,35,395,28,0.000,102,4856,4856
75,20,20,75,1,5,2289649643,DFS,1,49,53,50,0.000,151,4856,4856
76,20,20,75,1,5,4189838382,BFS,1,9,56,15,0.000,23,4856,4856
76,20,20,75,1,5,4189838382,DFS,1,155,355,219,0.000,463,4856,4856
77,20,20,75,1,5,2609153495,BFS,1,14,67,12,0.000,34,4856,4856
77,20,20,75,1,5,2609153495,DFS,1,184,308,185,0.000,537,4856,4856
78,20,20,75,1,5,3507907642,BFS,1,26,212,24,0.000,80,4856,4856
78,20,20,75,1,5,3507907642,DFS,1,58,78,65,0.000,180,4856,4856
79,20,20,75,1,5,1094368747,BFS,1,7,40,13,0.000,20,4856,4856
79,20,20,75,1,5,1094368747,DFS,1,159,272,164,0.000,512,4856,4856
80,20,20,75,1,5,3140284569,BFS,1,18,153,18,0.000,56,4856,4856
80,20,20,75,1,5,3140284569,DFS,1,100,118,101,0.000,304,4856,4856
81,20,20,75,1,5,4090152403,BFS,1,5,16,5,0.000,18,4856,4856
81,20,20,75,1,5,4090152403,DFS,1,29,31,30,0.000,105,4856,4856
82,20,20,75,1,5,966377858,BFS,1,24,257,21,0.000,75,4856,4856
82,20,20,75,1,5,966377858,DFS,1,70,71,71,0.000,209,4856,4856
83,20,20,75,1,5,2217057420,BFS,1,15,207,24,0.000,43,4856,4856
83,20,20,75,1,5,2217057420,DFS,1,121,146,122,0.000,364,4856,4856
84,20,20,75,1,5,962811264,BFS,1,29,372,20,0.000,90,4856,4856
84,20,20,75,1,5,962811264,DFS,1,195,314,196,0.000,563,4856,4856
85,20,20,75,1,5,200642520,BFS,1,37,255,19,0.000,89,4856,4856
85,20,20,75,1,5,200642520,DFS,1,237,280,238,0.000,718,4856,4856
86,20,20,75,1,5,4288826205,BFS,1,23,275,22,1.000,77,4856,4856
86,20,20,75,1,5,4288826205,DFS,1,53,72,54,0.000,163,4856,4856
87,20,20,75,1,5,3494954217,BFS,1,19,202,18,0.000,62,4856,4856
87,20,20,75,1,5,3494954217,DFS,1,63,84,64,0.000,203,4856,4856
88,20,20,75,1,5,764729664,BFS,1,20,277,25,0.000,58,4856,4856
88,20,20,75,1,5,764729664,DFS,1,182,360,265,0.000,545,4856,4856
89,20,20,75,1,5,2650962915,BFS,1,16,228,25,0.000,51,4856,4856
89,20,20,75,1,5,2650962915,DFS,1,176,228,177,0.000,524,4856,4856
90,20,20,75,1,5,2129568059,BFS,1,18,157,14,0.000,53,4856,4856
90,20,20,75,1,5,2129568059,DFS,1,108,144,109,0.000,298,4856,4856
91,20,20,75,1,5,139620655,BFS,1,17,255,29,0.000,49,4856,4856
91,20,20,75,1,5,139620655,DFS,1,185,352,186,0.000,542,4856,4856
92,20,20,75,1,5,4056476545,BFS,1,19,134,14,0.000,64,4856,4856
92,20,20,75,1,5,4056476545,DFS,1,53,393,184,0.000,169,4856,4856
93,20,20,75,1,5,860547728,BFS,1,12,34,8,0.000,39,4856,4856
93,20,20,75,1,5,860547728,DFS,1,50,87,59,0.000,159,4856,4856
94,20,20,75,1,5,829474691,BFS,1,19,179,19,0.000,57,4856,4856
94,20,20,75,1,5,829474691,DFS,1,111,143,112,0.000,313,4856,4856
95,20,20,75,1,5,1005043292,BFS,1,3,13,9,0.000,14,4856,4856
95,20,20,75,1,5,1005043292,DFS,1,209,300,215,0.000,645,4856,4856
96,20,20,75,1,5,3118500857,BFS,1,18,139,20,0.000,62,4856,4856
96,20,20,75,1,5,3118500857,DFS,1,102,136,125,0.000,282,4856,4856
97,20,20,75,1,5,803017628,BFS,1,10,85,19,0.000,31,4856,4856
97,20,20,75,1,5,803017628,DFS,1,158,192,159,0.000,477,4856,4856
98,20,20,75,1,5,2413542934,BFS,1,22,194,16,0.000,65,4856,4856
98,20,20,75,1,5,2413542934,DFS,1,172,193,173,0.000,496,4856,4856
99,20,20,75,1,5,2333696302,BFS,1,19,257,26,0.000,58,4856,4856
99,20,20,75,1,5,2333696302,DFS,1,133,165,134,0.000,396,4856,4856
100,20,20,75,1,5,2976976894,BFS,1,11,86,21,0.000,35,4856,4856
100,20,20,75,1,5,2976976894,DFS,1,69,92,70,0.000,196,4856,4856
1,20,20,100,1,5,1012511877,BFS,1,179,222,3,0.000,530,4856,4856
1,20,20,100,1,5,1012511877,DFS,1,179,206,180,0.000,530,4856,4856
2,20,20,100,1,5,456364634,BFS,1,206,256,3,0.000,648,4856,4856
2,20,20,100,1,5,456364634,DFS,1,206,224,207,0.000,648,4856,4856
3,20,20,100,1,5,2655827292,BFS,1,45,48,2,0.000,142,4856,4856
3,20,20,100,1,5,2655827292,DFS,1,45,46,46,0.000,142,4856,4856
4,20,20,100,1,5,2364735679,BFS,1,14,15,1,0.000,39,4856,4856
4,20,20,100,1,5,2364735679,DFS,1,14,15,15,0.000,39,4856,4856
5,20,20,100,1,5,707528851,BFS,1,16,17,1,0.000,40,4856,4856
5,20,20,100,1,5,707528851,DFS,1,16,17,17,0.000,40,4856,4856
6,20,20,100,1,5,126224920,BFS,1,85,110,3,0.000,279,4856,4856
6,20,20,100,1,5,126224920,DFS,1,85,88,86,0.000,279,4856,4856
7,20,20,100,1,5,346237864,BFS,1,113,177,4,0.000,363,4856,4856
7,20,20,100,1,5,346237864,DFS,1,113,367,200,0.000,363,4856,4856
8,20,20,100,1,5,3209869432,BFS,1,153,232,4,0.000,448,4856,4856
8,20,20,100,1,5,3209869432,DFS,1,153,163,155,0.000,448,4856,4856
9,20,20,100,1,5,2485119261,BFS,1,133,247,6,0.000,403,4856,4856
9,20,20,100,1,5,2485119261,DFS,1,133,217,134,0.000,403,4856,4856
10,20,20,100,1,5,3864775392,BFS,1,114,190,6,0.000,354,4856,4856
10,20,20,100,1,5,3864775392,DFS,1,114,242,142,0.000,354,4856,4856
11,20,20,100,1,5,1187319579,BFS,1,95,139,5,0.000,287,4856,4856
11,20,20,100,1,5,1187319579,DFS,1,95,96,96,0.000,287,4856,4856
12,20,20,100,1,5,2479825932,BFS,1,160,312,6,0.000,474,4856,4856
12,20,20,100,1,5,2479825932,DFS,1,160,233,200,0.000,474,4856,4856
13,20,20,100,1,5,3688942443,BFS,1,234,363,5,0.000,689,4856,4856
13,20,20,100,1,5,3688942443,DFS,1,234,345,237,0.000,689,4856,4856
14,20,20,100,1,5,2899609194,BFS,1,221,357,5,0.000,659,4856,4856
14,20,20,100,1,5,2899609194,DFS,1,221,280,222,0.000,659,4856,4856
15,20,20,100,1,5,2758519933,BFS,1,188,249,3,0.000,571,4856,4856
15,20,20,100,1,5,2758519933,DFS,1,188,215,189,0.000,571,4856,4856
16,20,20,100,1,5,362223790,BFS,1,38,43,2,0.000,119,4856,4856
16,20,20,100,1,5,362223790,DFS,1,38,39,39,0.000,119,4856,4856
17,20,20,100,1,5,1703762675,BFS,1,81,136,5,0.000,222,4856,4856
17,20,20,100,1,5,1703762675,DFS,1,81,84,82,0.000,222,4856,4856
18,20,20,100,1,5,1500614112,BFS,1,149,229,4,0.000,433,4856,4856
18,20,20,100,1,5,1500614112,DFS,1,149,250,185,0.000,433,4856,4856
19,20,20,100,1,5,2686326607,BFS,1,255,390,5,0.000,759,4856,4856
19,20,20,100,1,5,2686326607,DFS,1,255,317,256,0.000,759,4856,4856
20,20,20,100,1,5,3668699674,BFS,1,120,179,5,0.000,353,4856,4856
20,20,20,100,1,5,3668699674,DFS,1,120,204,140,1.000,353,4856,4856
21,20,20,100,1,5,2140038761,BFS,1,264,399,6,0.000,768,4856,4856
21,20,20,100,1,5,2140038761,DFS,1,264,378,265,0.000,768,4856,4856
22,20,20,100,1,5,2733411704,BFS,1,128,165,3,0.000,377,4856,4856
22,20,20,100,1,5,2733411704,DFS,1,128,135,129,0.000,377,4856,4856
23,20,20,100,1,5,1467288829,BFS,1,205,356,6,0.000,632,4856,4856
23,20,20,100,1,5,1467288829,DFS,1,205,227,206,0.000,632,4856,4856
24,20,20,100,1,5,4180366312,BFS,1,11,12,1,0.000,34,4856,4856
24,20,20,100,1,5,4180366312,DFS,1,11,12,12,0.000,34,4856,4856
25,20,20,100,1,5,645984743,BFS,1,146,224,4,0.000,454,4856,4856
25,20,20,100,1,5,645984743,DFS,1,146,199,147,0.000,454,4856,4856
26,20,20,100,1,5,1239478643,BFS,1,131,169,5,0.000,383,4856,4856
26,20,20,100,1,5,1239478643,DFS,1,131,164,132,0.000,383,4856,4856
27,20,20,100,1,5,1519471829,BFS,1,166,379,10,0.000,486,4856,4856
27,20,20,100,1,5,1519471829,DFS,1,166,357,176,0.000,486,4856,4856
28,20,20,100,1,5,2818514990,BFS,1,189,285,5,0.000,541,4856,4856
28,20,20,100,1,5,2818514990,DFS,1,189,248,190,0.000,541,4856,4856
29,20,20,100,1,5,2908553081,BFS,1,35,40,2,0.000,96,4856,4856
29,20,20,100,1,5,2908553081,DFS,1,35,40,36,0.000,96,4856,4856
30,20,20,100,1,5,1033287860,BFS,1,45,52,3,0.000,137,4856,4856
30,20,20,100,1,5,1033287860,DFS,1,45,52,46,1.000,137,4856,4856
31,20,20,100,1,5,1451920577,BFS,1,177,344,6,0.000,526,4856,4856
31,20,20,100,1,5,1451920577,DFS,1,177,332,178,1.000,526,4856,4856
32,20,20,100,1,5,3355308947,BFS,1,106,175,4,0.000,316,4856,4856
32,20,20,100,1,5,3355308947,DFS,1,106,119,107,0.000,316,4856,4856
33,20,20,100,1,5,3453900517,BFS,1,133,210,4,0.000,398,4856,4856
33,20,20,100,1,5,3453900517,DFS,1,133,194,134,0.000,398,4856,4856
34,20,20,100,1,5,1382648990,BFS,1,90,110,2,0.000,273,4856,4856
34,20,20,100,1,5,1382648990,DFS,1,90,93,91,0.000,273,4856,4856
35,20,20,100,1,5,1641769197,BFS,1,57,65,2,0.000,176,4856,4856
35,20,20,100,1,5,1641769197,DFS,1,57,62,58,0.000,176,4856,4856
36,20,20,100,1,5,4180525264,BFS,1,180,267,5,0.000,535,4856,4856
36,20,20,100,1,5,4180525264,DFS,1,180,344,257,1.000,535,4856,4856
37,20,20,100,1,5,937489537,BFS,1,11,12,1,0.000,34,4856,4856
37,20,20,100,1,5,937489537,DFS,1,11,12,12,0.000,34,4856,4856
38,20,20,100,1,5,438129782,BFS,1,168,262,5,0.000,468,4856,4856
38,20,20,100,1,5,438129782,DFS,1,168,258,180,0.000,468,4856,4856
39,20,20,100,1,5,614293662,BFS,1,151,213,5,0.000,469,4856,4856
39,20,20,100,1,5,614293662,DFS,1,151,229,178,0.000,469,4856,4856
40,20,20,100,1,5,2734981362,BFS,1,196,308,6,0.000,530,4856,4856
40,20,20,100,1,5,2734981362,DFS,1,196,231,197,0.000,530,4856,4856
41,20,20,100,1,5,3759153044,BFS,1,35,36,1,0.000,90,4856,4856
41,20,20,100,1,5,3759153044,DFS,1,35,36,36,0.000,90,4856,4856
42,20,20,100,1,5,1353027561,BFS,1,245,349,6,0.000,754,4856,4856
42,20,20,100,1,5,1353027561,DFS,1,245,317,246,0.000,754,4856,4856
43,20,20,100,1,5,347382702,BFS,1,117,176,5,0.000,346,4856,4856
43,20,20,100,1,5,347382702,DFS,1,117,398,262,0.000,346,4856,4856
44,20,20,100,1,5,4262436612,BFS,1,52,56,2,0.000,152,4856,4856
44,20,20,100,1,5,4262436612,DFS,1,52,53,53,0.000,152,4856,4856
45,20,20,100,1,5,2572322489,BFS,1,141,300,6,1.000,436,4856,4856
45,20,20,100,1,5,2572322489,DFS,1,141,243,177,0.000,436,4856,4856
46,20,20,100,1,5,621311036,BFS,1,55,70,3,0.000,168,4856,4856
46,20,20,100,1,5,621311036,DFS,1,55,57,56,0.000,168,4856,4856
47,20,20,100,1,5,1911830884,BFS,1,203,350,5,0.000,579,4856,4856
47,20,20,100,1,5,1911830884,DFS,1,203,277,222,0.000,579,4856,4856
48,20,20,100,1,5,2443853254,BFS,1,160,230,4,0.000,479,4856,4856
48,20,20,100,1,5,2443853254,DFS,1,160,260,186,0.000,479,4856,4856
49,20,20,100,1,5,1216728524,BFS,1,115,169,4,0.000,339,4856,4856
49,20,20,100,1,5,1216728524,DFS,1,115,332,212,0.000,339,4856,4856
50,20,20,100,1,5,2182731775,BFS,1,131,183,5,0.000,387,4856,4856
50,20,20,100,1,5,2182731775,DFS,1,131,224,180,0.000,387,4856,4856
51,20,20,100,1,5,1843290362,BFS,1,278,377,4,0.000,851,4856,4856
51,20,20,100,1,5,1843290362,DFS,1,278,378,292,0.000,851,4856,4856
52,20,20,100,1,5,1612104305,BFS,1,157,312,6,0.000,482,4856,4856
52,20,20,100,1,5,1612104305,DFS,1,157,191,163,0.000,482,4856,4856
53,20,20,100,1,5,2261034234,BFS,1,116,140,4,0.000,345,4856,4856
53,20,20,100,1,5,2261034234,DFS,1,116,180,143,0.000,345,4856,4856
54,20,20,100,1,5,1892400983,BFS,1,40,60,3,0.000,131,4856,4856
54,20,20,100,1,5,1892400983,DFS,1,40,54,41,0.000,131,4856,4856
55,20,20,100,1,5,587290427,BFS,1,172,279,5,0.000,535,4856,4856
55,20,20,100,1,5,587290427,DFS,1,172,208,173,0.000,535,4856,4856
56,20,20,100,1,5,2492685320,BFS,1,212,385,6,0.000,645,4856,4856
56,20,20,100,1,5,2492685320,DFS,1,212,237,220,0.000,645,4856,4856
57,20,20,100,1,5,2312140178,BFS,1,120,150,5,0.000,385,4856,4856
57,20,20,100,1,5,2312140178,DFS,1,120,128,121,0.000,385,4856,4856
58,20,20,100,1,5,1729833260,BFS,1,110,139,3,0.000,337,4856,4856
58,20,20,100,1,5,1729833260,DFS,1,110,114,111,0.000,337,4856,4856
59,20,20,100,1,5,3113936688,BFS,1,145,218,6,0.000,394,4856,4856
59,20,20,100,1,5,3113936688,DFS,1,145,216,146,0.000,394,4856,4856
60,20,20,100,1,5,1662885789,BFS,1,213,383,8,0.000,609,4856,4856
60,20,20,100,1,5,1662885789,DFS,1,213,228,214,0.000,609,4856,4856
61,20,20,100,1,5,1718781699,BFS,1,29,30,1,0.000,85,4856,4856
61,20,20,100,1,5,1718781699,DFS,1,29,30,30,0.000,85,4856,4856
62,20,20,100,1,5,50859225,BFS,1,62,81,4,0.000,192,4856,4856
62,20,20,100,1,5,50859225,DFS,1,62,78,63,0.000,192,4856,4856
63,20,20,100,1,5,3077801935,BFS,1,101,182,6,0.000,300,4856,4856
63,20,20,100,1,5,3077801935,DFS,1,101,176,103,0.000,300,4856,4856
64,20,20,100,1,5,4267794051,BFS,1,150,206,5,0.000,433,4856,4856
64,20,20,100,1,5,4267794051,DFS,1,150,164,151,0.000,433,4856,4856
65,20,20,100,1,5,418149616,BFS,1,149,273,4,0.000,448,4856,4856
65,20,20,100,1,5,418149616,DFS,1,149,349,195,0.000,448,4856,4856
66,20,20,100,1,5,3911785331,BFS,1,173,244,4,0.000,512,4856,4856
66,20,20,100,1,5,3911785331,DFS,1,173,371,279,0.000,512,4856,4856
67,20,20,100,1,5,1533656246,BFS,1,171,277,7,0.000,519,4856,4856
67,20,20,100,1,5,1533656246,DFS,1,171,275,181,0.000,519,4856,4856
68,20,20,100,1,5,1489231947,BFS,1,11,12,1,0.000,36,4856,4856
68,20,20,100,1,5,1489231947,DFS,1,11,12,12,0.000,36,4856,4856
69,20,20,100,1,5,354044482,BFS,1,9,10,1,0.000,32,4856,4856
69,20,20,100,1,5,354044482,DFS,1,9,10,10,0.000,32,4856,4856
70,20,20,100,1,5,2305553464,BFS,1,87,127,5,0.000,275,4856,4856
70,20,20,100,1,5,2305553464,DFS,1,87,100,94,0.000,275,4856,4856
71,20,20,100,1,5,3091112895,BFS,1,221,341,5,0.000,679,4856,4856
71,20,20,100,1,5,3091112895,DFS,1,221,323,246,0.000,679,4856,4856
72,20,20,100,1,5,4160087186,BFS,1,68,74,2,0.000,187,4856,4856
72,20,20,100,1,5,4160087186,DFS,1,68,74,69,0.000,187,4856,4856
73,20,20,100,1,5,2974413822,BFS,1,107,141,4,0.000,321,4856,4856
73,20,20,100,1,5,2974413822,DFS,1,107,384,265,0.000,321,4856,4856
74,20,20,100,1,5,539801748,BFS,1,167,248,6,0.000,489,4856,4856
74,20,20,100,1,5,539801748,DFS,1,167,345,232,0.000,489,4856,4856
75,20,20,100,1,5,4217040214,BFS,1,139,169,3,0.000,407,4856,4856
75,20,20,100,1,5,4217040214,DFS,1,139,144,140,0.000,407,4856,4856
76,20,20,100,1,5,2276582094,BFS,1,189,272,4,0.000,591,4856,4856
76,20,20,100,1,5,2276582094,DFS,1,189,243,190,0.000,591,4856,4856
77,20,20,100,1,5,3931689553,BFS,1,140,261,5,0.000,421,4856,4856
77,20,20,100,1,5,3931689553,DFS,1,140,221,147,0.000,421,4856,4856
78,20,20,100,1,5,3320984822,BFS,1,188,302,7,0.000,568,4856,4856
78,20,20,100,1,5,3320984822,DFS,1,188,279,215,1.000,568,4856,4856
79,20,20,100,1,5,3208376315,BFS,1,233,338,5,0.000,696,4856,4856
79,20,20,100,1,5,3208376315,DFS,1,233,308,234,0.000,696,4856,4856
80,20,20,100,1,5,1300004738,BFS,1,60,79,3,0.000,186,4856,4856
80,20,20,100,1,5,1300004738,DFS,1,60,78,61,0.000,186,4856,4856
81,20,20,100,1,5,2927753163,BFS,1,177,372,7,0.000,544,4856,4856
81,20,20,100,1,5,2927753163,DFS,1,177,275,190,0.000,544,4856,4856
82,20,20,100,1,5,3861476172,BFS,1,100,128,4,0.000,284,4856,4856
82,20,20,100,1,5,3861476172,DFS,1,100,109,101,0.000,284,4856,4856
83,20,20,100,1,5,3986367651,BFS,1,119,201,6,0.000,369,4856,4856
83,20,20,100,1,5,3986367651,DFS,1,119,143,128,0.000,369,4856,4856
84,20,20,100,1,5,3583558659,BFS,1,79,154,4,0.000,226,4856,4856
84,20,20,100,1,5,3583558659,DFS,1,79,339,197,0.000,226,4856,4856
85,20,20,100,1,5,1713902975,BFS,1,157,358,5,0.000,468,4856,4856
85,20,20,100,1,5,1713902975,DFS,1,157,314,158,0.000,468,4856,4856
86,20,20,100,1,5,725357679,BFS,1,169,349,7,0.000,511,4856,4856
86,20,20,100,1,5,725357679,DFS,1,169,217,170,0.000,511,4856,4856
87,20,20,100,1,5,3111761057,BFS,1,93,107,4,0.000,298,4856,4856
87,20,20,100,1,5,3111761057,DFS,1,93,106,94,0.000,298,4856,4856
88,20,20,100,1,5,920154836,BFS,1,190,287,4,1.000,550,4856,4856
88,20,20,100,1,5,920154836,DFS,1,190,254,191,0.000,550,4856,4856
89,20,20,100,1,5,4252467141,BFS,1,214,319,4,0.000,636,4856,4856
89,20,20,100,1,5,4252467141,DFS,1,214,257,215,0.000,636,4856,4856
90,20,20,100,1,5,1327458599,BFS,1,58,59,1,0.000,162,4856,4856
90,20,20,100,1,5,1327458599,DFS,1,58,59,59,0.000,162,4856,4856
91,20,20,100,1,5,3653076316,BFS,1,73,86,3,0.000,206,4856,4856
91,20,20,100,1,5,3653076316,DFS,1,73,82,74,0.000,206,4856,4856
92,20,20,100,1,5,2316375915,BFS,1,155,390,6,0.000,482,4856,4856
92,20,20,100,1,5,2316375915,DFS,1,155,272,156,0.000,482,4856,4856
93,20,20,100,1,5,1836035777,BFS,1,30,34,2,0.000,95,4856,4856
93,20,20,100,1,5,1836035777,DFS,1,30,34,31,0.000,95,4856,4856
94,20,20,100,1,5,2864132281,BFS,1,89,101,2,0.000,256,4856,4856
94,20,20,100,1,5,2864132281,DFS,1,89,101,90,0.000,256,4856,4856
95,20,20,100,1,5,2433306769,BFS,1,41,54,4,0.000,138,4856,4856
95,20,20,100,1,5,2433306769,DFS,1,41,58,45,0.000,138,4856,4856
96,20,20,100,1,5,2692811952,BFS,1,188,363,10,0.000,554,4856,4856
96,20,20,100,1,5,2692811952,DFS,1,188,198,189,0.000,554,4856,4856
97,20,20,100,1,5,3058230425,BFS,1,36,41,3,0.000,106,4856,4856
97,20,20,100,1,5,3058230425,DFS,1,36,43,38,0.000,106,4856,4856
98,20,20,100,1,5,602217731,BFS,1,194,282,5,0.000,573,4856,4856
98,20,20,100,1,5,602217731,DFS,1,194,325,274,0.000,573,4856,4856
99,20,20,100,1,5,1906308696,BFS,1,151,216,4,0.000,452,4856,4856
99,20,20,100,1,5,1906308696,DFS,1,151,207,152,0.000,452,4856,4856
100,20,20,100,1,5,3138605636,BFS,1,175,238,4,1.000,509,4856,4856
100,20,20,100,1,5,3138605636,DFS,1,175,198,176,0.000,509,4856,4856
1,50,50,0,1,5,1431903792,BFS,1,6,79,25,0.000,17,30056,30056
1,50,50,0,1,5,1431903792,DFS,1,374,375,375,0.000,1138,30056,30056
2,50,50,0,1,5,2241438093,BFS,1,9,145,28,0.000,30,30056,30056
2,50,50,0,1,5,2241438093,DFS,1,1395,1396,1396,0.000,4189,30056,30056
3,50,50,0,1,5,1036805048,BFS,1,24,757,47,0.000,75,30056,30056
3,50,50,0,1,5,1036805048,DFS,1,334,335,335,0.000,1004,30056,30056
4,50,50,0,1,5,1519429885,BFS,1,7,62,17,0.000,26,30056,30056
4,50,50,0,1,5,1519429885,DFS,1,301,2002,1750,0.000,913,30056,30056
5,50,50,0,1,5,1720809812,BFS,1,56,1727,51,0.000,168,30056,30056
5,50,50,0,1,5,1720809812,DFS,1,856,857,857,0.000,2562,30056,30056
6,50,50,0,1,5,2192864469,BFS,1,7,94,29,0.000,16,30056,30056
6,50,50,0,1,5,2192864469,DFS,1,1887,1888,1888,1.000,5720,30056,30056
7,50,50,0,1,5,1272143900,BFS,1,21,859,77,0.000,64,30056,30056
7,50,50,0,1,5,1272143900,DFS,1,843,844,844,0.000,2567,30056,30056
8,50,50,0,1,5,859256300,BFS,1,10,179,31,0.000,31,30056,30056
8,50,50,0,1,5,859256300,DFS,1,1704,1705,1705,0.000,5078,30056,30056
9,50,50,0,1,5,3440061145,BFS,1,33,748,41,0.000,81,30056,30056
9,50,50,0,1,5,3440061145,DFS,1,1333,1334,1334,0.000,3948,30056,30056
10,50,50,0,1,5,3105306381,BFS,1,39,2029,69,0.000,116,30056,30056
10,50,50,0,1,5,3105306381,DFS,1,2075,2076,2076,0.000,6121,30056,30056
11,50,50,0,1,5,2679093098,BFS,1,13,289,36,0.000,41,30056,30056
11,50,50,0,1,5,2679093098,DFS,1,13,14,14,0.000,41,30056,30056
12,50,50,0,1,5,2081146670,BFS,1,56,1985,51,0.000,153,30056,30056
12,50,50,0,1,5,2081146670,DFS,1,66,67,67,0.000,200,30056,30056
13,50,50,0,1,5,4236525765,BFS,1,52,2301,60,1.000,155,30056,30056
13,50,50,0,1,5,4236525765,DFS,1,414,415,415,0.000,1192,30056,30056
14,50,50,0,1,5,41546649,BFS,1,20,805,78,0.000,66,30056,30056
14,50,50,0,1,5,41546649,DFS,1,908,909,909,0.000,2784,30056,30056
15,50,50,0,1,5,2680220095,BFS,1,5,55,23,0.000,12,30056,30056
15,50,50,0,1,5,2680220095,DFS,1,771,772,772,0.000,2325,30056,30056
16,50,50,0,1,5,3774503037,BFS,1,33,1686,75,0.000,97,30056,30056
16,50,50,0,1,5,3774503037,DFS,1,1379,1380,1380,0.000,4112,30056,30056
17,50,50,0,1,5,1103667550,BFS,1,4,36,19,0.000,11,30056,30056
17,50,50,0,1,5,1103667550,DFS,1,1798,1799,1799,1.000,5446,30056,30056
18,50,50,0,1,5,2790548077,BFS,1,42,1761,61,0.000,128,30056,30056
18,50,50,0,1,5,2790548077,DFS,1,542,543,543,0.000,1629,30056,30056
19,50,50,0,1,5,3542753360,BFS,1,27,1348,78,0.000,96,30056,30056
19,50,50,0,1,5,3542753360,DFS,1,663,664,664,0.000,2037,30056,30056
20,50,50,0,1,5,1161024243,BFS,1,39,1932,72,0.000,119,30056,30056
20,50,50,0,1,5,1161024243,DFS,1,739,740,740,0.000,2220,30056,30056
21,50,50,0,1,5,3274613074,BFS,1,2,10,11,0.000,10,30056,30056
21,50,50,0,1,5,3274613074,DFS,1,1000,1001,1001,0.000,2999,30056,30056
22,50,50,0,1,5,1628411641,BFS,1,61,2176,56,0.000,196,30056,30056
22,50,50,0,1,5,1628411641,DFS,1,77,78,78,0.000,230,30056,30056
23,50,50,0,1,5,601865707,BFS,1,7,97,30,0.000,24,30056,30056
23,50,50,0,1,5,601865707,DFS,1,567,568,568,0.000,1717,30056,30056
24,50,50,0,1,5,1861148582,BFS,1,20,626,48,0.000,56,30056,30056
24,50,50,0,1,5,1861148582,DFS,1,1008,1009,1009,0.000,3001,30056,30056
25,50,50,0,1,5,2524990201,BFS,1,31,1671,76,0.000,100,30056,30056
25,50,50,0,1,5,2524990201,DFS,1,2467,2468,2468,1.000,7368,30056,30056
26,50,50,0,1,5,3792732553,BFS,1,61,2401,61,0.000,178,30056,30056
26,50,50,0,1,5,3792732553,DFS,1,2045,2056,2046,0.000,5965,30056,30056
27,50,50,0,1,5,1231445693,BFS,1,32,1218,55,1.000,99,30056,30056
27,50,50,0,1,5,1231445693,DFS,1,1450,1451,1451,0.000,4329,30056,30056
28,50,50,0,1,5,2968312091,BFS,1,10,185,32,0.000,30,30056,30056
28,50,50,0,1,5,2968312091,DFS,1,2498,2499,2499,0.000,7366,30056,30056
29,50,50,0,1,5,587269862,BFS,1,19,671,67,0.000,60,30056,30056
29,50,50,0,1,5,587269862,DFS,1,2065,2090,2066,0.000,6181,30056,30056
30,50,50,0,1,5,1381223957,BFS,1,31,1129,54,0.000,93,30056,30056
30,50,50,0,1,5,1381223957,DFS,1,291,292,292,0.000,854,30056,30056
31,50,50,0,1,5,2394798522,BFS,1,44,1771,54,0.000,122,30056,30056
31,50,50,0,1,5,2394798522,DFS,1,1686,1708,1687,0.000,5047,30056,30056
32,50,50,0,1,5,2127415903,BFS,1,14,414,60,0.000,47,30056,30056
32,50,50,0,1,5,2127415903,DFS,1,1234,1264,1235,0.000,3732,30056,30056
33,50,50,0,1,5,156083883,BFS,1,46,1956,60,0.000,142,30056,30056
33,50,50,0,1,5,156083883,DFS,1,2440,2452,2441,0.000,7373,30056,30056
34,50,50,0,1,5,4076937454,BFS,1,42,1436,56,0.000,138,30056,30056
34,50,50,0,1,5,4076937454,DFS,1,1584,1585,1585,0.000,4817,30056,30056
35,50,50,0,1,5,2536566322,BFS,1,51,2116,56,0.000,157,30056,30056
35,50,50,0,1,5,2536566322,DFS,1,387,388,388,0.000,1167,30056,30056
36,50,50,0,1,5,1475671971,BFS,1,20,681,60,0.000,59,30056,30056
36,50,50,0,1,5,1475671971,DFS,1,338,339,339,0.000,990,30056,30056
37,50,50,0,1,5,1464337614,BFS,1,35,1385,58,0.000,97,30056,30056
37,50,50,0,1,5,1464337614,DFS,1,1777,1778,1778,0.000,5274,30056,30056
38,50,50,0,1,5,1822357023,BFS,1,35,1495,61,0.000,99,30056,30056
38,50,50,0,1,5,1822357023,DFS,1,255,256,256,0.000,766,30056,30056
39,50,50,0,1,5,844600638,BFS,1,50,2246,62,0.000,161,30056,30056
39,50,50,0,1,5,844600638,DFS,1,482,483,483,0.000,1494,30056,30056
40,50,50,0,1,5,3301403772,BFS,1,40,1543,55,0.000,120,30056,30056
40,50,50,0,1,5,3301403772,DFS,1,628,629,629,0.000,1856,30056,30056
41,50,50,0,1,5,2829684207,BFS,1,34,1011,49,0.000,112,30056,30056
41,50,50,0,1,5,2829684207,DFS,1,942,943,943,0.000,2778,30056,30056
42,50,50,0,1,5,1982328432,BFS,1,33,1362,62,0.000,99,30056,30056
42,50,50,0,1,5,1982328432,DFS,1,2119,2121,2120,0.000,6407,30056,30056
43,50,50,0,1,5,637987533,BFS,1,37,759,40,0.000,114,30056,30056
43,50,50,0,1,5,637987533,DFS,1,941,942,942,0.000,2778,30056,30056
44,50,50,0,1,5,4265960171,BFS,1,16,489,58,1.000,42,30056,30056
44,50,50,0,1,5,4265960171,DFS,1,2268,2269,2269,0.000,6719,30056,30056
45,50,50,0,1,5,2648765044,BFS,1,24,969,70,0.000,64,30056,30056
45,50,50,0,1,5,2648765044,DFS,1,1280,1319,1281,0.000,3844,30056,30056
46,50,50,0,1,5,19031257,BFS,1,4,26,16,0.000,11,30056,30056
46,50,50,0,1,5,19031257,DFS,1,4,5,5,0.000,11,30056,30056
47,50,50,0,1,5,1769803510,BFS,1,13,305,41,0.000,33,30056,30056
47,50,50,0,1,5,1769803510,DFS,1,1953,1954,1954,0.000,5947,30056,30056
48,50,50,0,1,5,2422591981,BFS,1,49,2413,78,0.000,151,30056,30056
48,50,50,0,1,5,2422591981,DFS,1,1985,1986,1986,0.000,5970,30056,30056
49,50,50,0,1,5,3442283763,BFS,1,48,2028,56,0.000,159,30056,30056
49,50,50,0,1,5,3442283763,DFS,1,808,809,809,0.000,2424,30056,30056
50,50,50,0,1,5,623999978,BFS,1,40,1850,63,0.000,122,30056,30056
50,50,50,0,1,5,623999978,DFS,1,584,585,585,0.000,1796,30056,30056
51,50,50,0,1,5,3871363124,BFS,1,12,273,50,0.000,39,30056,30056
51,50,50,0,1,5,3871363124,DFS,1,1512,1513,1513,0.000,4615,30056,30056
52,50,50,0,1,5,1451681991,BFS,1,41,1655,60,0.000,122,30056,30056
52,50,50,0,1,5,1451681991,DFS,1,903,904,904,0.000,2699,30056,30056
53,50,50,0,1,5,2892855209,BFS,1,10,193,42,0.000,37,30056,30056
53,50,50,0,1,5,2892855209,DFS,1,1628,1629,1629,1.000,4900,30056,30056
54,50,50,0,1,5,3155988776,BFS,1,27,673,43,0.000,83,30056,30056
54,50,50,0,1,5,3155988776,DFS,1,1513,1514,1514,0.000,4564,30056,30056
55,50,50,0,1,5,3380611458,BFS,1,15,363,36,0.000,42,30056,30056
55,50,50,0,1,5,3380611458,DFS,1,115,116,116,0.000,373,30056,30056
56,50,50,0,1,5,1335558571,BFS,1,27,962,52,0.000,73,30056,30056
56,50,50,0,1,5,1335558571,DFS,1,1617,1618,1618,0.000,4810,30056,30056
57,50,50,0,1,5,2718044216,BFS,1,26,1330,90,0.000,85,30056,30056
57,50,50,0,1,5,2718044216,DFS,1,794,795,795,0.000,2407,30056,30056
58,50,50,0,1,5,2797150157,BFS,1,35,1422,59,0.000,101,30056,30056
58,50,50,0,1,5,2797150157,DFS,1,2165,2166,2166,0.000,6496,30056,30056
59,50,50,0,1,5,3685963143,BFS,1,33,1274,57,0.000,101,30056,30056
59,50,50,0,1,5,3685963143,DFS,1,2315,2358,2316,0.000,6785,30056,30056
60,50,50,0,1,5,1849330357,BFS,1,12,259,40,0.000,33,30056,30056
60,50,50,0,1,5,1849330357,DFS,1,122,123,123,0.000,364,30056,30056
61,50,50,0,1,5,1099269584,BFS,1,49,1856,57,0.000,118,30056,30056
61,50,50,0,1,5,1099269584,DFS,1,1649,1650,1650,0.000,4888,30056,30056
62,50,50,0,1,5,2238210770,BFS,1,41,1643,58,0.000,123,30056,30056
62,50,50,0,1,5,2238210770,DFS,1,1373,1417,1374,0.000,4140,30056,30056
63,50,50,0,1,5,1246900315,BFS,1,20,410,34,0.000,57,30056,30056
63,50,50,0,1,5,1246900315,DFS,1,1622,1623,1623,0.000,4867,30056,30056
64,50,50,0,1,5,1109205523,BFS,1,67,2447,60,0.000,208,30056,30056
64,50,50,0,1,5,1109205523,DFS,1,103,104,104,0.000,315,30056,30056
65,50,50,0,1,5,334227020,BFS,1,55,1819,54,0.000,159,30056,30056
65,50,50,0,1,5,334227020,DFS,1,1727,1729,1728,0.000,5149,30056,30056
66,50,50,0,1,5,838415419,BFS,1,8,127,34,0.000,29,30056,30056
66,50,50,0,1,5,838415419,DFS,1,708,709,709,0.000,2149,30056,30056
67,50,50,0,1,5,2336086489,BFS,1,24,904,55,0.000,78,30056,30056
67,50,50,0,1,5,2336086489,DFS,1,2202,2203,2203,0.000,6493,30056,30056
68,50,50,0,1,5,2890547595,BFS,1,31,1431,68,0.000,100,30056,30056
68,50,50,0,1,5,2890547595,DFS,1,2379,2408,2380,1.000,7084,30056,30056
69,50,50,0,1,5,1062895068,BFS,1,16,498,60,0.000,50,30056,30056
69,50,50,0,1,5,1062895068,DFS,1,1136,1172,1137,0.000,3404,30056,30056
70,50,50,0,1,5,2248159814,BFS,1,29,973,54,1.000,88,30056,30056
70,50,50,0,1,5,2248159814,DFS,1,1229,1230,1230,0.000,3672,30056,30056
71,50,50,0,1,5,180042743,BFS,1,8,125,34,0.000,25,30056,30056
71,50,50,0,1,5,180042743,DFS,1,708,709,709,0.000,2058,30056,30056
72,50,50,0,1,5,4106082727,BFS,1,39,2095,80,0.000,129,30056,30056
72,50,50,0,1,5,4106082727,DFS,1,1759,1793,1760,0.000,5279,30056,30056
73,50,50,0,1,5,2307910050,BFS,1,46,1916,58,0.000,137,30056,30056
73,50,50,0,1,5,2307910050,DFS,1,464,465,465,0.000,1422,30056,30056
74,50,50,0,1,5,2822841212,BFS,1,38,1216,50,0.000,111,30056,30056
74,50,50,0,1,5,2822841212,DFS,1,968,969,969,0.000,2874,30056,30056
75,50,50,0,1,5,3956055100,BFS,1,44,1618,52,0.000,145,30056,30056
75,50,50,0,1,5,3956055100,DFS,1,668,669,669,0.000,1983,30056,30056
76,50,50,0,1,5,1824041385,BFS,1,59,2304,53,1.000,172,30056,30056
76,50,50,0,1,5,1824041385,DFS,1,91,92,92,0.000,271,30056,30056
77,50,50,0,1,5,1604354890,BFS,1,67,1990,50,0.000,211,30056,30056
77,50,50,0,1,5,1604354890,DFS,1,897,898,898,0.000,2731,30056,30056
78,50,50,0,1,5,1064885853,BFS,1,47,1758,50,0.000,137,30056,30056
78,50,50,0,1,5,1064885853,DFS,1,1811,1812,1812,0.000,5498,30056,30056
79,50,50,0,1,5,3472325103,BFS,1,27,507,34,0.000,74,30056,30056
79,50,50,0,1,5,3472325103,DFS,1,1207,1208,1208,0.000,3577,30056,30056
80,50,50,0,1,5,523808674,BFS,1,30,1370,64,0.000,88,30056,30056
80,50,50,0,1,5,523808674,DFS,1,1430,1431,1431,0.000,4218,30056,30056
81,50,50,0,1,5,254810812,BFS,1,30,1460,71,0.000,88,30056,30056
81,50,50,0,1,5,254810812,DFS,1,730,731,731,0.000,2160,30056,30056
82,50,50,0,1,5,2624347014,BFS,1,25,1232,82,0.000,83,30056,30056
82,50,50,0,1,5,2624347014,DFS,1,2027,2057,2028,1.000,5974,30056,30056
83,50,50,0,1,5,2769534117,BFS,1,5,44,18,0.000,12,30056,30056
83,50,50,0,1,5,2769534117,DFS,1,2289,2290,2290,1.000,6836,30056,30056
84,50,50,0,1,5,3189768938,BFS,1,29,763,44,0.000,95,30056,30056
84,50,50,0,1,5,3189768938,DFS,1,1427,1428,1428,0.000,4196,30056,30056
85,50,50,0,1,5,1931873701,BFS,1,11,211,35,0.000,39,30056,30056
85,50,50,0,1,5,1931873701,DFS,1,1291,1298,1292,0.000,3863,30056,30056
86,50,50,0,1,5,2524390555,BFS,1,39,1830,62,0.000,120,30056,30056
86,50,50,0,1,5,2524390555,DFS,1,2107,2109,2108,0.000,6396,30056,30056
87,50,50,0,1,5,3467841715,BFS,1,38,1677,67,0.000,107,30056,30056
87,50,50,0,1,5,3467841715,DFS,1,1438,1439,1439,0.000,4267,30056,30056
88,50,50,0,1,5,1681518178,BFS,1,2,13,12,0.000,4,30056,30056
88,50,50,0,1,5,1681518178,DFS,1,1468,1469,1469,0.000,4399,30056,30056
89,50,50,0,1,5,955503725,BFS,1,56,2255,54,0.000,180,30056,30056
89,50,50,0,1,5,955503725,DFS,1,2118,2137,2119,0.000,6191,30056,30056
90,50,50,0,1,5,1244565192,BFS,1,48,2150,68,0.000,150,30056,30056
90,50,50,0,1,5,1244565192,DFS,1,658,659,659,0.000,2017,30056,30056
91,50,50,0,1,5,2862410289,BFS,1,43,2018,70,0.000,123,30056,30056
91,50,50,0,1,5,2862410289,DFS,1,1043,1044,1044,0.000,3122,30056,30056
92,50,50,0,1,5,1534362396,BFS,1,13,330,49,0.000,36,30056,30056
92,50,50,0,1,5,1534362396,DFS,1,2449,2450,2450,1.000,7413,30056,30056
93,50,50,0,1,5,1353036256,BFS,1,16,459,50,0.000,42,30056,30056
93,50,50,0,1,5,1353036256,DFS,1,2214,2234,2215,0.000,6671,30056,30056
94,50,50,0,1,5,2825688925,BFS,1,37,1986,81,0.000,86,30056,30056
94,50,50,0,1,5,2825688925,DFS,1,1489,1490,1490,0.000,4412,30056,30056
95,50,50,0,1,5,907647259,BFS,1,7,88,30,0.000,20,30056,30056
95,50,50,0,1,5,907647259,DFS,1,1963,1985,1964,1.000,5872,30056,30056
96,50,50,0,1,5,3776793325,BFS,1,28,1177,62,0.000,82,30056,30056
96,50,50,0,1,5,3776793325,DFS,1,28,29,29,0.000,82,30056,30056
97,50,50,0,1,5,2334158349,BFS,1,3,25,16,0.000,7,30056,30056
97,50,50,0,1,5,2334158349,DFS,1,1403,1404,1404,0.000,4179,30056,30056
98,50,50,0,1,5,432221785,BFS,1,30,1355,65,0.000,90,30056,30056
98,50,50,0,1,5,432221785,DFS,1,1430,1441,1431,0.000,4299,30056,30056
99,50,50,0,1,5,1916411652,BFS,1,26,775,46,0.000,82,30056,30056
99,50,50,0,1,5,1916411652,DFS,1,1632,1633,1633,0.000,4898,30056,30056
100,50,50,0,1,5,1783431768,BFS,1,12,283,50,0.000,30,30056,30056
100,50,50,0,1,5,1783431768,DFS,1,768,769,769,1.000,2303,30056,30056
1,50,50,25,1,5,3920911436,BFS,1,6,76,26,0.000,17,30056,30056
1,50,50,25,1,5,3920911436,DFS,1,410,514,411,0.000,1205,30056,30056
2,50,50,25,1,5,2055011639,BFS,1,9,139,28,0.000,29,30056,30056
2,50,50,25,1,5,2055011639,DFS,1,1239,1374,1241,1.000,3711,30056,30056
3,50,50,25,1,5,1644685595,BFS,1,24,737,49,0.000,74,30056,30056
3,50,50,25,1,5,1644685595,DFS,1,196,223,197,0.000,567,30056,30056
4,50,50,25,1,5,3715584977,BFS,1,7,61,17,0.000,25,30056,30056
4,50,50,25,1,5,3715584977,DFS,1,741,2285,1248,1.000,2223,30056,30056
5,50,50,25,1,5,2445800377,BFS,1,58,1789,53,0.000,174,30056,30056
5,50,50,25,1,5,2445800377,DFS,1,1046,1137,1047,0.000,3149,30056,30056
6,50,50,25,1,5,919310891,BFS,1,7,87,27,0.000,19,30056,30056
6,50,50,25,1,5,919310891,DFS,1,1623,1973,1624,0.000,4948,30056,30056
7,50,50,25,1,5,967168127,BFS,1,21,790,75,0.000,70,30056,30056
7,50,50,25,1,5,967168127,DFS,1,575,613,576,0.000,1765,30056,30056
8,50,50,25,1,5,1467928331,BFS,1,10,160,30,0.000,33,30056,30056
8,50,50,25,1,5,1467928331,DFS,1,1354,1433,1359,0.000,3992,30056,30056
9,50,50,25,1,5,2486934921,BFS,1,33,711,42,0.000,82,30056,30056
9,50,50,25,1,5,2486934921,DFS,1,1209,1315,1210,0.000,3605,30056,30056
10,50,50,25,1,5,4144578904,BFS,1,39,2020,72,0.000,113,30056,30056
10,50,50,25,1,5,4144578904,DFS,1,1851,2034,1852,0.000,5405,30056,30056
11,50,50,25,1,5,891829455,BFS,1,13,277,35,0.000,41,30056,30056
11,50,50,25,1,5,891829455,DFS,1,13,14,14,0.000,41,30056,30056
12,50,50,25,1,5,3240652791,BFS,1,56,1980,53,0.000,170,30056,30056
12,50,50,25,1,5,3240652791,DFS,1,224,237,225,0.000,642,30056,30056
13,50,50,25,1,5,1916325249,BFS,1,52,2299,62,0.000,135,30056,30056
13,50,50,25,1,5,1916325249,DFS,1,618,673,619,1.000,1811,30056,30056
14,50,50,25,1,5,4212133872,BFS,1,20,745,73,0.000,66,30056,30056
14,50,50,25,1,5,4212133872,DFS,1,724,786,725,1.000,2200,30056,30056
15,50,50,25,1,5,2277251976,BFS,1,5,43,16,0.000,12,30056,30056
15,50,50,25,1,5,2277251976,DFS,1,531,585,532,0.000,1593,30056,30056
16,50,50,25,1,5,2166583374,BFS,1,33,1667,79,0.000,115,30056,30056
16,50,50,25,1,5,2166583374,DFS,1,1499,1656,1500,1.000,4481,30056,30056
17,50,50,25,1,5,2239886076,BFS,1,4,36,18,0.000,11,30056,30056
17,50,50,25,1,5,2239886076,DFS,1,1078,1195,1079,0.000,3252,30056,30056
18,50,50,25,1,5,2746645141,BFS,1,42,1711,64,0.000,133,30056,30056
18,50,50,25,1,5,2746645141,DFS,1,488,546,489,0.000,1477,30056,30056
19,50,50,25,1,5,2882465883,BFS,1,27,1315,85,0.000,92,30056,30056
19,50,50,25,1,5,2882465883,DFS,1,551,624,552,0.000,1667,30056,30056
20,50,50,25,1,5,161214798,BFS,1,39,1940,76,0.000,117,30056,30056
20,50,50,25,1,5,161214798,DFS,1,527,575,528,0.000,1578,30056,30056
21,50,50,25,1,5,3535948644,BFS,1,2,8,9,0.000,10,30056,30056
21,50,50,25,1,5,3535948644,DFS,1,830,950,840,0.000,2475,30056,30056
22,50,50,25,1,5,839572351,BFS,1,61,2176,60,0.000,178,30056,30056
22,50,50,25,1,5,839572351,DFS,1,109,111,110,0.000,326,30056,30056
23,50,50,25,1,5,99623386,BFS,1,7,82,29,0.000,24,30056,30056
23,50,50,25,1,5,99623386,DFS,1,473,574,474,0.000,1416,30056,30056
24,50,50,25,1,5,1440167638,BFS,1,20,587,51,0.000,58,30056,30056
24,50,50,25,1,5,1440167638,DFS,1,1100,1248,1101,0.000,3313,30056,30056
25,50,50,25,1,5,876098259,BFS,1,35,1871,81,0.000,104,30056,30056
25,50,50,25,1,5,876098259,DFS,1,1733,2316,1965,0.000,5190,30056,30056
26,50,50,25,1,5,3554055979,BFS,1,61,2400,62,1.000,177,30056,30056
26,50,50,25,1,5,3554055979,DFS,1,1935,2231,1936,0.000,5696,30056,30056
27,50,50,25,1,5,1503242209,BFS,1,32,1174,55,0.000,93,30056,30056
27,50,50,25,1,5,1503242209,DFS,1,1222,1359,1223,0.000,3672,30056,30056
28,50,50,25,1,5,1066950818,BFS,1,12,217,33,0.000,32,30056,30056
28,50,50,25,1,5,1066950818,DFS,1,1926,2179,1947,0.000,5633,30056,30056
29,50,50,25,1,5,3103360454,BFS,1,19,660,64,0.000,59,30056,30056
29,50,50,25,1,5,3103360454,DFS,1,1541,1684,1542,0.000,4608,30056,30056
30,50,50,25,1,5,2970522619,BFS,1,31,1092,55,0.000,95,30056,30056
30,50,50,25,1,5,2970522619,DFS,1,249,275,250,0.000,765,30056,30056
31,50,50,25,1,5,2651566714,BFS,1,44,1753,58,0.000,137,30056,30056
31,50,50,25,1,5,2651566714,DFS,1,1150,1337,1155,1.000,3465,30056,30056
32,50,50,25,1,5,561373702,BFS,1,16,453,64,0.000,53,30056,30056
32,50,50,25,1,5,561373702,DFS,1,1198,1372,1199,0.000,3597,30056,30056
33,50,50,25,1,5,2276986538,BFS,1,46,1941,67,0.000,152,30056,30056
33,50,50,25,1,5,2276986538,DFS,1,2068,2358,2091,0.000,6282,30056,30056
34,50,50,25,1,5,4107249608,BFS,1,42,1386,57,0.000,144,30056,30056
34,50,50,25,1,5,4107249608,DFS,1,1510,1631,1511,0.000,4588,30056,30056
35,50,50,25,1,5,1792779484,BFS,1,51,2106,57,0.000,151,30056,30056
35,50,50,25,1,5,1792779484,DFS,1,459,2455,2099,0.000,1396,30056,30056
36,50,50,25,1,5,1105801293,BFS,1,22,777,63,1.000,62,30056,30056
36,50,50,25,1,5,1105801293,DFS,1,160,182,166,0.000,472,30056,30056
37,50,50,25,1,5,3838889839,BFS,1,35,1349,55,1.000,100,30056,30056
37,50,50,25,1,5,3838889839,DFS,1,1759,2012,1760,0.000,5207,30056,30056
38,50,50,25,1,5,4051390305,BFS,1,37,1560,63,0.000,107,30056,30056
38,50,50,25,1,5,4051390305,DFS,1,201,212,202,0.000,606,30056,30056
39,50,50,25,1,5,3597697686,BFS,1,50,2242,64,0.000,151,30056,30056
39,50,50,25,1,5,3597697686,DFS,1,744,800,745,0.000,2274,30056,30056
40,50,50,25,1,5,3418521728,BFS,1,42,1604,56,0.000,128,30056,30056
40,50,50,25,1,5,3418521728,DFS,1,816,878,817,0.000,2381,30056,30056
41,50,50,25,1,5,2795860749,BFS,1,34,960,50,0.000,110,30056,30056
41,50,50,25,1,5,2795860749,DFS,1,454,530,455,0.000,1345,30056,30056
42,50,50,25,1,5,1512403901,BFS,1,33,1317,67,0.000,96,30056,30056
42,50,50,25,1,5,1512403901,DFS,1,1611,1952,1612,1.000,4904,30056,30056
43,50,50,25,1,5,2715803327,BFS,1,37,724,38,0.000,102,30056,30056
43,50,50,25,1,5,2715803327,DFS,1,675,750,676,0.000,2014,30056,30056
44,50,50,25,1,5,4161050081,BFS,1,16,464,57,0.000,46,30056,30056
44,50,50,25,1,5,4161050081,DFS,1,1700,2015,1701,0.000,5037,30056,30056
45,50,50,25,1,5,2034713103,BFS,1,26,1062,75,0.000,58,30056,30056
45,50,50,25,1,5,2034713103,DFS,1,1022,1109,1023,0.000,3097,30056,30056
46,50,50,25,1,5,3812901705,BFS,1,4,24,16,0.000,11,30056,30056
46,50,50,25,1,5,3812901705,DFS,1,4,5,5,0.000,11,30056,30056
47,50,50,25,1,5,3580694616,BFS,1,13,299,40,0.000,31,30056,30056
47,50,50,25,1,5,3580694616,DFS,1,1665,1792,1666,0.000,5087,30056,30056
48,50,50,25,1,5,4058452009,BFS,1,49,2413,83,0.000,132,30056,30056
48,50,50,25,1,5,4058452009,DFS,1,1851,2138,1852,1.000,5527,30056,30056
49,50,50,25,1,5,2149287711,BFS,1,48,2006,58,0.000,155,30056,30056
49,50,50,25,1,5,2149287711,DFS,1,762,813,763,0.000,2243,30056,30056
50,50,50,25,1,5,2821743281,BFS,1,40,1824,63,0.000,118,30056,30056
50,50,50,25,1,5,2821743281,DFS,1,458,491,459,0.000,1395,30056,30056
51,50,50,25,1,5,1028713084,BFS,1,12,251,48,0.000,40,30056,30056
51,50,50,25,1,5,1028713084,DFS,1,1184,1305,1185,0.000,3618,30056,30056
52,50,50,25,1,5,2254941782,BFS,1,41,1607,65,0.000,125,30056,30056
52,50,50,25,1,5,2254941782,DFS,1,703,756,704,0.000,2080,30056,30056
53,50,50,25,1,5,788587236,BFS,1,10,182,43,0.000,30,30056,30056
53,50,50,25,1,5,788587236,DFS,1,1032,1141,1033,0.000,3099,30056,30056
54,50,50,25,1,5,756371168,BFS,1,27,661,43,0.000,73,30056,30056
54,50,50,25,1,5,756371168,DFS,1,1293,1462,1294,0.000,3892,30056,30056
55,50,50,25,1,5,4228852933,BFS,1,15,348,38,0.000,42,30056,30056
55,50,50,25,1,5,4228852933,DFS,1,235,2457,2001,1.000,719,30056,30056
56,50,50,25,1,5,1404940738,BFS,1,27,935,55,1.000,72,30056,30056
56,50,50,25,1,5,1404940738,DFS,1,1411,1667,1412,0.000,4199,30056,30056
57,50,50,25,1,5,3289185917,BFS,1,26,1275,94,1.000,81,30056,30056
57,50,50,25,1,5,3289185917,DFS,1,936,1046,937,0.000,2774,30056,30056
58,50,50,25,1,5,1271171390,BFS,1,37,1502,64,0.000,109,30056,30056
58,50,50,25,1,5,1271171390,DFS,1,1933,2103,1934,0.000,5780,30056,30056
59,50,50,25,1,5,2713867186,BFS,1,39,1563,62,0.000,134,30056,30056
59,50,50,25,1,5,2713867186,DFS,1,1873,2110,1874,1.000,5509,30056,30056
60,50,50,25,1,5,2973760025,BFS,1,12,251,41,0.000,34,30056,30056
60,50,50,25,1,5,2973760025,DFS,1,60,61,61,0.000,170,30056,30056
61,50,50,25,1,5,4129233267,BFS,1,49,1851,59,0.000,117,30056,30056
61,50,50,25,1,5,4129233267,DFS,1,1109,1195,1114,0.000,3220,30056,30056
62,50,50,25,1,5,720228373,BFS,1,41,1586,60,0.000,125,30056,30056
62,50,50,25,1,5,720228373,DFS,1,1029,1137,1030,0.000,3081,30056,30056
63,50,50,25,1,5,1375958765,BFS,1,20,393,35,0.000,60,30056,30056
63,50,50,25,1,5,1375958765,DFS,1,1278,1376,1279,0.000,3835,30056,30056
64,50,50,25,1,5,3203282352,BFS,1,67,2447,66,0.000,202,30056,30056
64,50,50,25,1,5,3203282352,DFS,1,161,2493,2072,1.000,486,30056,30056
65,50,50,25,1,5,889774736,BFS,1,55,1815,57,0.000,166,30056,30056
65,50,50,25,1,5,889774736,DFS,1,1203,1422,1204,0.000,3541,30056,30056
66,50,50,25,1,5,2913025499,BFS,1,8,119,34,0.000,29,30056,30056
66,50,50,25,1,5,2913025499,DFS,1,550,599,551,0.000,1691,30056,30056
67,50,50,25,1,5,710577107,BFS,1,24,893,61,0.000,72,30056,30056
67,50,50,25,1,5,710577107,DFS,1,1754,1926,1755,0.000,5179,30056,30056
68,50,50,25,1,5,2821515518,BFS,1,31,1400,69,0.000,87,30056,30056
68,50,50,25,1,5,2821515518,DFS,1,1739,2064,1740,0.000,5145,30056,30056
69,50,50,25,1,5,1106648321,BFS,1,16,485,62,0.000,51,30056,30056
69,50,50,25,1,5,1106648321,DFS,1,1012,1118,1013,1.000,3031,30056,30056
70,50,50,25,1,5,1676561953,BFS,1,29,949,55,1.000,85,30056,30056
70,50,50,25,1,5,1676561953,DFS,1,1111,1202,1112,0.000,3322,30056,30056
71,50,50,25,1,5,3812469695,BFS,1,8,112,29,0.000,30,30056,30056
71,50,50,25,1,5,3812469695,DFS,1,376,419,386,0.000,1105,30056,30056
72,50,50,25,1,5,3021206900,BFS,1,39,2100,86,0.000,125,30056,30056
72,50,50,25,1,5,3021206900,DFS,1,1105,1247,1106,0.000,3342,30056,30056
73,50,50,25,1,5,3995971834,BFS,1,46,1894,61,0.000,148,30056,30056
73,50,50,25,1,5,3995971834,DFS,1,960,1055,961,0.000,2892,30056,30056
74,50,50,25,1,5,3283964694,BFS,1,38,1181,54,0.000,118,30056,30056
74,50,50,25,1,5,3283964694,DFS,1,970,1059,971,0.000,2917,30056,30056
75,50,50,25,1,5,3988958950,BFS,1,44,1583,53,0.000,124,30056,30056
75,50,50,25,1,5,3988958950,DFS,1,602,629,603,0.000,1790,30056,30056
76,50,50,25,1,5,713174211,BFS,1,59,2304,56,0.000,196,30056,30056
76,50,50,25,1,5,713174211,DFS,1,101,102,102,0.000,298,30056,30056
77,50,50,25,1,5,1292622274,BFS,1,67,1989,57,0.000,214,30056,30056
77,50,50,25,1,5,1292622274,DFS,1,835,888,836,1.000,2543,30056,30056
78,50,50,25,1,5,1333431966,BFS,1,47,1719,57,0.000,152,30056,30056
78,50,50,25,1,5,1333431966,DFS,1,1615,1748,1616,0.000,4890,30056,30056
79,50,50,25,1,5,1187598466,BFS,1,27,484,33,0.000,78,30056,30056
79,50,50,25,1,5,1187598466,DFS,1,1285,1499,1286,0.000,3785,30056,30056
80,50,50,25,1,5,1942774155,BFS,1,30,1335,68,0.000,90,30056,30056
80,50,50,25,1,5,1942774155,DFS,1,982,1100,983,0.000,2914,30056,30056
81,50,50,25,1,5,3910980791,BFS,1,30,1435,74,0.000,87,30056,30056
81,50,50,25,1,5,3910980791,DFS,1,340,367,341,0.000,1006,30056,30056
82,50,50,25,1,5,509411481,BFS,1,25,1210,89,0.000,83,30056,30056
82,50,50,25,1,5,509411481,DFS,1,1853,2153,1854,0.000,5475,30056,30056
83,50,50,25,1,5,3447143203,BFS,1,5,34,16,0.000,11,30056,30056
83,50,50,25,1,5,3447143203,DFS,1,5,6,6,0.000,11,30056,30056
84,50,50,25,1,5,2618669524,BFS,1,31,836,45,0.000,90,30056,30056
84,50,50,25,1,5,2618669524,DFS,1,1083,1151,1084,1.000,3192,30056,30056
85,50,50,25,1,5,829606125,BFS,1,11,209,34,0.000,40,30056,30056
85,50,50,25,1,5,829606125,DFS,1,773,844,775,0.000,2318,30056,30056
86,50,50,25,1,5,2732442443,BFS,1,39,1814,66,0.000,115,30056,30056
86,50,50,25,1,5,2732442443,DFS,1,1755,2017,1756,0.000,5225,30056,30056
87,50,50,25,1,5,390777380,BFS,1,38,1661,74,0.000,126,30056,30056
87,50,50,25,1,5,390777380,DFS,1,42,45,44,0.000,136,30056,30056
88,50,50,25,1,5,2454562061,BFS,1,2,11,11,0.000,4,30056,30056
88,50,50,25,1,5,2454562061,DFS,1,1332,1503,1333,0.000,3962,30056,30056
89,50,50,25,1,5,2510350473,BFS,1,56,2250,56,0.000,179,30056,30056
89,50,50,25,1,5,2510350473,DFS,1,1922,2166,1923,0.000,5604,30056,30056
90,50,50,25,1,5,1279472126,BFS,1,48,2123,71,0.000,167,30056,30056
90,50,50,25,1,5,1279472126,DFS,1,696,740,697,0.000,2121,30056,30056
91,50,50,25,1,5,1490830641,BFS,1,43,1989,76,0.000,130,30056,30056
91,50,50,25,1,5,1490830641,DFS,1,565,632,566,1.000,1719,30056,30056
92,50,50,25,1,5,1254137879,BFS,1,15,403,55,0.000,43,30056,30056
92,50,50,25,1,5,1254137879,DFS,1,2055,2328,2056,1.000,6205,30056,30056
93,50,50,25,1,5,1375439538,BFS,1,16,435,49,0.000,48,30056,30056
93,50,50,25,1,5,1375439538,DFS,1,1760,2032,1761,0.000,5327,30056,30056
94,50,50,25,1,5,1572029670,BFS,1,37,1957,84,0.000,110,30056,30056
94,50,50,25,1,5,1572029670,DFS,1,1383,1574,1384,0.000,4146,30056,30056
95,50,50,25,1,5,2771509346,BFS,1,9,133,36,0.000,25,30056,30056
95,50,50,25,1,5,2771509346,DFS,1,1489,1602,1490,0.000,4448,30056,30056
96,50,50,25,1,5,2707874173,BFS,1,32,1406,66,0.000,107,30056,30056
96,50,50,25,1,5,2707874173,DFS,1,1224,1383,1240,0.000,3640,30056,30056
97,50,50,25,1,5,3634792615,BFS,1,3,25,15,0.000,7,30056,30056
97,50,50,25,1,5,3634792615,DFS,1,869,1071,870,0.000,2581,30056,30056
98,50,50,25,1,5,2475309933,BFS,1,36,1659,69,0.000,111,30056,30056
98,50,50,25,1,5,2475309933,DFS,1,1572,1717,1573,1.000,4694,30056,30056
99,50,50,25,1,5,4016832254,BFS,1,26,720,43,0.000,91,30056,30056
99,50,50,25,1,5,4016832254,DFS,1,1408,1521,1409,0.000,4197,30056,30056
100,50,50,25,1,5,3285912522,BFS,1,12,262,48,0.000,33,30056,30056
100,50,50,25,1,5,3285912522,DFS,1,680,2426,1955,0.000,2046,30056,30056
1,50,50,50,1,5,2726886653,BFS,1,6,67,27,0.000,17,30056,30056
1,50,50,50,1,5,2726886653,DFS,1,492,591,493,0.000,1439,30056,30056
2,50,50,50,1,5,3934526305,BFS,1,9,114,26,0.000,29,30056,30056
2,50,50,50,1,5,3934526305,DFS,1,843,1022,844,0.000,2532,30056,30056
3,50,50,50,1,5,3490698412,BFS,1,24,679,53,0.000,79,30056,30056
3,50,50,50,1,5,3490698412,DFS,1,368,438,369,0.000,1085,30056,30056
4,50,50,50,1,5,1634299976,BFS,1,7,37,14,0.000,24,30056,30056
4,50,50,50,1,5,1634299976,DFS,1,661,2289,1069,0.000,1946,30056,30056
5,50,50,50,1,5,1727093233,BFS,1,58,1695,65,0.000,187,30056,30056
5,50,50,50,1,5,1727093233,DFS,1,784,977,785,0.000,2388,30056,30056
6,50,50,50,1,5,184531368,BFS,1,9,102,30,0.000,21,30056,30056
6,50,50,50,1,5,184531368,DFS,1,1117,1462,1118,0.000,3434,30056,30056
7,50,50,50,1,5,2098630552,BFS,1,21,708,79,0.000,73,30056,30056
7,50,50,50,1,5,2098630552,DFS,1,597,735,598,0.000,1850,30056,30056
8,50,50,50,1,5,3137955129,BFS,1,12,173,31,0.000,33,30056,30056
8,50,50,50,1,5,3137955129,DFS,1,938,1110,939,0.000,2759,30056,30056
9,50,50,50,1,5,1797574014,BFS,1,35,650,39,1.000,107,30056,30056
9,50,50,50,1,5,1797574014,DFS,1,1207,1446,1208,1.000,3614,30056,30056
10,50,50,50,1,5,713371430,BFS,1,45,2208,74,1.000,134,30056,30056
10,50,50,50,1,5,713371430,DFS,1,1651,2079,1652,1.000,4843,30056,30056
11,50,50,50,1,5,430983429,BFS,1,13,249,39,0.000,32,30056,30056
11,50,50,50,1,5,430983429,DFS,1,15,16,16,0.000,44,30056,30056
12,50,50,50,1,5,3859963231,BFS,1,60,2095,65,0.000,176,30056,30056
12,50,50,50,1,5,3859963231,DFS,1,220,239,221,0.000,636,30056,30056
13,50,50,50,1,5,3138596920,BFS,1,52,2242,63,0.000,161,30056,30056
13,50,50,50,1,5,3138596920,DFS,1,630,792,633,0.000,1826,30056,30056
14,50,50,50,1,5,355300768,BFS,1,20,549,67,0.000,51,30056,30056
14,50,50,50,1,5,355300768,DFS,1,664,811,665,0.000,2003,30056,30056
15,50,50,50,1,5,4157174984,BFS,1,7,65,23,0.000,24,30056,30056
15,50,50,50,1,5,4157174984,DFS,1,411,610,415,0.000,1210,30056,30056
16,50,50,50,1,5,1629760252,BFS,1,39,1630,78,0.000,130,30056,30056
16,50,50,50,1,5,1629760252,DFS,1,1273,1537,1274,0.000,3844,30056,30056
17,50,50,50,1,5,2348496975,BFS,1,6,53,19,0.000,21,30056,30056
17,50,50,50,1,5,2348496975,DFS,1,1326,2217,1766,0.000,4026,30056,30056
18,50,50,50,1,5,2411212732,BFS,1,44,1675,65,0.000,146,30056,30056
18,50,50,50,1,5,2411212732,DFS,1,480,576,481,0.000,1446,30056,30056
19,50,50,50,1,5,3400344337,BFS,1,27,1216,93,0.000,92,30056,30056
19,50,50,50,1,5,3400344337,DFS,1,725,885,726,0.000,2232,30056,30056
20,50,50,50,1,5,268401646,BFS,1,41,1896,75,1.000,114,30056,30056
20,50,50,50,1,5,268401646,DFS,1,373,430,374,0.000,1073,30056,30056
21,50,50,50,1,5,2058232640,BFS,1,2,7,6,0.000,10,30056,30056
21,50,50,50,1,5,2058232640,DFS,1,422,545,423,0.000,1262,30056,30056
22,50,50,50,1,5,2950947933,BFS,1,61,2169,62,0.000,191,30056,30056
22,50,50,50,1,5,2950947933,DFS,1,107,114,108,0.000,326,30056,30056
23,50,50,50,1,5,1249890315,BFS,1,7,67,21,0.000,24,30056,30056
23,50,50,50,1,5,1249890315,DFS,1,339,401,340,0.000,1019,30056,30056
24,50,50,50,1,5,2419566451,BFS,1,20,512,48,0.000,61,30056,30056
24,50,50,50,1,5,2419566451,DFS,1,882,1037,883,0.000,2673,30056,30056
25,50,50,50,1,5,718715564,BFS,1,37,1979,83,0.000,120,30056,30056
25,50,50,50,1,5,718715564,DFS,1,1637,2153,1676,1.000,4957,30056,30056
26,50,50,50,1,5,3200209309,BFS,1,63,2402,58,0.000,196,30056,30056
26,50,50,50,1,5,3200209309,DFS,1,1563,1857,1565,0.000,4560,30056,30056
27,50,50,50,1,5,735553152,BFS,1,34,1141,52,0.000,106,30056,30056
27,50,50,50,1,5,735553152,DFS,1,1122,2290,1685,0.000,3280,30056,30056
28,50,50,50,1,5,2886654992,BFS,1,12,195,30,0.000,26,30056,30056
28,50,50,50,1,5,2886654992,DFS,1,1634,2019,1635,1.000,4842,30056,30056
29,50,50,50,1,5,3391363713,BFS,1,21,760,71,0.000,63,30056,30056
29,50,50,50,1,5,3391363713,DFS,1,141,160,142,0.000,447,30056,30056
30,50,50,50,1,5,3721440336,BFS,1,33,1080,54,0.000,109,30056,30056
30,50,50,50,1,5,3721440336,DFS,1,243,281,244,0.000,742,30056,30056
31,50,50,50,1,5,3946779820,BFS,1,46,1714,65,1.000,142,30056,30056
31,50,50,50,1,5,3946779820,DFS,1,516,642,517,0.000,1519,30056,30056
32,50,50,50,1,5,4267556390,BFS,1,16,391,50,0.000,56,30056,30056
32,50,50,50,1,5,4267556390,DFS,1,1110,1466,1111,0.000,3368,30056,30056
33,50,50,50,1,5,1400657979,BFS,1,48,1912,66,1.000,155,30056,30056
33,50,50,50,1,5,1400657979,DFS,1,1714,2170,1715,1.000,5223,30056,30056
34,50,50,50,1,5,2259749241,BFS,1,42,1284,51,0.000,147,30056,30056
34,50,50,50,1,5,2259749241,DFS,1,1318,1678,1319,1.000,3993,30056,30056
35,50,50,50,1,5,377850544,BFS,1,53,2067,56,0.000,164,30056,30056
35,50,50,50,1,5,377850544,DFS,1,385,440,386,0.000,1187,30056,30056
36,50,50,50,1,5,1908992754,BFS,1,26,913,60,0.000,81,30056,30056
36,50,50,50,1,5,1908992754,DFS,1,192,2470,1808,0.000,554,30056,30056
37,50,50,50,1,5,208590281,BFS,1,43,1708,66,0.000,133,30056,30056
37,50,50,50,1,5,208590281,DFS,1,1677,2193,1678,0.000,4967,30056,30056
38,50,50,50,1,5,2722639116,BFS,1,41,1664,60,0.000,128,30056,30056
38,50,50,50,1,5,2722639116,DFS,1,243,301,244,0.000,726,30056,30056
39,50,50,50,1,5,4017336200,BFS,1,50,2211,69,0.000,145,30056,30056
39,50,50,50,1,5,4017336200,DFS,1,464,2396,1662,0.000,1397,30056,30056
40,50,50,50,1,5,4036831842,BFS,1,44,1606,58,0.000,123,30056,30056
40,50,50,50,1,5,4036831842,DFS,1,572,779,573,0.000,1647,30056,30056
41,50,50,50,1,5,3891591114,BFS,1,36,971,53,0.000,104,30056,30056
41,50,50,50,1,5,3891591114,DFS,1,418,461,419,0.000,1237,30056,30056
42,50,50,50,1,5,1606636569,BFS,1,33,1249,70,0.000,97,30056,30056
42,50,50,50,1,5,1606636569,DFS,1,1377,2004,1378,0.000,4152,30056,30056
43,50,50,50,1,5,1053539393,BFS,1,37,678,38,1.000,104,30056,30056
43,50,50,50,1,5,1053539393,DFS,1,561,678,563,0.000,1657,30056,30056
44,50,50,50,1,5,3118636071,BFS,1,16,407,58,1.000,44,30056,30056
44,50,50,50,1,5,3118636071,DFS,1,1496,1834,1497,0.000,4410,30056,30056
45,50,50,50,1,5,3351329525,BFS,1,26,938,68,0.000,65,30056,30056
45,50,50,50,1,5,3351329525,DFS,1,850,1326,851,0.000,2585,30056,30056
46,50,50,50,1,5,3730645041,BFS,1,4,22,14,0.000,11,30056,30056
46,50,50,50,1,5,3730645041,DFS,1,4,5,5,0.000,11,30056,30056
47,50,50,50,1,5,911400759,BFS,1,13,263,38,0.000,33,30056,30056
47,50,50,50,1,5,911400759,DFS,1,1453,2112,1624,0.000,4377,30056,30056
48,50,50,50,1,5,1338188589,BFS,1,49,2409,92,0.000,148,30056,30056
48,50,50,50,1,5,1338188589,DFS,1,1479,2153,1480,1.000,4511,30056,30056
49,50,50,50,1,5,2431710918,BFS,1,48,1918,59,1.000,152,30056,30056
49,50,50,50,1,5,2431710918,DFS,1,670,773,671,0.000,1981,30056,30056
50,50,50,50,1,5,1963479581,BFS,1,40,1664,68,0.000,116,30056,30056
50,50,50,50,1,5,1963479581,DFS,1,444,518,445,0.000,1328,30056,30056
51,50,50,50,1,5,761074115,BFS,1,16,399,58,0.000,49,30056,30056
51,50,50,50,1,5,761074115,DFS,1,1190,1422,1191,0.000,3569,30056,30056
52,50,50,50,1,5,1825638024,BFS,1,45,1719,64,1.000,135,30056,30056
52,50,50,50,1,5,1825638024,DFS,1,723,845,724,0.000,2184,30056,30056
53,50,50,50,1,5,918520734,BFS,1,12,212,42,0.000,37,30056,30056
53,50,50,50,1,5,918520734,DFS,1,936,1192,937,0.000,2855,30056,30056
54,50,50,50,1,5,1291371725,BFS,1,27,608,41,0.000,69,30056,30056
54,50,50,50,1,5,1291371725,DFS,1,1241,1706,1242,0.000,3742,30056,30056
55,50,50,50,1,5,3539606154,BFS,1,15,277,37,0.000,40,30056,30056
55,50,50,50,1,5,3539606154,DFS,1,445,611,476,0.000,1287,30056,30056
56,50,50,50,1,5,619630295,BFS,1,29,917,58,0.000,96,30056,30056
56,50,50,50,1,5,619630295,DFS,1,1073,1605,1074,0.000,3217,30056,30056
57,50,50,50,1,5,3141842500,BFS,1,26,1073,85,0.000,81,30056,30056
57,50,50,50,1,5,3141842500,DFS,1,822,1051,823,0.000,2464,30056,30056
58,50,50,50,1,5,2128054600,BFS,1,41,1585,63,0.000,125,30056,30056
58,50,50,50,1,5,2128054600,DFS,1,1631,2023,1632,0.000,4853,30056,30056
59,50,50,50,1,5,3996655258,BFS,1,43,1610,57,0.000,130,30056,30056
59,50,50,50,1,5,3996655258,DFS,1,1599,1944,1600,0.000,4688,30056,30056
60,50,50,50,1,5,3920021853,BFS,1,12,198,36,0.000,41,30056,30056
60,50,50,50,1,5,3920021853,DFS,1,146,159,147,0.000,442,30056,30056
61,50,50,50,1,5,51674299,BFS,1,53,1927,60,0.000,161,30056,30056
61,50,50,50,1,5,51674299,DFS,1,601,2291,1422,1.000,1742,30056,30056
62,50,50,50,1,5,1146721813,BFS,1,41,1468,56,0.000,134,30056,30056
62,50,50,50,1,5,1146721813,DFS,1,805,1055,806,0.000,2409,30056,30056
63,50,50,50,1,5,2200172824,BFS,1,20,338,36,0.000,59,30056,30056
63,50,50,50,1,5,2200172824,DFS,1,1096,1457,1097,0.000,3257,30056,30056
64,50,50,50,1,5,525542921,BFS,1,71,2460,65,0.000,209,30056,30056
64,50,50,50,1,5,525542921,DFS,1,503,571,504,0.000,1547,30056,30056
65,50,50,50,1,5,1966542867,BFS,1,55,1681,58,0.000,157,30056,30056
65,50,50,50,1,5,1966542867,DFS,1,1197,1446,1198,0.000,3526,30056,30056
66,50,50,50,1,5,417344282,BFS,1,10,157,32,0.000,31,30056,30056
66,50,50,50,1,5,417344282,DFS,1,462,544,463,0.000,1448,30056,30056
67,50,50,50,1,5,2199523798,BFS,1,26,866,59,0.000,84,30056,30056
67,50,50,50,1,5,2199523798,DFS,1,1386,1836,1387,1.000,4056,30056,30056
68,50,50,50,1,5,587142488,BFS,1,33,1441,72,0.000,112,30056,30056
68,50,50,50,1,5,587142488,DFS,1,1413,1722,1414,0.000,4206,30056,30056
69,50,50,50,1,5,1642435906,BFS,1,16,384,60,0.000,54,30056,30056
69,50,50,50,1,5,1642435906,DFS,1,734,1210,735,1.000,2197,30056,30056
70,50,50,50,1,5,3265530947,BFS,1,31,954,55,0.000,89,30056,30056
70,50,50,50,1,5,3265530947,DFS,1,1109,1370,1110,1.000,3344,30056,30056
71,50,50,50,1,5,828436081,BFS,1,8,102,25,0.000,27,30056,30056
71,50,50,50,1,5,828436081,DFS,1,384,426,385,0.000,1097,30056,30056
72,50,50,50,1,5,1978010054,BFS,1,41,2122,90,0.000,113,30056,30056
72,50,50,50,1,5,1978010054,DFS,1,845,1174,846,1.000,2531,30056,30056
73,50,50,50,1,5,3007769185,BFS,1,52,2068,68,1.000,140,30056,30056
73,50,50,50,1,5,3007769185,DFS,1,752,987,753,0.000,2257,30056,30056
74,50,50,50,1,5,2620768140,BFS,1,38,1105,51,0.000,137,30056,30056
74,50,50,50,1,5,2620768140,DFS,1,1052,2366,1674,0.000,3171,30056,30056
75,50,50,50,1,5,1824526478,BFS,1,50,1792,55,0.000,157,30056,30056
75,50,50,50,1,5,1824526478,DFS,1,348,405,349,0.000,999,30056,30056
76,50,50,50,1,5,3316439223,BFS,1,59,2270,58,1.000,181,30056,30056
76,50,50,50,1,5,3316439223,DFS,1,129,132,130,0.000,387,30056,30056
77,50,50,50,1,5,1969553440,BFS,1,67,1964,55,0.000,207,30056,30056
77,50,50,50,1,5,1969553440,DFS,1,853,1118,854,0.000,2570,30056,30056
78,50,50,50,1,5,882648830,BFS,1,49,1723,56,1.000,167,30056,30056
78,50,50,50,1,5,882648830,DFS,1,1401,1785,1402,0.000,4274,30056,30056
79,50,50,50,1,5,1836895944,BFS,1,33,578,37,1.000,98,30056,30056
79,50,50,50,1,5,1836895944,DFS,1,1203,1532,1210,0.000,3583,30056,30056
80,50,50,50,1,5,1612496682,BFS,1,32,1342,69,0.000,99,30056,30056
80,50,50,50,1,5,1612496682,DFS,1,910,1193,934,0.000,2698,30056,30056
81,50,50,50,1,5,1488832812,BFS,1,30,1347,79,1.000,110,30056,30056
81,50,50,50,1,5,1488832812,DFS,1,140,149,141,0.000,434,30056,30056
82,50,50,50,1,5,2419463826,BFS,1,25,1109,92,0.000,87,30056,30056
82,50,50,50,1,5,2419463826,DFS,1,1569,2088,1625,0.000,4614,30056,30056
83,50,50,50,1,5,2647097166,BFS,1,7,59,16,0.000,16,30056,30056
83,50,50,50,1,5,2647097166,DFS,1,1463,1819,1464,0.000,4348,30056,30056
84,50,50,50,1,5,1477642397,BFS,1,35,964,49,0.000,105,30056,30056
84,50,50,50,1,5,1477642397,DFS,1,801,956,802,0.000,2335,30056,30056
85,50,50,50,1,5,1280165871,BFS,1,11,181,29,0.000,40,30056,30056
85,50,50,50,1,5,1280165871,DFS,1,509,648,510,0.000,1540,30056,30056
86,50,50,50,1,5,3506803787,BFS,1,39,1657,68,0.000,114,30056,30056
86,50,50,50,1,5,3506803787,DFS,1,1489,1890,1490,0.000,4459,30056,30056
87,50,50,50,1,5,1293346178,BFS,1,38,1547,71,0.000,124,30056,30056
87,50,50,50,1,5,1293346178,DFS,1,46,50,48,0.000,143,30056,30056
88,50,50,50,1,5,2358655105,BFS,1,2,10,7,0.000,4,30056,30056
88,50,50,50,1,5,2358655105,DFS,1,980,2234,1595,0.000,2891,30056,30056
89,50,50,50,1,5,2768128336,BFS,1,56,2138,57,1.000,173,30056,30056
89,50,50,50,1,5,2768128336,DFS,1,1504,2097,1505,0.000,4398,30056,30056
90,50,50,50,1,5,256287761,BFS,1,48,2050,73,0.000,160,30056,30056
90,50,50,50,1,5,256287761,DFS,1,808,955,809,0.000,2486,30056,30056
91,50,50,50,1,5,1762552197,BFS,1,43,1864,77,0.000,113,30056,30056
91,50,50,50,1,5,1762552197,DFS,1,613,739,614,0.000,1857,30056,30056
92,50,50,50,1,5,224967550,BFS,1,17,430,53,0.000,45,30056,30056
92,50,50,50,1,5,224967550,DFS,1,1517,2034,1518,0.000,4538,30056,30056
93,50,50,50,1,5,4278048289,BFS,1,20,523,48,0.000,57,30056,30056
93,50,50,50,1,5,4278048289,DFS,1,1536,1946,1537,1.000,4664,30056,30056
94,50,50,50,1,5,4279347140,BFS,1,37,1876,95,0.000,108,30056,30056
94,50,50,50,1,5,4279347140,DFS,1,1045,1403,1046,0.000,3102,30056,30056
95,50,50,50,1,5,1803232611,BFS,1,11,150,34,0.000,33,30056,30056
95,50,50,50,1,5,1803232611,DFS,1,1285,1637,1286,0.000,3821,30056,30056
96,50,50,50,1,5,2964771347,BFS,1,34,1425,67,0.000,108,30056,30056
96,50,50,50,1,5,2964771347,DFS,1,1104,1367,1106,0.000,3231,30056,30056
97,50,50,50,1,5,2332726127,BFS,1,3,16,15,0.000,7,30056,30056
97,50,50,50,1,5,2332726127,DFS,1,75,96,76,0.000,231,30056,30056
98,50,50,50,1,5,783670846,BFS,1,44,1887,69,0.000,123,30056,30056
98,50,50,50,1,5,783670846,DFS,1,1098,1356,1099,0.000,3273,30056,30056
99,50,50,50,1,5,317274381,BFS,1,26,658,43,0.000,84,30056,30056
99,50,50,50,1,5,317274381,DFS,1,1150,1441,1151,1.000,3461,30056,30056
100,50,50,50,1,5,4076276089,BFS,1,14,297,49,0.000,39,30056,30056
100,50,50,50,1,5,4076276089,DFS,1,536,638,537,0.000,1605,30056,30056
1,50,50,75,1,5,2227429270,BFS,1,10,13,5,0.000,30,30056,30056
1,50,50,75,1,5,2227429270,DFS,1,342,628,347,0.000,994,30056,30056
2,50,50,75,1,5,705163791,BFS,1,25,328,32,0.000,80,30056,30056
2,50,50,75,1,5,705163791,DFS,1,837,1217,851,0.000,2511,30056,30056
3,50,50,75,1,5,2881027286,BFS,1,32,753,51,0.000,88,30056,30056
3,50,50,75,1,5,2881027286,DFS,1,110,131,113,0.000,307,30056,30056
4,50,50,75,1,5,3386364131,BFS,1,11,48,14,0.000,36,30056,30056
4,50,50,75,1,5,3386364131,DFS,1,37,41,38,0.000,110,30056,30056
5,50,50,75,1,5,3887170773,BFS,1,64,1635,56,1.000,192,30056,30056
5,50,50,75,1,5,3887170773,DFS,1,440,577,441,0.000,1261,30056,30056
6,50,50,75,1,5,2533567565,BFS,1,17,245,34,0.000,42,30056,30056
6,50,50,75,1,5,2533567565,DFS,1,1149,2015,1185,0.000,3536,30056,30056
7,50,50,75,1,5,919645480,BFS,1,25,708,73,0.000,84,30056,30056
7,50,50,75,1,5,919645480,DFS,1,481,594,483,0.000,1473,30056,30056
8,50,50,75,1,5,4132364410,BFS,1,12,108,27,0.000,33,30056,30056
8,50,50,75,1,5,4132364410,DFS,1,444,669,445,0.000,1294,30056,30056
9,50,50,75,1,5,2155932311,BFS,1,45,480,30,0.000,135,30056,30056
9,50,50,75,1,5,2155932311,DFS,1,791,1006,792,0.000,2360,30056,30056
10,50,50,75,1,5,1044243431,BFS,1,57,2357,66,0.000,179,30056,30056
10,50,50,75,1,5,1044243431,DFS,1,1223,1924,1287,1.000,3608,30056,30056
11,50,50,75,1,5,2207709521,BFS,1,17,158,25,0.000,60,30056,30056
11,50,50,75,1,5,2207709521,DFS,1,19,20,20,0.000,67,30056,30056
12,50,50,75,1,5,1127099933,BFS,1,64,1901,57,0.000,211,30056,30056
12,50,50,75,1,5,1127099933,DFS,1,198,2478,1377,1.000,594,30056,30056
13,50,50,75,1,5,954184861,BFS,1,64,2381,66,0.000,196,30056,30056
13,50,50,75,1,5,954184861,DFS,1,276,328,277,0.000,863,30056,30056
14,50,50,75,1,5,1368840709,BFS,1,22,395,54,0.000,52,30056,30056
14,50,50,75,1,5,1368840709,DFS,1,424,634,425,0.000,1313,30056,30056
15,50,50,75,1,5,4234019491,BFS,1,7,43,15,0.000,23,30056,30056
15,50,50,75,1,5,4234019491,DFS,1,465,2430,1297,1.000,1403,30056,30056
16,50,50,75,1,5,1201922149,BFS,1,51,1527,73,0.000,169,30056,30056
16,50,50,75,1,5,1201922149,DFS,1,985,1584,989,1.000,2880,30056,30056
17,50,50,75,1,5,639665823,BFS,1,8,61,20,0.000,30,30056,30056
17,50,50,75,1,5,639665823,DFS,1,952,2173,1257,0.000,2894,30056,30056
18,50,50,75,1,5,3645679372,BFS,1,48,1540,61,0.000,143,30056,30056
18,50,50,75,1,5,3645679372,DFS,1,308,395,309,1.000,917,30056,30056
19,50,50,75,1,5,2217740370,BFS,1,33,1094,79,0.000,104,30056,30056
19,50,50,75,1,5,2217740370,DFS,1,579,970,580,0.000,1770,30056,30056
20,50,50,75,1,5,345560671,BFS,1,51,1727,64,0.000,161,30056,30056
20,50,50,75,1,5,345560671,DFS,1,63,64,64,0.000,195,30056,30056
21,50,50,75,1,5,1385025464,BFS,1,2,5,4,0.000,6,30056,30056
21,50,50,75,1,5,1385025464,DFS,1,364,513,374,0.000,1065,30056,30056
22,50,50,75,1,5,2617095652,BFS,1,73,2155,59,1.000,231,30056,30056
22,50,50,75,1,5,2617095652,DFS,1,163,248,164,0.000,502,30056,30056
23,50,50,75,1,5,1826257868,BFS,1,9,61,18,0.000,31,30056,30056
23,50,50,75,1,5,1826257868,DFS,1,365,475,366,0.000,1133,30056,30056
24,50,50,75,1,5,1089902534,BFS,1,20,296,26,0.000,55,30056,30056
24,50,50,75,1,5,1089902534,DFS,1,1214,1723,1215,0.000,3651,30056,30056
25,50,50,75,1,5,689068545,BFS,1,45,2007,72,0.000,146,30056,30056
25,50,50,75,1,5,689068545,DFS,1,1199,2029,1218,0.000,3618,30056,30056
26,50,50,75,1,5,2323574931,BFS,1,65,2370,60,0.000,184,30056,30056
26,50,50,75,1,5,2323574931,DFS,1,1173,1595,1175,0.000,3349,30056,30056
27,50,50,75,1,5,3692310564,BFS,1,38,1136,57,0.000,125,30056,30056
27,50,50,75,1,5,3692310564,DFS,1,920,1427,921,1.000,2741,30056,30056
28,50,50,75,1,5,4111322404,BFS,1,12,123,23,0.000,26,30056,30056
28,50,50,75,1,5,4111322404,DFS,1,1030,1848,1154,0.000,3040,30056,30056
29,50,50,75,1,5,152091070,BFS,1,31,926,70,0.000,91,30056,30056
29,50,50,75,1,5,152091070,DFS,1,1087,2092,1168,0.000,3266,30056,30056
30,50,50,75,1,5,2159024846,BFS,1,41,1082,56,0.000,122,30056,30056
30,50,50,75,1,5,2159024846,DFS,1,207,303,208,0.000,639,30056,30056
31,50,50,75,1,5,1381449190,BFS,1,54,1703,61,0.000,163,30056,30056
31,50,50,75,1,5,1381449190,DFS,1,698,930,699,0.000,2085,30056,30056
32,50,50,75,1,5,1596465651,BFS,1,24,558,60,0.000,76,30056,30056
32,50,50,75,1,5,1596465651,DFS,1,612,2391,1106,1.000,1859,30056,30056
33,50,50,75,1,5,2727691828,BFS,1,54,1874,55,0.000,154,30056,30056
33,50,50,75,1,5,2727691828,DFS,1,1274,1992,1275,0.000,3878,30056,30056
34,50,50,75,1,5,3626858848,BFS,1,46,1175,43,0.000,147,30056,30056
34,50,50,75,1,5,3626858848,DFS,1,934,1291,935,1.000,2803,30056,30056
35,50,50,75,1,5,898148112,BFS,1,59,2011,55,0.000,185,30056,30056
35,50,50,75,1,5,898148112,DFS,1,613,1954,1096,0.000,1903,30056,30056
36,50,50,75,1,5,3790171666,BFS,1,40,961,51,0.000,119,30056,30056
36,50,50,75,1,5,3790171666,DFS,1,162,198,164,0.000,458,30056,30056
37,50,50,75,1,5,1862916187,BFS,1,53,1669,53,0.000,144,30056,30056
37,50,50,75,1,5,1862916187,DFS,1,887,1618,888,0.000,2618,30056,30056
38,50,50,75,1,5,3109321666,BFS,1,43,1473,64,0.000,109,30056,30056
38,50,50,75,1,5,3109321666,DFS,1,159,207,161,0.000,453,30056,30056
39,50,50,75,1,5,781167932,BFS,1,58,2105,59,1.000,179,30056,30056
39,50,50,75,1,5,781167932,DFS,1,540,668,541,0.000,1636,30056,30056
40,50,50,75,1,5,2817852958,BFS,1,70,1326,54,0.000,205,30056,30056
40,50,50,75,1,5,2817852958,DFS,1,562,1599,567,0.000,1668,30056,30056
41,50,50,75,1,5,4063490013,BFS,1,42,954,43,0.000,144,30056,30056
41,50,50,75,1,5,4063490013,DFS,1,54,56,55,0.000,179,30056,30056
42,50,50,75,1,5,702914704,BFS,1,41,1366,66,0.000,110,30056,30056
42,50,50,75,1,5,702914704,DFS,1,875,1118,876,0.000,2663,30056,30056
43,50,50,75,1,5,2762910110,BFS,1,45,689,37,0.000,136,30056,30056
43,50,50,75,1,5,2762910110,DFS,1,899,2110,927,0.000,2660,30056,30056
44,50,50,75,1,5,3945105287,BFS,1,18,257,41,0.000,58,30056,30056
44,50,50,75,1,5,3945105287,DFS,1,1166,1852,1167,0.000,3481,30056,30056
45,50,50,75,1,5,3682473393,BFS,1,32,1189,66,0.000,85,30056,30056
45,50,50,75,1,5,3682473393,DFS,1,742,1110,748,0.000,2237,30056,30056
46,50,50,75,1,5,2202343110,BFS,1,10,95,22,0.000,27,30056,30056
46,50,50,75,1,5,2202343110,DFS,1,574,988,591,0.000,1712,30056,30056
47,50,50,75,1,5,1772986186,BFS,1,13,104,29,0.000,45,30056,30056
47,50,50,75,1,5,1772986186,DFS,1,169,227,170,0.000,483,30056,30056
48,50,50,75,1,5,3958479288,BFS,1,53,2372,92,0.000,169,30056,30056
48,50,50,75,1,5,3958479288,DFS,1,1083,1701,1084,0.000,3246,30056,30056
49,50,50,75,1,5,4104986133,BFS,1,52,1826,62,0.000,171,30056,30056
49,50,50,75,1,5,4104986133,DFS,1,746,1274,748,0.000,2265,30056,30056
50,50,50,75,1,5,2497939632,BFS,1,56,1886,59,0.000,174,30056,30056
50,50,50,75,1,5,2497939632,DFS,1,610,917,658,0.000,1843,30056,30056
51,50,50,75,1,5,2862130117,BFS,1,22,565,70,0.000,67,30056,30056
51,50,50,75,1,5,2862130117,DFS,1,164,226,165,0.000,487,30056,30056
52,50,50,75,1,5,2982016138,BFS,1,51,1554,50,0.000,162,30056,30056
52,50,50,75,1,5,2982016138,DFS,1,613,840,626,0.000,1877,30056,30056
53,50,50,75,1,5,666744013,BFS,1,12,117,24,0.000,43,30056,30056
53,50,50,75,1,5,666744013,DFS,1,620,854,621,0.000,1918,30056,30056
54,50,50,75,1,5,4228381894,BFS,1,33,634,43,0.000,92,30056,30056
54,50,50,75,1,5,4228381894,DFS,1,613,1310,651,1.000,1817,30056,30056
55,50,50,75,1,5,1607720562,BFS,1,21,295,25,0.000,73,30056,30056
55,50,50,75,1,5,1607720562,DFS,1,437,616,438,1.000,1277,30056,30056
56,50,50,75,1,5,1502764311,BFS,1,39,888,40,0.000,126,30056,30056
56,50,50,75,1,5,1502764311,DFS,1,939,1504,940,0.000,2800,30056,30056
57,50,50,75,1,5,2753534715,BFS,1,32,1218,86,0.000,104,30056,30056
57,50,50,75,1,5,2753534715,DFS,1,462,2316,1186,0.000,1405,30056,30056
58,50,50,75,1,5,1117213277,BFS,1,47,1598,61,0.000,142,30056,30056
58,50,50,75,1,5,1117213277,DFS,1,1143,2124,1144,0.000,3436,30056,30056
59,50,50,75,1,5,459012905,BFS,1,53,1747,56,0.000,161,30056,30056
59,50,50,75,1,5,459012905,DFS,1,973,1714,974,1.000,2879,30056,30056
60,50,50,75,1,5,3526464737,BFS,1,12,137,26,0.000,47,30056,30056
60,50,50,75,1,5,3526464737,DFS,1,268,365,269,0.000,842,30056,30056
61,50,50,75,1,5,4252530619,BFS,1,65,2018,59,0.000,179,30056,30056
61,50,50,75,1,5,4252530619,DFS,1,979,1519,980,0.000,2916,30056,30056
62,50,50,75,1,5,2110330851,BFS,1,53,1597,63,1.000,172,30056,30056
62,50,50,75,1,5,2110330851,DFS,1,665,2337,1212,0.000,2016,30056,30056
63,50,50,75,1,5,2784925000,BFS,1,26,446,36,0.000,71,30056,30056
63,50,50,75,1,5,2784925000,DFS,1,956,1392,957,0.000,2869,30056,30056
64,50,50,75,1,5,686150181,BFS,1,83,2485,61,0.000,246,30056,30056
64,50,50,75,1,5,686150181,DFS,1,185,198,186,0.000,571,30056,30056
65,50,50,75,1,5,4059544934,BFS,1,55,1371,51,0.000,159,30056,30056
65,50,50,75,1,5,4059544934,DFS,1,955,1296,956,0.000,2880,30056,30056
66,50,50,75,1,5,3265004927,BFS,1,12,150,30,0.000,41,30056,30056
66,50,50,75,1,5,3265004927,DFS,1,282,406,286,0.000,865,30056,30056
67,50,50,75,1,5,2465085371,BFS,1,28,784,56,0.000,91,30056,30056
67,50,50,75,1,5,2465085371,DFS,1,1080,1667,1082,0.000,3218,30056,30056
68,50,50,75,1,5,1999976859,BFS,1,41,1491,71,1.000,122,30056,30056
68,50,50,75,1,5,1999976859,DFS,1,1081,1833,1082,0.000,3221,30056,30056
69,50,50,75,1,5,3871866708,BFS,1,22,485,45,0.000,67,30056,30056
69,50,50,75,1,5,3871866708,DFS,1,602,980,603,0.000,1842,30056,30056
70,50,50,75,1,5,520323743,BFS,1,41,1058,53,0.000,132,30056,30056
70,50,50,75,1,5,520323743,DFS,1,679,1154,680,1.000,2038,30056,30056
71,50,50,75,1,5,2706427250,BFS,1,10,90,21,0.000,34,30056,30056
71,50,50,75,1,5,2706427250,DFS,1,264,398,268,0.000,763,30056,30056
72,50,50,75,1,5,1346877983,BFS,1,43,1657,87,0.000,129,30056,30056
72,50,50,75,1,5,1346877983,DFS,1,733,1106,734,0.000,2235,30056,30056
73,50,50,75,1,5,1222590382,BFS,1,58,2045,66,0.000,176,30056,30056
73,50,50,75,1,5,1222590382,DFS,1,460,673,461,0.000,1423,30056,30056
74,50,50,75,1,5,1992177342,BFS,1,46,1061,56,0.000,147,30056,30056
74,50,50,75,1,5,1992177342,DFS,1,716,955,717,0.000,2124,30056,30056
75,50,50,75,1,5,3441198466,BFS,1,62,1886,48,0.000,190,30056,30056
75,50,50,75,1,5,3441198466,DFS,1,408,540,409,0.000,1209,30056,30056
76,50,50,75,1,5,996586698,BFS,1,67,2111,58,0.000,209,30056,30056
76,50,50,75,1,5,996586698,DFS,1,161,201,162,0.000,469,30056,30056
77,50,50,75,1,5,4228731288,BFS,1,67,1646,59,0.000,224,30056,30056
77,50,50,75,1,5,4228731288,DFS,1,589,791,594,0.000,1786,30056,30056
78,50,50,75,1,5,2377974385,BFS,1,63,1807,61,0.000,182,30056,30056
78,50,50,75,1,5,2377974385,DFS,1,821,1349,822,1.000,2474,30056,30056
79,50,50,75,1,5,546300778,BFS,1,37,548,33,0.000,105,30056,30056
79,50,50,75,1,5,546300778,DFS,1,653,1190,654,0.000,1944,30056,30056
80,50,50,75,1,5,896239984,BFS,1,34,1228,65,0.000,104,30056,30056
80,50,50,75,1,5,896239984,DFS,1,888,1860,1182,0.000,2546,30056,30056
81,50,50,75,1,5,942051383,BFS,1,40,1692,86,1.000,133,30056,30056
81,50,50,75,1,5,942051383,DFS,1,390,518,391,0.000,1174,30056,30056
82,50,50,75,1,5,3875245077,BFS,1,27,956,81,0.000,85,30056,30056
82,50,50,75,1,5,3875245077,DFS,1,1009,1469,1010,0.000,2939,30056,30056
83,50,50,75,1,5,1506688139,BFS,1,11,79,13,0.000,22,30056,30056
83,50,50,75,1,5,1506688139,DFS,1,1145,1654,1146,1.000,3376,30056,30056
84,50,50,75,1,5,107857872,BFS,1,39,965,45,0.000,118,30056,30056
84,50,50,75,1,5,107857872,DFS,1,801,1073,802,0.000,2315,30056,30056
85,50,50,75,1,5,347876326,BFS,1,13,168,29,0.000,52,30056,30056
85,50,50,75,1,5,347876326,DFS,1,531,903,558,0.000,1629,30056,30056
86,50,50,75,1,5,209417536,BFS,1,49,1908,70,0.000,145,30056,30056
86,50,50,75,1,5,209417536,DFS,1,1117,1664,1118,0.000,3351,30056,30056
87,50,50,75,1,5,3596685473,BFS,1,54,1911,68,1.000,190,30056,30056
87,50,50,75,1,5,3596685473,DFS,1,266,2450,1359,0.000,787,30056,30056
88,50,50,75,1,5,2144380249,BFS,1,2,8,6,0.000,4,30056,30056
88,50,50,75,1,5,2144380249,DFS,1,928,2314,1198,0.000,2725,30056,30056
89,50,50,75,1,5,603260268,BFS,1,60,1967,59,0.000,180,30056,30056
89,50,50,75,1,5,603260268,DFS,1,1190,1928,1191,0.000,3489,30056,30056
90,50,50,75,1,5,316474332,BFS,1,56,1964,63,1.000,194,30056,30056
90,50,50,75,1,5,316474332,DFS,1,482,678,496,0.000,1442,30056,30056
91,50,50,75,1,5,4017827747,BFS,1,47,1853,72,1.000,145,30056,30056
91,50,50,75,1,5,4017827747,DFS,1,435,517,436,0.000,1305,30056,30056
92,50,50,75,1,5,3766690271,BFS,1,23,506,50,0.000,59,30056,30056
92,50,50,75,1,5,3766690271,DFS,1,1119,1845,1205,0.000,3341,30056,30056
93,50,50,75,1,5,1697563025,BFS,1,30,744,58,0.000,85,30056,30056
93,50,50,75,1,5,1697563025,DFS,1,1018,1908,1201,0.000,3093,30056,30056
94,50,50,75,1,5,668576666,BFS,1,43,1838,83,0.000,121,30056,30056
94,50,50,75,1,5,668576666,DFS,1,445,761,446,0.000,1347,30056,30056
95,50,50,75,1,5,3862561615,BFS,1,11,104,25,0.000,33,30056,30056
95,50,50,75,1,5,3862561615,DFS,1,995,1781,1110,0.000,2917,30056,30056
96,50,50,75,1,5,464182188,BFS,1,36,1268,62,0.000,114,30056,30056
96,50,50,75,1,5,464182188,DFS,1,784,1240,785,1.000,2332,30056,30056
97,50,50,75,1,5,2546695613,BFS,1,3,5,3,0.000,7,30056,30056
97,50,50,75,1,5,2546695613,DFS,1,655,2224,1397,0.000,1937,30056,30056
98,50,50,75,1,5,3760611967,BFS,1,62,1618,65,0.000,178,30056,30056
98,50,50,75,1,5,3760611967,DFS,1,932,1319,933,0.000,2781,30056,30056
99,50,50,75,1,5,1602781469,BFS,1,36,751,44,0.000,114,30056,30056
99,50,50,75,1,5,1602781469,DFS,1,856,1239,865,0.000,2557,30056,30056
100,50,50,75,1,5,4239359013,BFS,1,22,463,62,0.000,64,30056,30056
100,50,50,75,1,5,4239359013,DFS,1,628,827,632,0.000,1875,30056,30056
1,50,50,100,1,5,1121024914,BFS,1,10,11,1,0.000,30,30056,30056
1,50,50,100,1,5,1121024914,DFS,1,10,11,11,0.000,30,30056,30056
2,50,50,100,1,5,2106338060,BFS,1,857,1753,18,0.000,2587,30056,30056
2,50,50,100,1,5,2106338060,DFS,1,857,1675,1053,1.000,2587,30056,30056
3,50,50,100,1,5,484987478,BFS,1,202,260,4,0.000,608,30056,30056
3,50,50,100,1,5,484987478,DFS,1,202,246,203,0.000,608,30056,30056
4,50,50,100,1,5,2626902583,BFS,1,11,13,2,0.000,38,30056,30056
4,50,50,100,1,5,2626902583,DFS,1,11,13,12,0.000,38,30056,30056
5,50,50,100,1,5,1291862432,BFS,1,824,1612,8,0.000,2518,30056,30056
5,50,50,100,1,5,1291862432,DFS,1,824,1238,827,0.000,2518,30056,30056
6,50,50,100,1,5,3317060288,BFS,1,907,2038,12,0.000,2772,30056,30056
6,50,50,100,1,5,3317060288,DFS,1,907,1734,1078,0.000,2772,30056,30056
7,50,50,100,1,5,3305862954,BFS,1,947,1942,11,0.000,2889,30056,30056
7,50,50,100,1,5,3305862954,DFS,1,947,1406,995,0.000,2889,30056,30056
8,50,50,100,1,5,2986632402,BFS,1,506,665,5,0.000,1495,30056,30056
8,50,50,100,1,5,2986632402,DFS,1,506,2243,1034,0.000,1495,30056,30056
9,50,50,100,1,5,3491557325,BFS,1,101,107,2,0.000,299,30056,30056
9,50,50,100,1,5,3491557325,DFS,1,101,104,102,0.000,299,30056,30056
10,50,50,100,1,5,990555914,BFS,1,823,1734,10,1.000,2451,30056,30056
10,50,50,100,1,5,990555914,DFS,1,823,2384,1120,0.000,2451,30056,30056
11,50,50,100,1,5,872137356,BFS,1,23,24,1,0.000,79,30056,30056
11,50,50,100,1,5,872137356,DFS,1,23,24,24,0.000,79,30056,30056
12,50,50,100,1,5,943830960,BFS,1,978,2207,14,0.000,2933,30056,30056
12,50,50,100,1,5,943830960,DFS,1,978,1367,979,0.000,2933,30056,30056
13,50,50,100,1,5,681051659,BFS,1,372,542,6,0.000,1139,30056,30056
13,50,50,100,1,5,681051659,DFS,1,372,381,373,0.000,1139,30056,30056
14,50,50,100,1,5,3717323018,BFS,1,430,617,5,0.000,1287,30056,30056
14,50,50,100,1,5,3717323018,DFS,1,430,588,431,0.000,1287,30056,30056
15,50,50,100,1,5,3381741721,BFS,1,367,542,5,0.000,1088,30056,30056
15,50,50,100,1,5,3381741721,DFS,1,367,418,368,0.000,1088,30056,30056
16,50,50,100,1,5,2717810825,BFS,1,1077,2134,9,0.000,3223,30056,30056
16,50,50,100,1,5,2717810825,DFS,1,1077,1756,1093,0.000,3223,30056,30056
17,50,50,100,1,5,502700934,BFS,1,168,217,5,0.000,531,30056,30056
17,50,50,100,1,5,502700934,DFS,1,168,2464,920,0.000,531,30056,30056
18,50,50,100,1,5,1201279046,BFS,1,716,1244,9,1.000,2189,30056,30056
18,50,50,100,1,5,1201279046,DFS,1,716,1875,1141,0.000,2189,30056,30056
19,50,50,100,1,5,3253867608,BFS,1,843,1763,12,0.000,2553,30056,30056
19,50,50,100,1,5,3253867608,DFS,1,843,1289,907,0.000,2553,30056,30056
20,50,50,100,1,5,3927601485,BFS,1,791,1834,13,0.000,2420,30056,30056
20,50,50,100,1,5,3927601485,DFS,1,791,944,792,0.000,2420,30056,30056
21,50,50,100,1,5,2000556834,BFS,1,48,52,2,0.000,145,30056,30056
21,50,50,100,1,5,2000556834,DFS,1,48,60,55,0.000,145,30056,30056
22,50,50,100,1,5,2909795500,BFS,1,387,500,4,0.000,1185,30056,30056
22,50,50,100,1,5,2909795500,DFS,1,387,421,388,0.000,1185,30056,30056
23,50,50,100,1,5,1551026597,BFS,1,9,10,1,0.000,31,30056,30056
23,50,50,100,1,5,1551026597,DFS,1,9,10,10,0.000,31,30056,30056
24,50,50,100,1,5,1149896223,BFS,1,158,205,4,0.000,457,30056,30056
24,50,50,100,1,5,1149896223,DFS,1,158,165,159,0.000,457,30056,30056
25,50,50,100,1,5,1003284007,BFS,1,727,1921,10,0.000,2192,30056,30056
25,50,50,100,1,5,1003284007,DFS,1,727,1533,757,0.000,2192,30056,30056
26,50,50,100,1,5,3437957709,BFS,1,1043,1831,10,0.000,3072,30056,30056
26,50,50,100,1,5,3437957709,DFS,1,1043,2222,1223,0.000,3072,30056,30056
27,50,50,100,1,5,4017909058,BFS,1,802,2217,12,0.000,2412,30056,30056
27,50,50,100,1,5,4017909058,DFS,1,802,2117,811,0.000,2412,30056,30056
28,50,50,100,1,5,2005061782,BFS,1,848,1656,8,0.000,2521,30056,30056
28,50,50,100,1,5,2005061782,DFS,1,848,2232,1189,0.000,2521,30056,30056
29,50,50,100,1,5,857632335,BFS,1,349,485,6,0.000,1049,30056,30056
29,50,50,100,1,5,857632335,DFS,1,349,375,350,0.000,1049,30056,30056
30,50,50,100,1,5,3566243793,BFS,1,329,394,5,0.000,982,30056,30056
30,50,50,100,1,5,3566243793,DFS,1,329,2474,1230,1.000,982,30056,30056
31,50,50,100,1,5,2563094378,BFS,1,252,386,4,0.000,767,30056,30056
31,50,50,100,1,5,2563094378,DFS,1,252,370,269,0.000,767,30056,30056
32,50,50,100,1,5,3427487027,BFS,1,348,467,4,1.000,1069,30056,30056
32,50,50,100,1,5,3427487027,DFS,1,348,2245,1095,1.000,1069,30056,30056
33,50,50,100,1,5,2964665176,BFS,1,192,296,5,0.000,586,30056,30056
33,50,50,100,1,5,2964665176,DFS,1,192,2485,1218,0.000,586,30056,30056
34,50,50,100,1,5,2473218598,BFS,1,724,1376,8,0.000,2240,30056,30056
34,50,50,100,1,5,2473218598,DFS,1,724,2058,1133,0.000,2240,30056,30056
35,50,50,100,1,5,1001695171,BFS,1,1085,2099,9,0.000,3261,30056,30056
35,50,50,100,1,5,1001695171,DFS,1,1085,1911,1132,0.000,3261,30056,30056
36,50,50,100,1,5,33103693,BFS,1,328,428,4,0.000,974,30056,30056
36,50,50,100,1,5,33103693,DFS,1,328,350,329,0.000,974,30056,30056
37,50,50,100,1,5,952435779,BFS,1,1097,2080,9,0.000,3216,30056,30056
37,50,50,100,1,5,952435779,DFS,1,1097,2207,1276,0.000,3216,30056,30056
38,50,50,100,1,5,2948510717,BFS,1,693,1104,7,0.000,1956,30056,30056
38,50,50,100,1,5,2948510717,DFS,1,693,794,694,0.000,1956,30056,30056
39,50,50,100,1,5,592971849,BFS,1,1030,1889,9,0.000,3115,30056,30056
39,50,50,100,1,5,592971849,DFS,1,1030,1327,1031,1.000,3115,30056,30056
40,50,50,100,1,5,3143321313,BFS,1,302,379,5,0.000,944,30056,30056
40,50,50,100,1,5,3143321313,DFS,1,302,324,303,0.000,944,30056,30056
41,50,50,100,1,5,2273522152,BFS,1,158,210,3,1.000,502,30056,30056
41,50,50,100,1,5,2273522152,DFS,1,158,170,159,0.000,502,30056,30056
42,50,50,100,1,5,3116810961,BFS,1,457,594,5,0.000,1399,30056,30056
42,50,50,100,1,5,3116810961,DFS,1,457,520,458,0.000,1399,30056,30056
43,50,50,100,1,5,3398859620,BFS,1,661,1033,5,0.000,1991,30056,30056
43,50,50,100,1,5,3398859620,DFS,1,661,2315,1128,0.000,1991,30056,30056
44,50,50,100,1,5,3831322497,BFS,1,460,1114,10,0.000,1404,30056,30056
44,50,50,100,1,5,3831322497,DFS,1,460,2408,883,0.000,1404,30056,30056
45,50,50,100,1,5,4208626830,BFS,1,1000,2033,10,0.000,3042,30056,30056
45,50,50,100,1,5,4208626830,DFS,1,1000,1960,1146,1.000,3042,30056,30056
46,50,50,100,1,5,2426758319,BFS,1,1164,2413,9,0.000,3439,30056,30056
46,50,50,100,1,5,2426758319,DFS,1,1164,2067,1165,1.000,3439,30056,30056
47,50,50,100,1,5,2709431695,BFS,1,141,162,3,0.000,423,30056,30056
47,50,50,100,1,5,2709431695,DFS,1,141,160,142,0.000,423,30056,30056
48,50,50,100,1,5,87107659,BFS,1,805,1412,8,0.000,2381,30056,30056
48,50,50,100,1,5,87107659,DFS,1,805,2099,1167,0.000,2381,30056,30056
49,50,50,100,1,5,3709997667,BFS,1,580,818,6,1.000,1733,30056,30056
49,50,50,100,1,5,3709997667,DFS,1,580,716,581,0.000,1733,30056,30056
50,50,50,100,1,5,1376895384,BFS,1,502,821,6,0.000,1520,30056,30056
50,50,50,100,1,5,1376895384,DFS,1,502,531,503,1.000,1520,30056,30056
51,50,50,100,1,5,162545221,BFS,1,1164,2420,9,0.000,3471,30056,30056
51,50,50,100,1,5,162545221,DFS,1,1164,1820,1177,0.000,3471,30056,30056
52,50,50,100,1,5,2192930979,BFS,1,967,2429,15,0.000,2893,30056,30056
52,50,50,100,1,5,2192930979,DFS,1,967,1803,979,1.000,2893,30056,30056
53,50,50,100,1,5,77065016,BFS,1,18,19,1,0.000,59,30056,30056
53,50,50,100,1,5,77065016,DFS,1,18,19,19,0.000,59,30056,30056
54,50,50,100,1,5,2734337831,BFS,1,77,123,3,0.000,231,30056,30056
54,50,50,100,1,5,2734337831,DFS,1,77,91,78,0.000,231,30056,30056
55,50,50,100,1,5,2209506177,BFS,1,655,1343,8,0.000,1932,30056,30056
55,50,50,100,1,5,2209506177,DFS,1,655,1051,775,0.000,1932,30056,30056
56,50,50,100,1,5,241231587,BFS,1,693,1345,8,0.000,2073,30056,30056
56,50,50,100,1,5,241231587,DFS,1,693,2312,1165,0.000,2073,30056,30056
57,50,50,100,1,5,2138635855,BFS,1,690,1147,7,0.000,2033,30056,30056
57,50,50,100,1,5,2138635855,DFS,1,690,932,691,0.000,2033,30056,30056
58,50,50,100,1,5,2811460622,BFS,1,251,305,6,0.000,750,30056,30056
58,50,50,100,1,5,2811460622,DFS,1,251,295,252,0.000,750,30056,30056
59,50,50,100,1,5,2069186508,BFS,1,489,759,5,0.000,1387,30056,30056
59,50,50,100,1,5,2069186508,DFS,1,489,2372,1034,0.000,1387,30056,30056
60,50,50,100,1,5,2839183732,BFS,1,392,502,6,0.000,1167,30056,30056
60,50,50,100,1,5,2839183732,DFS,1,392,408,393,0.000,1167,30056,30056
61,50,50,100,1,5,3290894844,BFS,1,681,1361,13,0.000,2000,30056,30056
61,50,50,100,1,5,3290894844,DFS,1,681,837,682,0.000,2000,30056,30056
62,50,50,100,1,5,1265770341,BFS,1,363,597,4,0.000,1118,30056,30056
62,50,50,100,1,5,1265770341,DFS,1,363,517,403,0.000,1118,30056,30056
63,50,50,100,1,5,3037853967,BFS,1,688,1564,13,0.000,2098,30056,30056
63,50,50,100,1,5,3037853967,DFS,1,688,1003,719,0.000,2098,30056,30056
64,50,50,100,1,5,3135887228,BFS,1,827,1234,7,0.000,2476,30056,30056
64,50,50,100,1,5,3135887228,DFS,1,827,2218,1369,1.000,2476,30056,30056
65,50,50,100,1,5,2087735417,BFS,1,109,113,2,0.000,311,30056,30056
65,50,50,100,1,5,2087735417,DFS,1,109,113,110,0.000,311,30056,30056
66,50,50,100,1,5,454593831,BFS,1,1066,1774,8,0.000,3263,30056,30056
66,50,50,100,1,5,454593831,DFS,1,1066,1446,1092,0.000,3263,30056,30056
67,50,50,100,1,5,2648596781,BFS,1,542,820,7,0.000,1579,30056,30056
67,50,50,100,1,5,2648596781,DFS,1,542,646,543,0.000,1579,30056,30056
68,50,50,100,1,5,3093015066,BFS,1,417,489,3,0.000,1273,30056,30056
68,50,50,100,1,5,3093015066,DFS,1,417,447,418,0.000,1273,30056,30056
69,50,50,100,1,5,3238118724,BFS,1,134,151,2,0.000,410,30056,30056
69,50,50,100,1,5,3238118724,DFS,1,134,140,135,0.000,410,30056,30056
70,50,50,100,1,5,2279521265,BFS,1,297,469,9,0.000,876,30056,30056
70,50,50,100,1,5,2279521265,DFS,1,297,318,298,0.000,876,30056,30056
71,50,50,100,1,5,259884221,BFS,1,282,404,5,0.000,824,30056,30056
71,50,50,100,1,5,259884221,DFS,1,282,385,306,1.000,824,30056,30056
72,50,50,100,1,5,2902858604,BFS,1,1053,1996,10,0.000,3272,30056,30056
72,50,50,100,1,5,2902858604,DFS,1,1053,1940,1225,0.000,3272,30056,30056
73,50,50,100,1,5,4046439529,BFS,1,832,1584,10,1.000,2488,30056,30056
73,50,50,100,1,5,4046439529,DFS,1,832,1762,970,0.000,2488,30056,30056
74,50,50,100,1,5,2768932889,BFS,1,638,1670,15,1.000,1865,30056,30056
74,50,50,100,1,5,2768932889,DFS,1,638,1432,686,0.000,1865,30056,30056
75,50,50,100,1,5,3999338394,BFS,1,1052,1929,11,0.000,3217,30056,30056
75,50,50,100,1,5,3999338394,DFS,1,1052,1184,1053,0.000,3217,30056,30056
76,50,50,100,1,5,1322439819,BFS,1,877,1407,7,0.000,2624,30056,30056
76,50,50,100,1,5,1322439819,DFS,1,877,1874,1186,0.000,2624,30056,30056
77,50,50,100,1,5,3001868624,BFS,1,707,1717,9,0.000,2089,30056,30056
77,50,50,100,1,5,3001868624,DFS,1,707,1857,885,0.000,2089,30056,30056
78,50,50,100,1,5,4209982706,BFS,1,275,427,8,0.000,829,30056,30056
78,50,50,100,1,5,4209982706,DFS,1,275,2491,1108,1.000,829,30056,30056
79,50,50,100,1,5,3109693212,BFS,1,323,650,6,0.000,953,30056,30056
79,50,50,100,1,5,3109693212,DFS,1,323,590,345,1.000,953,30056,30056
80,50,50,100,1,5,668788535,BFS,1,570,1137,8,0.000,1682,30056,30056
80,50,50,100,1,5,668788535,DFS,1,570,682,588,0.000,1682,30056,30056
81,50,50,100,1,5,518102605,BFS,1,990,1779,8,0.000,2929,30056,30056
81,50,50,100,1,5,518102605,DFS,1,990,1372,991,0.000,2929,30056,30056
82,50,50,100,1,5,1027252363,BFS,1,297,411,6,0.000,860,30056,30056
82,50,50,100,1,5,1027252363,DFS,1,297,474,333,0.000,860,30056,30056
83,50,50,100,1,5,3929483470,BFS,1,235,417,8,0.000,715,30056,30056
83,50,50,100,1,5,3929483470,DFS,1,235,2463,990,1.000,715,30056,30056
84,50,50,100,1,5,2952170089,BFS,1,481,851,6,0.000,1438,30056,30056
84,50,50,100,1,5,2952170089,DFS,1,481,593,482,0.000,1438,30056,30056
85,50,50,100,1,5,1549970205,BFS,1,821,1506,6,0.000,2446,30056,30056
85,50,50,100,1,5,1549970205,DFS,1,821,1132,822,0.000,2446,30056,30056
86,50,50,100,1,5,3238601618,BFS,1,839,1388,9,1.000,2495,30056,30056
86,50,50,100,1,5,3238601618,DFS,1,839,1080,840,0.000,2495,30056,30056
87,50,50,100,1,5,3152464400,BFS,1,432,857,12,0.000,1328,30056,30056
87,50,50,100,1,5,3152464400,DFS,1,432,540,433,0.000,1328,30056,30056
88,50,50,100,1,5,4003568049,BFS,1,398,681,6,0.000,1228,30056,30056
88,50,50,100,1,5,4003568049,DFS,1,398,2210,1219,0.000,1228,30056,30056
89,50,50,100,1,5,1643345119,BFS,1,572,962,8,0.000,1679,30056,30056
89,50,50,100,1,5,1643345119,DFS,1,572,1235,692,1.000,1679,30056,30056
90,50,50,100,1,5,1798216436,BFS,1,516,1023,11,0.000,1600,30056,30056
90,50,50,100,1,5,1798216436,DFS,1,516,589,517,1.000,1600,30056,30056
91,50,50,100,1,5,384938677,BFS,1,957,1759,8,0.000,2785,30056,30056
91,50,50,100,1,5,384938677,DFS,1,957,1248,958,0.000,2785,30056,30056
92,50,50,100,1,5,3792026654,BFS,1,127,136,2,0.000,384,30056,30056
92,50,50,100,1,5,3792026654,DFS,1,127,136,128,0.000,384,30056,30056
93,50,50,100,1,5,4187658907,BFS,1,350,482,5,0.000,1079,30056,30056
93,50,50,100,1,5,4187658907,DFS,1,350,463,351,0.000,1079,30056,30056
94,50,50,100,1,5,1393644645,BFS,1,1041,2306,12,0.000,3128,30056,30056
94,50,50,100,1,5,1393644645,DFS,1,1041,2128,1042,1.000,3128,30056,30056
95,50,50,100,1,5,490331235,BFS,1,915,2124,14,0.000,2702,30056,30056
95,50,50,100,1,5,490331235,DFS,1,915,1550,946,0.000,2702,30056,30056
96,50,50,100,1,5,1016623843,BFS,1,844,1508,7,0.000,2588,30056,30056
96,50,50,100,1,5,1016623843,DFS,1,844,2145,1247,0.000,2588,30056,30056
97,50,50,100,1,5,4173247923,BFS,1,3,4,1,0.000,7,30056,30056
97,50,50,100,1,5,4173247923,DFS,1,3,4,4,0.000,7,30056,30056
98,50,50,100,1,5,40389352,BFS,1,1114,2168,7,0.000,3283,30056,30056
98,50,50,100,1,5,40389352,DFS,1,1114,1797,1115,0.000,3283,30056,30056
99,50,50,100,1,5,271461252,BFS,1,194,256,3,0.000,592,30056,30056
99,50,50,100,1,5,271461252,DFS,1,194,244,195,0.000,592,30056,30056
100,50,50,100,1,5,1074922072,BFS,1,1124,2305,10,0.000,3391,30056,30056
100,50,50,100,1,5,1074922072,DFS,1,1124,1516,1214,1.000,3391,30056,30056
1,100,100,0,1,5,1079044065,BFS,1,79,4821,102,1.000,260,120056,120056
1,100,100,0,1,5,1079044065,DFS,1,5623,5624,5624,1.000,16702,120056,120056
2,100,100,0,1,5,2724877012,BFS,1,74,6210,121,0.000,215,120056,120056
2,100,100,0,1,5,2724877012,DFS,1,2874,2875,2875,0.000,8564,120056,120056
3,100,100,0,1,5,2581447775,BFS,1,107,8579,118,1.000,306,120056,120056
3,100,100,0,1,5,2581447775,DFS,1,5689,5691,5690,1.000,17072,120056,120056
4,100,100,0,1,5,3822183137,BFS,1,81,8826,168,1.000,232,120056,120056
4,100,100,0,1,5,3822183137,DFS,1,9025,9075,9026,1.000,26886,120056,120056
5,100,100,0,1,5,8674810,BFS,1,66,6453,142,0.000,216,120056,120056
5,100,100,0,1,5,8674810,DFS,1,1866,1867,1867,0.000,5606,120056,120056
6,100,100,0,1,5,1316911209,BFS,1,80,7915,130,1.000,245,120056,120056
6,100,100,0,1,5,1316911209,DFS,1,8744,8746,8745,0.000,26225,120056,120056
7,100,100,0,1,5,3158619358,BFS,1,143,9753,117,1.000,438,120056,120056
7,100,100,0,1,5,3158619358,DFS,1,1753,1754,1754,0.000,5316,120056,120056
8,100,100,0,1,5,1182542903,BFS,1,45,2268,89,0.000,135,120056,120056
8,100,100,0,1,5,1182542903,DFS,1,8393,8396,8394,1.000,25222,120056,120056
9,100,100,0,1,5,553194963,BFS,1,52,4697,148,0.000,137,120056,120056
9,100,100,0,1,5,553194963,DFS,1,2652,2653,2653,0.000,7869,120056,120056
10,100,100,0,1,5,4293839539,BFS,1,23,1040,82,0.000,65,120056,120056
10,100,100,0,1,5,4293839539,DFS,1,4191,4192,4192,0.000,12452,120056,120056
11,100,100,0,1,5,490227851,BFS,1,59,6337,174,0.000,172,120056,120056
11,100,100,0,1,5,490227851,DFS,1,59,60,60,0.000,172,120056,120056
12,100,100,0,1,5,1349080322,BFS,1,89,8547,126,0.000,243,120056,120056
12,100,100,0,1,5,1349080322,DFS,1,289,290,290,0.000,841,120056,120056
13,100,100,0,1,5,476550899,BFS,1,142,9447,110,1.000,425,120056,120056
13,100,100,0,1,5,476550899,DFS,1,824,825,825,0.000,2422,120056,120056
14,100,100,0,1,5,2038866749,BFS,1,86,6480,116,1.000,264,120056,120056
14,100,100,0,1,5,2038866749,DFS,1,6886,6887,6887,1.000,20538,120056,120056
15,100,100,0,1,5,1342132780,BFS,1,78,5514,110,1.000,218,120056,120056
15,100,100,0,1,5,1342132780,DFS,1,1510,1511,1511,0.000,4472,120056,120056
16,100,100,0,1,5,3828858292,BFS,1,52,3727,104,0.000,165,120056,120056
16,100,100,0,1,5,3828858292,DFS,1,7612,7699,7613,0.000,22936,120056,120056
17,100,100,0,1,5,2400726906,BFS,1,76,7732,132,1.000,247,120056,120056
17,100,100,0,1,5,2400726906,DFS,1,8514,8544,8515,1.000,25591,120056,120056
18,100,100,0,1,5,1185691061,BFS,1,74,8366,168,0.000,230,120056,120056
18,100,100,0,1,5,1185691061,DFS,1,986,987,987,0.000,3003,120056,120056
19,100,100,0,1,5,2909703099,BFS,1,92,7192,110,0.000,294,120056,120056
19,100,100,0,1,5,2909703099,DFS,1,1310,1311,1311,0.000,3985,120056,120056
20,100,100,0,1,5,3544639458,BFS,1,19,732,76,0.000,58,120056,120056
20,100,100,0,1,5,3544639458,DFS,1,1399,1400,1400,0.000,4217,120056,120056
21,100,100,0,1,5,2073701441,BFS,1,98,6600,103,1.000,290,120056,120056
21,100,100,0,1,5,2073701441,DFS,1,6852,6951,6853,1.000,20324,120056,120056
22,100,100,0,1,5,1207904705,BFS,1,102,8179,106,0.000,275,120056,120056
22,100,100,0,1,5,1207904705,DFS,1,210,211,211,0.000,607,120056,120056
23,100,100,0,1,5,4251933607,BFS,1,94,6723,111,1.000,277,120056,120056
23,100,100,0,1,5,4251933607,DFS,1,5950,6041,5951,0.000,17785,120056,120056
24,100,100,0,1,5,3006622182,BFS,1,42,3307,126,0.000,121,120056,120056
24,100,100,0,1,5,3006622182,DFS,1,1986,1987,1987,0.000,5956,120056,120056
25,100,100,0,1,5,2520637004,BFS,1,95,8039,117,1.000,273,120056,120056
25,100,100,0,1,5,2520637004,DFS,1,5095,5096,5096,0.000,15324,120056,120056
26,100,100,0,1,5,3746832998,BFS,1,44,2357,87,0.000,124,120056,120056
26,100,100,0,1,5,3746832998,DFS,1,9172,9178,9173,1.000,27386,120056,120056
27,100,100,0,1,5,1417559634,BFS,1,78,5623,105,0.000,246,120056,120056
27,100,100,0,1,5,1417559634,DFS,1,7804,7805,7805,1.000,23531,120056,120056
28,100,100,0,1,5,144118583,BFS,1,7,110,32,0.000,23,120056,120056
28,100,100,0,1,5,144118583,DFS,1,4979,4980,4980,0.000,14877,120056,120056
29,100,100,0,1,5,706799153,BFS,1,37,2147,102,0.000,103,120056,120056
29,100,100,0,1,5,706799153,DFS,1,9157,9195,9158,1.000,27379,120056,120056
30,100,100,0,1,5,982084235,BFS,1,26,1307,97,0.000,89,120056,120056
30,100,100,0,1,5,982084235,DFS,1,5626,5627,5627,1.000,16963,120056,120056
31,100,100,0,1,5,3844341100,BFS,1,62,4016,105,1.000,175,120056,120056
31,100,100,0,1,5,3844341100,DFS,1,3368,3429,3369,0.000,10118,120056,120056
32,100,100,0,1,5,3045811268,BFS,1,111,9466,118,1.000,334,120056,120056
32,100,100,0,1,5,3045811268,DFS,1,7467,7507,7468,0.000,22322,120056,120056
33,100,100,0,1,5,3357740892,BFS,1,115,9685,122,1.000,357,120056,120056
33,100,100,0,1,5,3357740892,DFS,1,9895,9976,9896,1.000,29661,120056,120056
34,100,100,0,1,5,892134644,BFS,1,52,5398,184,1.000,162,120056,120056
34,100,100,0,1,5,892134644,DFS,1,8078,8132,8079,2.000,24252,120056,120056
35,100,100,0,1,5,1820998511,BFS,1,107,8332,106,1.000,327,120056,120056
35,100,100,0,1,5,1820998511,DFS,1,737,738,738,0.000,2249,120056,120056
36,100,100,0,1,5,1654849732,BFS,1,105,8781,122,1.000,334,120056,120056
36,100,100,0,1,5,1654849732,DFS,1,5693,5695,5694,0.000,17111,120056,120056
37,100,100,0,1,5,185738246,BFS,1,79,8888,172,1.000,244,120056,120056
37,100,100,0,1,5,185738246,DFS,1,8521,8522,8522,1.000,25441,120056,120056
38,100,100,0,1,5,2327328404,BFS,1,82,4991,104,0.000,238,120056,120056
38,100,100,0,1,5,2327328404,DFS,1,492,493,493,0.000,1476,120056,120056
39,100,100,0,1,5,3377499986,BFS,1,65,5112,112,0.000,214,120056,120056
39,100,100,0,1,5,3377499986,DFS,1,5981,5982,5982,1.000,17948,120056,120056
40,100,100,0,1,5,2288486622,BFS,1,62,6922,174,0.000,185,120056,120056
40,100,100,0,1,5,2288486622,DFS,1,1206,1207,1207,0.000,3616,120056,120056
41,100,100,0,1,5,2106850283,BFS,1,106,7392,104,0.000,363,120056,120056
41,100,100,0,1,5,2106850283,DFS,1,6910,6911,6911,1.000,20739,120056,120056
42,100,100,0,1,5,280929489,BFS,1,26,1336,101,0.000,73,120056,120056
42,100,100,0,1,5,280929489,DFS,1,4226,4227,4227,1.000,12651,120056,120056
43,100,100,0,1,5,544433135,BFS,1,78,4790,100,0.000,257,120056,120056
43,100,100,0,1,5,544433135,DFS,1,6858,6859,6859,1.000,20305,120056,120056
44,100,100,0,1,5,517877301,BFS,1,54,4029,111,0.000,175,120056,120056
44,100,100,0,1,5,517877301,DFS,1,9562,9563,9563,1.000,28904,120056,120056
45,100,100,0,1,5,1892217972,BFS,1,19,746,79,0.000,59,120056,120056
45,100,100,0,1,5,1892217972,DFS,1,7615,7635,7616,0.000,22821,120056,120056
46,100,100,0,1,5,2004458056,BFS,1,73,5004,106,1.000,227,120056,120056
46,100,100,0,1,5,2004458056,DFS,1,2127,2128,2128,0.000,6482,120056,120056
47,100,100,0,1,5,3349391827,BFS,1,51,3064,99,0.000,146,120056,120056
47,100,100,0,1,5,3349391827,DFS,1,8879,8880,8880,1.000,26705,120056,120056
48,100,100,0,1,5,3780685677,BFS,1,26,1239,78,1.000,79,120056,120056
48,100,100,0,1,5,3780685677,DFS,1,3824,3826,3825,0.000,11487,120056,120056
49,100,100,0,1,5,1046520611,BFS,1,114,7920,106,0.000,360,120056,120056
49,100,100,0,1,5,1046520611,DFS,1,6544,6545,6545,0.000,19815,120056,120056
50,100,100,0,1,5,1448742608,BFS,1,66,4492,102,1.000,183,120056,120056
50,100,100,0,1,5,1448742608,DFS,1,6104,6105,6105,0.000,18326,120056,120056
51,100,100,0,1,5,3854861194,BFS,1,75,5012,105,0.000,228,120056,120056
51,100,100,0,1,5,3854861194,DFS,1,7933,7934,7934,0.000,23920,120056,120056
52,100,100,0,1,5,1147064728,BFS,1,63,7043,172,0.000,209,120056,120056
52,100,100,0,1,5,1147064728,DFS,1,6793,6794,6794,1.000,20292,120056,120056
53,100,100,0,1,5,1205402481,BFS,1,8,125,34,0.000,22,120056,120056
53,100,100,0,1,5,1205402481,DFS,1,3266,3267,3267,0.000,9796,120056,120056
54,100,100,0,1,5,792636807,BFS,1,123,8319,101,0.000,381,120056,120056
54,100,100,0,1,5,792636807,DFS,1,3017,3018,3018,0.000,9009,120056,120056
55,100,100,0,1,5,3825488714,BFS,1,112,8753,105,0.000,330,120056,120056
55,100,100,0,1,5,3825488714,DFS,1,312,313,313,1.000,974,120056,120056
56,100,100,0,1,5,1608431124,BFS,1,47,3892,128,0.000,130,120056,120056
56,100,100,0,1,5,1608431124,DFS,1,8247,8248,8248,1.000,24696,120056,120056
57,100,100,0,1,5,221866971,BFS,1,18,657,75,0.000,59,120056,120056
57,100,100,0,1,5,221866971,DFS,1,6602,6603,6603,1.000,19743,120056,120056
58,100,100,0,1,5,2824379741,BFS,1,18,460,36,0.000,49,120056,120056
58,100,100,0,1,5,2824379741,DFS,1,9234,9235,9235,1.000,27757,120056,120056
59,100,100,0,1,5,2146598310,BFS,1,108,8313,105,1.000,322,120056,120056
59,100,100,0,1,5,2146598310,DFS,1,9682,9779,9683,1.000,28794,120056,120056
60,100,100,0,1,5,103893231,BFS,1,59,6452,174,1.000,182,120056,120056
60,100,100,0,1,5,103893231,DFS,1,363,364,364,0.000,1096,120056,120056
61,100,100,0,1,5,3436942929,BFS,1,112,8492,111,1.000,331,120056,120056
61,100,100,0,1,5,3436942929,DFS,1,3204,3205,3205,0.000,9619,120056,120056
62,100,100,0,1,5,910016222,BFS,1,77,6161,115,1.000,205,120056,120056
62,100,100,0,1,5,910016222,DFS,1,7787,7859,7788,0.000,23441,120056,120056
63,100,100,0,1,5,2292508241,BFS,1,13,177,28,0.000,40,120056,120056
63,100,100,0,1,5,2292508241,DFS,1,3213,3214,3214,0.000,9755,120056,120056
64,100,100,0,1,5,2249214664,BFS,1,101,9420,132,0.000,295,120056,120056
64,100,100,0,1,5,2249214664,DFS,1,169,170,170,0.000,504,120056,120056
65,100,100,0,1,5,623231446,BFS,1,66,4661,108,0.000,223,120056,120056
65,100,100,0,1,5,623231446,DFS,1,3564,3565,3565,0.000,10677,120056,120056
66,100,100,0,1,5,553700908,BFS,1,58,5432,132,0.000,173,120056,120056
66,100,100,0,1,5,553700908,DFS,1,1458,1459,1459,0.000,4400,120056,120056
67,100,100,0,1,5,4153264537,BFS,1,57,4867,130,1.000,187,120056,120056
67,100,100,0,1,5,4153264537,DFS,1,4525,4526,4526,0.000,13397,120056,120056
68,100,100,0,1,5,3730155830,BFS,1,101,7026,112,1.000,305,120056,120056
68,100,100,0,1,5,3730155830,DFS,1,4957,4958,4958,0.000,14782,120056,120056
69,100,100,0,1,5,4208611293,BFS,1,62,3294,86,0.000,174,120056,120056
69,100,100,0,1,5,4208611293,DFS,1,7218,7311,7219,1.000,21574,120056,120056
70,100,100,0,1,5,213520093,BFS,1,70,7958,172,1.000,199,120056,120056
70,100,100,0,1,5,213520093,DFS,1,2376,2377,2377,0.000,7068,120056,120056
71,100,100,0,1,5,1697128832,BFS,1,7,97,30,0.000,26,120056,120056
71,100,100,0,1,5,1697128832,DFS,1,1407,1408,1408,0.000,4112,120056,120056
72,100,100,0,1,5,3156242290,BFS,1,50,3190,90,0.000,146,120056,120056
72,100,100,0,1,5,3156242290,DFS,1,3530,3547,3531,0.000,10478,120056,120056
73,100,100,0,1,5,2214991065,BFS,1,91,8012,124,0.000,281,120056,120056
73,100,100,0,1,5,2214991065,DFS,1,5847,5901,5848,0.000,17726,120056,120056
74,100,100,0,1,5,2902610872,BFS,1,104,7639,100,1.000,287,120056,120056
74,100,100,0,1,5,2902610872,DFS,1,6966,6968,6967,0.000,20794,120056,120056
75,100,100,0,1,5,595063383,BFS,1,82,4316,95,0.000,268,120056,120056
75,100,100,0,1,5,595063383,DFS,1,6302,6303,6303,0.000,19114,120056,120056
76,100,100,0,1,5,3166980428,BFS,1,58,5376,146,0.000,172,120056,120056
76,100,100,0,1,5,3166980428,DFS,1,5258,5259,5259,0.000,15878,120056,120056
77,100,100,0,1,5,690115314,BFS,1,90,6543,101,0.000,262,120056,120056
77,100,100,0,1,5,690115314,DFS,1,1890,1891,1891,0.000,5800,120056,120056
78,100,100,0,1,5,3560831990,BFS,1,92,6612,100,1.000,287,120056,120056
78,100,100,0,1,5,3560831990,DFS,1,8630,8631,8631,1.000,25957,120056,120056
79,100,100,0,1,5,1150220750,BFS,1,74,7416,146,1.000,208,120056,120056
79,100,100,0,1,5,1150220750,DFS,1,7474,7475,7475,1.000,22207,120056,120056
80,100,100,0,1,5,2664177671,BFS,1,118,9532,117,1.000,342,120056,120056
80,100,100,0,1,5,2664177671,DFS,1,2920,2921,2921,0.000,8894,120056,120056
81,100,100,0,1,5,1677386953,BFS,1,62,5055,115,1.000,202,120056,120056
81,100,100,0,1,5,1677386953,DFS,1,6374,6375,6375,1.000,19087,120056,120056
82,100,100,0,1,5,3904811191,BFS,1,29,1648,118,0.000,96,120056,120056
82,100,100,0,1,5,3904811191,DFS,1,4139,4179,4140,0.000,12502,120056,120056
83,100,100,0,1,5,3951139408,BFS,1,49,2680,100,0.000,153,120056,120056
83,100,100,0,1,5,3951139408,DFS,1,9399,9497,9400,1.000,27953,120056,120056
84,100,100,0,1,5,2896259224,BFS,1,152,9573,100,1.000,470,120056,120056
84,100,100,0,1,5,2896259224,DFS,1,7892,7893,7893,1.000,23517,120056,120056
85,100,100,0,1,5,368620923,BFS,1,9,160,38,0.000,25,120056,120056
85,100,100,0,1,5,368620923,DFS,1,7545,7574,7546,0.000,22505,120056,120056
86,100,100,0,1,5,3141507417,BFS,1,77,4495,99,0.000,236,120056,120056
86,100,100,0,1,5,3141507417,DFS,1,4253,4255,4254,1.000,12724,120056,120056
87,100,100,0,1,5,3871209240,BFS,1,52,5101,158,1.000,159,120056,120056
87,100,100,0,1,5,3871209240,DFS,1,2776,2777,2777,0.000,8258,120056,120056
88,100,100,0,1,5,3483644176,BFS,1,52,3578,97,1.000,135,120056,120056
88,100,100,0,1,5,3483644176,DFS,1,2952,2953,2953,0.000,8779,120056,120056
89,100,100,0,1,5,2722872507,BFS,1,72,5673,111,1.000,221,120056,120056
89,100,100,0,1,5,2722872507,DFS,1,9234,9244,9235,1.000,27531,120056,120056
90,100,100,0,1,5,1855084958,BFS,1,69,5454,114,1.000,201,120056,120056
90,100,100,0,1,5,1855084958,DFS,1,1309,1310,1310,0.000,3814,120056,120056
91,100,100,0,1,5,4138503146,BFS,1,107,8756,111,1.000,312,120056,120056
91,100,100,0,1,5,4138503146,DFS,1,2107,2108,2108,0.000,6395,120056,120056
92,100,100,0,1,5,1982304772,BFS,1,84,6890,111,1.000,248,120056,120056
92,100,100,0,1,5,1982304772,DFS,1,9904,9905,9905,1.000,29629,120056,120056
93,100,100,0,1,5,2446737944,BFS,1,34,1724,89,0.000,107,120056,120056
93,100,100,0,1,5,2446737944,DFS,1,4432,4442,4433,1.000,13277,120056,120056
94,100,100,0,1,5,3763434438,BFS,1,50,2648,79,0.000,133,120056,120056
94,100,100,0,1,5,3763434438,DFS,1,2876,2877,2877,1.000,8421,120056,120056
95,100,100,0,1,5,1125821482,BFS,1,29,1432,89,0.000,99,120056,120056
95,100,100,0,1,5,1125821482,DFS,1,3857,3943,3886,0.000,11599,120056,120056
96,100,100,0,1,5,1829840685,BFS,1,14,366,56,0.000,42,120056,120056
96,100,100,0,1,5,1829840685,DFS,1,14,15,15,0.000,42,120056,120056
97,100,100,0,1,5,534132548,BFS,1,28,1411,86,0.000,84,120056,120056
97,100,100,0,1,5,534132548,DFS,1,7828,7829,7829,0.000,23409,120056,120056
98,100,100,0,1,5,3080996059,BFS,1,40,2899,125,0.000,123,120056,120056
98,100,100,0,1,5,3080996059,DFS,1,7840,7896,7856,1.000,23368,120056,120056
99,100,100,0,1,5,2213104043,BFS,1,72,3709,90,0.000,209,120056,120056
99,100,100,0,1,5,2213104043,DFS,1,3364,3365,3365,0.000,10106,120056,120056
100,100,100,0,1,5,3500626153,BFS,1,117,8740,111,0.000,347,120056,120056
100,100,100,0,1,5,3500626153,DFS,1,6485,6486,6486,1.000,19421,120056,120056
1,100,100,25,1,5,2371207099,BFS,1,79,4707,103,0.000,248,120056,120056
1,100,100,25,1,5,2371207099,DFS,1,4735,5165,4736,1.000,14089,120056,120056
2,100,100,25,1,5,3024388396,BFS,1,74,6063,124,1.000,214,120056,120056
2,100,100,25,1,5,3024388396,DFS,1,968,1108,970,0.000,2850,120056,120056
3,100,100,25,1,5,3123461296,BFS,1,107,8577,121,0.000,340,120056,120056
3,100,100,25,1,5,3123461296,DFS,1,3155,3556,3156,1.000,9463,120056,120056
4,100,100,25,1,5,841086042,BFS,1,81,8817,177,0.000,248,120056,120056
4,100,100,25,1,5,841086042,DFS,1,7571,8342,7572,0.000,22512,120056,120056
5,100,100,25,1,5,812060491,BFS,1,66,6364,147,0.000,204,120056,120056
5,100,100,25,1,5,812060491,DFS,1,1534,1631,1535,0.000,4636,120056,120056
6,100,100,25,1,5,3312456359,BFS,1,80,7893,135,1.000,246,120056,120056
6,100,100,25,1,5,3312456359,DFS,1,6856,7569,6867,1.000,20551,120056,120056
7,100,100,25,1,5,3587420820,BFS,1,143,9752,126,1.000,443,120056,120056
7,100,100,25,1,5,3587420820,DFS,1,721,761,722,0.000,2188,120056,120056
8,100,100,25,1,5,3708693783,BFS,1,49,2492,94,0.000,156,120056,120056
8,100,100,25,1,5,3708693783,DFS,1,6083,6608,6084,1.000,18268,120056,120056
9,100,100,25,1,5,681109504,BFS,1,52,4585,155,1.000,161,120056,120056
9,100,100,25,1,5,681109504,DFS,1,2026,2202,2027,0.000,6057,120056,120056
10,100,100,25,1,5,1142187132,BFS,1,23,1013,82,0.000,67,120056,120056
10,100,100,25,1,5,1142187132,DFS,1,4851,5539,4852,1.000,14464,120056,120056
11,100,100,25,1,5,2545734712,BFS,1,59,6253,187,2.000,178,120056,120056
11,100,100,25,1,5,2545734712,DFS,1,59,60,60,0.000,178,120056,120056
12,100,100,25,1,5,2771990297,BFS,1,89,8519,133,0.000,252,120056,120056
12,100,100,25,1,5,2771990297,DFS,1,379,394,380,1.000,1100,120056,120056
13,100,100,25,1,5,2769518495,BFS,1,142,9444,121,1.000,449,120056,120056
13,100,100,25,1,5,2769518495,DFS,1,1656,1784,1657,0.000,4929,120056,120056
14,100,100,25,1,5,2149962078,BFS,1,86,6292,118,0.000,275,120056,120056
14,100,100,25,1,5,2149962078,DFS,1,5360,5842,5361,1.000,16014,120056,120056
15,100,100,25,1,5,2964828947,BFS,1,86,6256,116,0.000,261,120056,120056
15,100,100,25,1,5,2964828947,DFS,1,2402,2613,2403,1.000,7171,120056,120056
16,100,100,25,1,5,3641412961,BFS,1,52,3644,107,0.000,150,120056,120056
16,100,100,25,1,5,3641412961,DFS,1,7214,8487,7215,1.000,21822,120056,120056
17,100,100,25,1,5,2073226482,BFS,1,76,7698,139,1.000,234,120056,120056
17,100,100,25,1,5,2073226482,DFS,1,7246,7920,7247,1.000,21707,120056,120056
18,100,100,25,1,5,1508430224,BFS,1,74,8270,178,1.000,249,120056,120056
18,100,100,25,1,5,1508430224,DFS,1,2356,2592,2357,1.000,7286,120056,120056
19,100,100,25,1,5,4286880465,BFS,1,92,7111,113,1.000,284,120056,120056
19,100,100,25,1,5,4286880465,DFS,1,992,1043,993,0.000,2956,120056,120056
20,100,100,25,1,5,4011300378,BFS,1,19,699,75,0.000,49,120056,120056
20,100,100,25,1,5,4011300378,DFS,1,775,819,779,0.000,2297,120056,120056
21,100,100,25,1,5,499123272,BFS,1,98,6469,113,0.000,286,120056,120056
21,100,100,25,1,5,499123272,DFS,1,5592,6096,5593,1.000,16615,120056,120056
22,100,100,25,1,5,3010568288,BFS,1,106,8494,110,1.000,273,120056,120056
22,100,100,25,1,5,3010568288,DFS,1,608,636,609,0.000,1793,120056,120056
23,100,100,25,1,5,3882815150,BFS,1,94,6585,118,1.000,286,120056,120056
23,100,100,25,1,5,3882815150,DFS,1,4372,4839,4373,1.000,13061,120056,120056
24,100,100,25,1,5,3368563319,BFS,1,42,3220,131,1.000,128,120056,120056
24,100,100,25,1,5,3368563319,DFS,1,2300,2567,2301,0.000,6947,120056,120056
25,100,100,25,1,5,2862891294,BFS,1,95,8016,124,1.000,269,120056,120056
25,100,100,25,1,5,2862891294,DFS,1,3473,3923,3474,0.000,10476,120056,120056
26,100,100,25,1,5,3397886107,BFS,1,44,2310,88,0.000,113,120056,120056
26,100,100,25,1,5,3397886107,DFS,1,7180,7779,7181,1.000,21433,120056,120056
27,100,100,25,1,5,1049447916,BFS,1,78,5536,109,0.000,224,120056,120056
27,100,100,25,1,5,1049447916,DFS,1,6016,6615,6017,0.000,18187,120056,120056
28,100,100,25,1,5,2553128109,BFS,1,7,102,30,0.000,23,120056,120056
28,100,100,25,1,5,2553128109,DFS,1,4381,5448,4382,0.000,13020,120056,120056
29,100,100,25,1,5,1724509181,BFS,1,39,2264,108,0.000,104,120056,120056
29,100,100,25,1,5,1724509181,DFS,1,6673,7364,6674,1.000,19888,120056,120056
30,100,100,25,1,5,3848953205,BFS,1,26,1239,99,0.000,84,120056,120056
30,100,100,25,1,5,3848953205,DFS,1,4578,4950,4579,0.000,13822,120056,120056
31,100,100,25,1,5,3420246540,BFS,1,62,3919,109,0.000,187,120056,120056
31,100,100,25,1,5,3420246540,DFS,1,2318,2578,2319,0.000,6939,120056,120056
32,100,100,25,1,5,917040929,BFS,1,111,9464,125,1.000,334,120056,120056
32,100,100,25,1,5,917040929,DFS,1,7487,8329,7488,0.000,22301,120056,120056
33,100,100,25,1,5,222812447,BFS,1,115,9679,128,1.000,387,120056,120056
33,100,100,25,1,5,222812447,DFS,1,6737,7421,6738,1.000,20228,120056,120056
34,100,100,25,1,5,738110929,BFS,1,52,5303,201,1.000,154,120056,120056
34,100,100,25,1,5,738110929,DFS,1,7046,8019,7047,1.000,21156,120056,120056
35,100,100,25,1,5,615424516,BFS,1,107,8307,111,1.000,318,120056,120056
35,100,100,25,1,5,615424516,DFS,1,501,533,502,0.000,1505,120056,120056
36,100,100,25,1,5,722061770,BFS,1,105,8781,128,1.000,313,120056,120056
36,100,100,25,1,5,722061770,DFS,1,4033,4498,4034,1.000,12101,120056,120056
37,100,100,25,1,5,3708499789,BFS,1,79,8884,184,1.000,247,120056,120056
37,100,100,25,1,5,3708499789,DFS,1,6137,6897,6139,1.000,18356,120056,120056
38,100,100,25,1,5,2623713083,BFS,1,88,5436,109,1.000,242,120056,120056
38,100,100,25,1,5,2623713083,DFS,1,204,213,205,0.000,617,120056,120056
39,100,100,25,1,5,2131389400,BFS,1,65,5033,116,0.000,224,120056,120056
39,100,100,25,1,5,2131389400,DFS,1,6311,9186,7992,1.000,18951,120056,120056
40,100,100,25,1,5,3787311986,BFS,1,62,6859,184,0.000,204,120056,120056
40,100,100,25,1,5,3787311986,DFS,1,1628,1724,1629,0.000,4852,120056,120056
41,100,100,25,1,5,1607288336,BFS,1,106,7312,111,1.000,330,120056,120056
41,100,100,25,1,5,1607288336,DFS,1,5324,5753,5334,2.000,15959,120056,120056
42,100,100,25,1,5,1327790432,BFS,1,26,1242,102,0.000,73,120056,120056
42,100,100,25,1,5,1327790432,DFS,1,2852,3331,2853,1.000,8565,120056,120056
43,100,100,25,1,5,1863773778,BFS,1,80,4875,100,0.000,266,120056,120056
43,100,100,25,1,5,1863773778,DFS,1,5060,5566,5061,1.000,14950,120056,120056
44,100,100,25,1,5,2093661744,BFS,1,54,3938,121,0.000,171,120056,120056
44,100,100,25,1,5,2093661744,DFS,1,8074,9185,8075,2.000,24548,120056,120056
45,100,100,25,1,5,3819590871,BFS,1,19,701,81,0.000,56,120056,120056
45,100,100,25,1,5,3819590871,DFS,1,5895,6583,5896,1.000,17576,120056,120056
46,100,100,25,1,5,386876134,BFS,1,83,5902,114,1.000,253,120056,120056
46,100,100,25,1,5,386876134,DFS,1,2875,3167,2876,0.000,8738,120056,120056
47,100,100,25,1,5,1097579906,BFS,1,53,3186,99,0.000,158,120056,120056
47,100,100,25,1,5,1097579906,DFS,1,195,216,196,0.000,583,120056,120056
48,100,100,25,1,5,1305571102,BFS,1,26,1213,82,0.000,79,120056,120056
48,100,100,25,1,5,1305571102,DFS,1,3562,4067,3563,1.000,10677,120056,120056
49,100,100,25,1,5,3199364009,BFS,1,114,7919,115,1.000,330,120056,120056
49,100,100,25,1,5,3199364009,DFS,1,6420,6995,6421,1.000,19378,120056,120056
50,100,100,25,1,5,3919464259,BFS,1,66,4386,100,0.000,181,120056,120056
50,100,100,25,1,5,3919464259,DFS,1,5390,5967,5391,0.000,16058,120056,120056
51,100,100,25,1,5,1712944786,BFS,1,79,5257,109,0.000,238,120056,120056
51,100,100,25,1,5,1712944786,DFS,1,7619,9256,8331,1.000,22950,120056,120056
52,100,100,25,1,5,2453733428,BFS,1,63,6999,180,1.000,197,120056,120056
52,100,100,25,1,5,2453733428,DFS,1,6227,7232,6228,1.000,18618,120056,120056
53,100,100,25,1,5,1624900410,BFS,1,8,108,31,0.000,22,120056,120056
53,100,100,25,1,5,1624900410,DFS,1,1798,1946,1799,0.000,5330,120056,120056
54,100,100,25,1,5,746273249,BFS,1,123,8317,107,1.000,355,120056,120056
54,100,100,25,1,5,746273249,DFS,1,3063,3449,3064,1.000,9107,120056,120056
55,100,100,25,1,5,2997486131,BFS,1,112,8727,109,1.000,345,120056,120056
55,100,100,25,1,5,2997486131,DFS,1,402,9972,7864,2.000,1232,120056,120056
56,100,100,25,1,5,1936155845,BFS,1,47,3853,133,1.000,137,120056,120056
56,100,100,25,1,5,1936155845,DFS,1,6163,6895,6164,1.000,18384,120056,120056
57,100,100,25,1,5,3958468174,BFS,1,18,603,70,0.000,54,120056,120056
57,100,100,25,1,5,3958468174,DFS,1,5734,6266,5735,0.000,17183,120056,120056
58,100,100,25,1,5,1500721268,BFS,1,18,416,39,0.000,48,120056,120056
58,100,100,25,1,5,1500721268,DFS,1,7002,7579,7003,0.000,21037,120056,120056
59,100,100,25,1,5,4081281750,BFS,1,108,8323,109,1.000,315,120056,120056
59,100,100,25,1,5,4081281750,DFS,1,2440,8658,4995,2.000,7270,120056,120056
60,100,100,25,1,5,1986850393,BFS,1,63,7047,184,0.000,206,120056,120056
60,100,100,25,1,5,1986850393,DFS,1,331,342,332,0.000,1035,120056,120056
61,100,100,25,1,5,3135786012,BFS,1,112,8491,114,1.000,319,120056,120056
61,100,100,25,1,5,3135786012,DFS,1,3752,9579,8301,2.000,11231,120056,120056
62,100,100,25,1,5,2704908064,BFS,1,77,6093,116,1.000,229,120056,120056
62,100,100,25,1,5,2704908064,DFS,1,6529,7186,6530,1.000,19640,120056,120056
63,100,100,25,1,5,2126661458,BFS,1,13,167,26,0.000,44,120056,120056
63,100,100,25,1,5,2126661458,DFS,1,1835,9807,8319,2.000,5540,120056,120056
64,100,100,25,1,5,1730061468,BFS,1,101,9420,140,1.000,287,120056,120056
64,100,100,25,1,5,1730061468,DFS,1,1257,1356,1258,0.000,3790,120056,120056
65,100,100,25,1,5,1578205903,BFS,1,66,4600,117,0.000,174,120056,120056
65,100,100,25,1,5,1578205903,DFS,1,3422,3838,3423,0.000,10292,120056,120056
66,100,100,25,1,5,2837119460,BFS,1,66,6294,136,1.000,189,120056,120056
66,100,100,25,1,5,2837119460,DFS,1,1480,9897,8285,2.000,4516,120056,120056
67,100,100,25,1,5,161873940,BFS,1,57,4735,139,0.000,172,120056,120056
67,100,100,25,1,5,161873940,DFS,1,3187,3445,3188,0.000,9389,120056,120056
68,100,100,25,1,5,3022535518,BFS,1,101,7017,117,0.000,308,120056,120056
68,100,100,25,1,5,3022535518,DFS,1,4757,5166,4758,0.000,14230,120056,120056
69,100,100,25,1,5,3255586393,BFS,1,66,3516,87,0.000,194,120056,120056
69,100,100,25,1,5,3255586393,DFS,1,6578,7491,6579,1.000,19750,120056,120056
70,100,100,25,1,5,941544177,BFS,1,70,7952,178,1.000,212,120056,120056
70,100,100,25,1,5,941544177,DFS,1,2826,9770,8316,2.000,8355,120056,120056
71,100,100,25,1,5,804293263,BFS,1,7,71,28,0.000,19,120056,120056
71,100,100,25,1,5,804293263,DFS,1,1007,1131,1008,0.000,3005,120056,120056
72,100,100,25,1,5,320888973,BFS,1,50,3120,90,1.000,143,120056,120056
72,100,100,25,1,5,320888973,DFS,1,2618,2950,2619,0.000,7831,120056,120056
73,100,100,25,1,5,468567337,BFS,1,91,7935,131,1.000,270,120056,120056
73,100,100,25,1,5,468567337,DFS,1,5909,6539,5910,1.000,17976,120056,120056
74,100,100,25,1,5,4138245450,BFS,1,104,7519,104,1.000,322,120056,120056
74,100,100,25,1,5,4138245450,DFS,1,6400,7013,6401,1.000,19037,120056,120056
75,100,100,25,1,5,1990195968,BFS,1,82,4172,94,0.000,258,120056,120056
75,100,100,25,1,5,1990195968,DFS,1,5376,5801,5377,0.000,16334,120056,120056
76,100,100,25,1,5,4276072211,BFS,1,58,5320,157,1.000,160,120056,120056
76,100,100,25,1,5,4276072211,DFS,1,3456,3720,3457,1.000,10484,120056,120056
77,100,100,25,1,5,1045448518,BFS,1,94,6691,108,1.000,283,120056,120056
77,100,100,25,1,5,1045448518,DFS,1,1190,1259,1191,1.000,3675,120056,120056
78,100,100,25,1,5,2135345460,BFS,1,98,7084,106,1.000,279,120056,120056
78,100,100,25,1,5,2135345460,DFS,1,7638,8339,7639,1.000,22984,120056,120056
79,100,100,25,1,5,1004805945,BFS,1,74,7373,151,0.000,233,120056,120056
79,100,100,25,1,5,1004805945,DFS,1,4830,5501,4831,1.000,14243,120056,120056
80,100,100,25,1,5,1110306005,BFS,1,118,9529,124,1.000,350,120056,120056
80,100,100,25,1,5,1110306005,DFS,1,1454,1595,1455,0.000,4404,120056,120056
81,100,100,25,1,5,3123378005,BFS,1,62,4912,116,0.000,207,120056,120056
81,100,100,25,1,5,3123378005,DFS,1,5678,6232,5679,1.000,17072,120056,120056
82,100,100,25,1,5,3555543849,BFS,1,29,1557,114,1.000,87,120056,120056
82,100,100,25,1,5,3555543849,DFS,1,2693,3091,2694,0.000,8196,120056,120056
83,100,100,25,1,5,3140370548,BFS,1,53,3013,108,0.000,158,120056,120056
83,100,100,25,1,5,3140370548,DFS,1,7851,9111,7852,1.000,23421,120056,120056
84,100,100,25,1,5,2457394648,BFS,1,152,9571,109,0.000,450,120056,120056
84,100,100,25,1,5,2457394648,DFS,1,5470,6021,5472,1.000,16404,120056,120056
85,100,100,25,1,5,2380917373,BFS,1,9,154,38,0.000,25,120056,120056
85,100,100,25,1,5,2380917373,DFS,1,5799,9253,8089,1.000,17304,120056,120056
86,100,100,25,1,5,4051140263,BFS,1,77,4307,97,0.000,236,120056,120056
86,100,100,25,1,5,4051140263,DFS,1,3297,3643,3298,0.000,9852,120056,120056
87,100,100,25,1,5,1830769596,BFS,1,52,4975,169,1.000,181,120056,120056
87,100,100,25,1,5,1830769596,DFS,1,2712,9672,7967,1.000,8117,120056,120056
88,100,100,25,1,5,862145244,BFS,1,56,3862,98,1.000,166,120056,120056
88,100,100,25,1,5,862145244,DFS,1,2670,2918,2671,0.000,7962,120056,120056
89,100,100,25,1,5,1011102383,BFS,1,72,5599,121,1.000,222,120056,120056
89,100,100,25,1,5,1011102383,DFS,1,7312,7983,7313,1.000,21881,120056,120056
90,100,100,25,1,5,1879863496,BFS,1,69,5350,115,1.000,201,120056,120056
90,100,100,25,1,5,1879863496,DFS,1,1309,1389,1310,1.000,3898,120056,120056
91,100,100,25,1,5,1720383680,BFS,1,107,8754,117,1.000,343,120056,120056
91,100,100,25,1,5,1720383680,DFS,1,1191,1290,1192,0.000,3594,120056,120056
92,100,100,25,1,5,1244403250,BFS,1,84,6830,117,0.000,253,120056,120056
92,100,100,25,1,5,1244403250,DFS,1,8084,8762,8085,0.000,24218,120056,120056
93,100,100,25,1,5,3735062418,BFS,1,36,1843,91,0.000,110,120056,120056
93,100,100,25,1,5,3735062418,DFS,1,3196,3450,3197,0.000,9616,120056,120056
94,100,100,25,1,5,107049663,BFS,1,50,2577,78,0.000,131,120056,120056
94,100,100,25,1,5,107049663,DFS,1,2628,2891,2629,0.000,7669,120056,120056
95,100,100,25,1,5,2240300897,BFS,1,33,1750,95,0.000,103,120056,120056
95,100,100,25,1,5,2240300897,DFS,1,3099,3428,3100,0.000,9282,120056,120056
96,100,100,25,1,5,4169734099,BFS,1,18,541,67,0.000,56,120056,120056
96,100,100,25,1,5,4169734099,DFS,1,5968,6550,5969,1.000,17850,120056,120056
97,100,100,25,1,5,3681634671,BFS,1,32,1757,89,1.000,90,120056,120056
97,100,100,25,1,5,3681634671,DFS,1,6634,7316,6635,0.000,19908,120056,120056
98,100,100,25,1,5,3275132735,BFS,1,42,3062,133,1.000,128,120056,120056
98,100,100,25,1,5,3275132735,DFS,1,7470,8188,7471,1.000,22251,120056,120056
99,100,100,25,1,5,372750168,BFS,1,72,3587,89,1.000,206,120056,120056
99,100,100,25,1,5,372750168,DFS,1,3254,3510,3255,0.000,9759,120056,120056
100,100,100,25,1,5,2920503122,BFS,1,117,8738,116,1.000,347,120056,120056
100,100,100,25,1,5,2920503122,DFS,1,4001,5101,4002,1.000,12032,120056,120056
1,100,100,50,1,5,295320419,BFS,1,79,4299,93,0.000,239,120056,120056
1,100,100,50,1,5,295320419,DFS,1,3233,4355,3234,0.000,9614,120056,120056
2,100,100,50,1,5,3317439182,BFS,1,74,5582,117,0.000,219,120056,120056
2,100,100,50,1,5,3317439182,DFS,1,934,1104,937,0.000,2717,120056,120056
3,100,100,50,1,5,1436166063,BFS,1,107,8486,123,1.000,330,120056,120056
3,100,100,50,1,5,1436166063,DFS,1,1869,3339,1870,0.000,5607,120056,120056
4,100,100,50,1,5,2039731485,BFS,1,81,8704,187,1.000,233,120056,120056
4,100,100,50,1,5,2039731485,DFS,1,6521,8085,6522,2.000,19436,120056,120056
5,100,100,50,1,5,1855766713,BFS,1,66,5947,148,1.000,232,120056,120056
5,100,100,50,1,5,1855766713,DFS,1,1206,1350,1207,1.000,3682,120056,120056
6,100,100,50,1,5,908744012,BFS,1,80,7484,148,1.000,240,120056,120056
6,100,100,50,1,5,908744012,DFS,1,5498,7646,5499,1.000,16586,120056,120056
7,100,100,50,1,5,3532402718,BFS,1,143,9752,128,0.000,410,120056,120056
7,100,100,50,1,5,3532402718,DFS,1,427,488,436,0.000,1330,120056,120056
8,100,100,50,1,5,3516145543,BFS,1,55,2804,103,0.000,182,120056,120056
8,100,100,50,1,5,3516145543,DFS,1,4347,5299,4348,1.000,12997,120056,120056
9,100,100,50,1,5,433070011,BFS,1,54,4428,150,1.000,147,120056,120056
9,100,100,50,1,5,433070011,DFS,1,1382,1640,1383,1.000,4109,120056,120056
10,100,100,50,1,5,135578371,BFS,1,25,1071,82,0.000,69,120056,120056
10,100,100,50,1,5,135578371,DFS,1,2871,3668,2872,0.000,8454,120056,120056
11,100,100,50,1,5,3376091460,BFS,1,63,6661,190,1.000,181,120056,120056
11,100,100,50,1,5,3376091460,DFS,1,63,64,64,0.000,181,120056,120056
12,100,100,50,1,5,239565238,BFS,1,91,8490,137,1.000,261,120056,120056
12,100,100,50,1,5,239565238,DFS,1,427,449,428,0.000,1208,120056,120056
13,100,100,50,1,5,3400562159,BFS,1,144,9442,119,0.000,410,120056,120056
13,100,100,50,1,5,3400562159,DFS,1,890,1066,891,0.000,2629,120056,120056
14,100,100,50,1,5,1029643348,BFS,1,92,6512,118,1.000,283,120056,120056
14,100,100,50,1,5,1029643348,DFS,1,5108,6410,5113,1.000,15327,120056,120056
15,100,100,50,1,5,690342472,BFS,1,94,6670,117,0.000,283,120056,120056
15,100,100,50,1,5,690342472,DFS,1,1736,2167,1737,0.000,5133,120056,120056
16,100,100,50,1,5,2032280248,BFS,1,54,3522,110,0.000,158,120056,120056
16,100,100,50,1,5,2032280248,DFS,1,6240,8032,6242,1.000,18712,120056,120056
17,100,100,50,1,5,2483939541,BFS,1,76,7363,141,1.000,245,120056,120056
17,100,100,50,1,5,2483939541,DFS,1,5872,7457,5873,1.000,17658,120056,120056
18,100,100,50,1,5,3770472857,BFS,1,74,8155,182,1.000,253,120056,120056
18,100,100,50,1,5,3770472857,DFS,1,1430,9784,6525,2.000,4361,120056,120056
19,100,100,50,1,5,1282878207,BFS,1,92,6818,118,0.000,257,120056,120056
19,100,100,50,1,5,1282878207,DFS,1,1030,1271,1031,0.000,3067,120056,120056
20,100,100,50,1,5,2748819116,BFS,1,19,645,74,1.000,53,120056,120056
20,100,100,50,1,5,2748819116,DFS,1,627,744,628,0.000,1826,120056,120056
21,100,100,50,1,5,388376200,BFS,1,98,6106,119,0.000,306,120056,120056
21,100,100,50,1,5,388376200,DFS,1,3724,6164,3725,1.000,10992,120056,120056
22,100,100,50,1,5,2075730156,BFS,1,116,9057,123,1.000,331,120056,120056
22,100,100,50,1,5,2075730156,DFS,1,522,560,523,0.000,1560,120056,120056
23,100,100,50,1,5,4264435659,BFS,1,94,6208,116,1.000,278,120056,120056
23,100,100,50,1,5,4264435659,DFS,1,4048,4930,4049,1.000,12079,120056,120056
24,100,100,50,1,5,84468524,BFS,1,42,3023,138,0.000,124,120056,120056
24,100,100,50,1,5,84468524,DFS,1,1208,1566,1210,0.000,3623,120056,120056
25,100,100,50,1,5,4102813485,BFS,1,99,8185,126,1.000,304,120056,120056
25,100,100,50,1,5,4102813485,DFS,1,2959,3492,2960,0.000,8848,120056,120056
26,100,100,50,1,5,2311264135,BFS,1,44,2112,89,0.000,136,120056,120056
26,100,100,50,1,5,2311264135,DFS,1,5282,6778,5283,1.000,15588,120056,120056
27,100,100,50,1,5,1094319671,BFS,1,78,5202,115,0.000,225,120056,120056
27,100,100,50,1,5,1094319671,DFS,1,5360,6512,5362,1.000,16192,120056,120056
28,100,100,50,1,5,736421270,BFS,1,7,87,27,0.000,22,120056,120056
28,100,100,50,1,5,736421270,DFS,1,5053,6341,5054,0.000,14997,120056,120056
29,100,100,50,1,5,164393692,BFS,1,45,2486,106,0.000,123,120056,120056
29,100,100,50,1,5,164393692,DFS,1,5625,7323,5626,1.000,16691,120056,120056
30,100,100,50,1,5,127787704,BFS,1,26,1027,97,0.000,79,120056,120056
30,100,100,50,1,5,127787704,DFS,1,3538,4281,3546,1.000,10699,120056,120056
31,100,100,50,1,5,3574564509,BFS,1,62,3574,106,0.000,185,120056,120056
31,100,100,50,1,5,3574564509,DFS,1,1858,9591,6826,1.000,5569,120056,120056
32,100,100,50,1,5,2644577151,BFS,1,111,9451,130,1.000,328,120056,120056
32,100,100,50,1,5,2644577151,DFS,1,5927,7841,5928,1.000,17608,120056,120056
33,100,100,50,1,5,1756884588,BFS,1,115,9673,130,2.000,358,120056,120056
33,100,100,50,1,5,1756884588,DFS,1,5463,7140,5464,1.000,16362,120056,120056
34,100,100,50,1,5,1935632199,BFS,1,52,4628,191,1.000,166,120056,120056
34,100,100,50,1,5,1935632199,DFS,1,5762,7236,5763,0.000,17280,120056,120056
35,100,100,50,1,5,3693214900,BFS,1,117,8849,110,1.000,345,120056,120056
35,100,100,50,1,5,3693214900,DFS,1,517,9898,6588,1.000,1574,120056,120056
36,100,100,50,1,5,3894068940,BFS,1,107,8845,127,1.000,283,120056,120056
36,100,100,50,1,5,3894068940,DFS,1,3203,3962,3204,0.000,9698,120056,120056
37,100,100,50,1,5,2835635803,BFS,1,79,8799,201,1.000,230,120056,120056
37,100,100,50,1,5,2835635803,DFS,1,4769,5963,4770,1.000,14233,120056,120056
38,100,100,50,1,5,110733212,BFS,1,94,5536,116,1.000,260,120056,120056
38,100,100,50,1,5,110733212,DFS,1,156,162,157,0.000,466,120056,120056
39,100,100,50,1,5,1517985409,BFS,1,65,4693,116,1.000,214,120056,120056
39,100,100,50,1,5,1517985409,DFS,1,5931,7423,5932,1.000,17817,120056,120056
40,100,100,50,1,5,3797326088,BFS,1,62,6569,199,1.000,195,120056,120056
40,100,100,50,1,5,3797326088,DFS,1,1564,1799,1566,0.000,4632,120056,120056
41,100,100,50,1,5,1757270499,BFS,1,108,7282,116,0.000,328,120056,120056
41,100,100,50,1,5,1757270499,DFS,1,6200,7540,6201,1.000,18471,120056,120056
42,100,100,50,1,5,4111164343,BFS,1,30,1269,104,0.000,88,120056,120056
42,100,100,50,1,5,4111164343,DFS,1,2226,2788,2227,0.000,6566,120056,120056
43,100,100,50,1,5,2229994589,BFS,1,86,5142,106,1.000,263,120056,120056
43,100,100,50,1,5,2229994589,DFS,1,4960,6095,5021,0.000,14686,120056,120056
44,100,100,50,1,5,2664716899,BFS,1,58,3930,118,0.000,195,120056,120056
44,100,100,50,1,5,2664716899,DFS,1,6432,8238,6433,1.000,19577,120056,120056
45,100,100,50,1,5,4282275777,BFS,1,21,747,75,0.000,71,120056,120056
45,100,100,50,1,5,4282275777,DFS,1,4791,6186,4792,0.000,14393,120056,120056
46,100,100,50,1,5,247102501,BFS,1,91,6270,116,1.000,285,120056,120056
46,100,100,50,1,5,247102501,DFS,1,2699,9609,6850,2.000,8168,120056,120056
47,100,100,50,1,5,1845963584,BFS,1,55,3169,105,1.000,166,120056,120056
47,100,100,50,1,5,1845963584,DFS,1,6197,7974,6198,0.000,18722,120056,120056
48,100,100,50,1,5,1970745997,BFS,1,28,1242,78,0.000,85,120056,120056
48,100,100,50,1,5,1970745997,DFS,1,2502,9500,6263,1.000,7524,120056,120056
49,100,100,50,1,5,1562195771,BFS,1,116,7977,116,1.000,339,120056,120056
49,100,100,50,1,5,1562195771,DFS,1,5068,6216,5069,2.000,15347,120056,120056
50,100,100,50,1,5,1247695292,BFS,1,66,3978,100,0.000,200,120056,120056
50,100,100,50,1,5,1247695292,DFS,1,4732,9162,6883,1.000,14184,120056,120056
51,100,100,50,1,5,4068343036,BFS,1,87,5696,110,0.000,267,120056,120056
51,100,100,50,1,5,4068343036,DFS,1,6537,8702,6994,1.000,19611,120056,120056
52,100,100,50,1,5,105965211,BFS,1,63,6679,184,1.000,183,120056,120056
52,100,100,50,1,5,105965211,DFS,1,5911,7339,5912,1.000,17635,120056,120056
53,100,100,50,1,5,466322879,BFS,1,8,76,20,0.000,22,120056,120056
53,100,100,50,1,5,466322879,DFS,1,1780,2290,1781,0.000,5293,120056,120056
54,100,100,50,1,5,114446041,BFS,1,123,8212,115,1.000,372,120056,120056
54,100,100,50,1,5,114446041,DFS,1,2479,3064,2480,0.000,7336,120056,120056
55,100,100,50,1,5,2492069470,BFS,1,114,8482,117,1.000,340,120056,120056
55,100,100,50,1,5,2492069470,DFS,1,376,9986,6364,2.000,1131,120056,120056
56,100,100,50,1,5,3373172319,BFS,1,47,3615,136,0.000,125,120056,120056
56,100,100,50,1,5,3373172319,DFS,1,4775,6714,4776,1.000,14156,120056,120056
57,100,100,50,1,5,4140380364,BFS,1,18,503,62,0.000,53,120056,120056
57,100,100,50,1,5,4140380364,DFS,1,4900,9374,6932,2.000,14604,120056,120056
58,100,100,50,1,5,1999999333,BFS,1,18,402,43,0.000,48,120056,120056
58,100,100,50,1,5,1999999333,DFS,1,5560,6832,5561,1.000,16674,120056,120056
59,100,100,50,1,5,771459169,BFS,1,108,7951,119,0.000,344,120056,120056
59,100,100,50,1,5,771459169,DFS,1,2200,8526,4276,1.000,6559,120056,120056
60,100,100,50,1,5,2441739307,BFS,1,69,7644,186,1.000,217,120056,120056
60,100,100,50,1,5,2441739307,DFS,1,487,560,488,0.000,1476,120056,120056
61,100,100,50,1,5,961826816,BFS,1,112,8398,124,1.000,346,120056,120056
61,100,100,50,1,5,961826816,DFS,1,3202,3811,3203,1.000,9516,120056,120056
62,100,100,50,1,5,12142583,BFS,1,81,6233,118,0.000,223,120056,120056
62,100,100,50,1,5,12142583,DFS,1,5485,7002,5486,1.000,16513,120056,120056
63,100,100,50,1,5,2277516141,BFS,1,13,150,23,0.000,35,120056,120056
63,100,100,50,1,5,2277516141,DFS,1,1589,1859,1591,0.000,4836,120056,120056
64,100,100,50,1,5,4161043499,BFS,1,101,9415,144,1.000,306,120056,120056
64,100,100,50,1,5,4161043499,DFS,1,1183,1388,1184,1.000,3610,120056,120056
65,100,100,50,1,5,3367586140,BFS,1,66,4345,118,0.000,200,120056,120056
65,100,100,50,1,5,3367586140,DFS,1,3278,4013,3282,0.000,9811,120056,120056
66,100,100,50,1,5,275774793,BFS,1,78,7358,145,1.000,234,120056,120056
66,100,100,50,1,5,275774793,DFS,1,2326,9453,6866,1.000,7022,120056,120056
67,100,100,50,1,5,1071758837,BFS,1,57,4387,136,0.000,162,120056,120056
67,100,100,50,1,5,1071758837,DFS,1,2423,3031,2424,0.000,7151,120056,120056
68,100,100,50,1,5,578611876,BFS,1,103,6812,120,0.000,301,120056,120056
68,100,100,50,1,5,578611876,DFS,1,3235,3952,3236,1.000,9662,120056,120056
69,100,100,50,1,5,3021110632,BFS,1,76,4012,96,1.000,218,120056,120056
69,100,100,50,1,5,3021110632,DFS,1,6094,7429,6095,1.000,18179,120056,120056
70,100,100,50,1,5,2272384837,BFS,1,70,7739,183,0.000,193,120056,120056
70,100,100,50,1,5,2272384837,DFS,1,2480,3014,2484,1.000,7377,120056,120056
71,100,100,50,1,5,3923661464,BFS,1,7,50,22,0.000,19,120056,120056
71,100,100,50,1,5,3923661464,DFS,1,1819,9747,6883,2.000,5455,120056,120056
72,100,100,50,1,5,1642856194,BFS,1,50,2950,89,0.000,152,120056,120056
72,100,100,50,1,5,1642856194,DFS,1,2476,3052,2477,1.000,7402,120056,120056
73,100,100,50,1,5,2357935596,BFS,1,91,7582,139,1.000,284,120056,120056
73,100,100,50,1,5,2357935596,DFS,1,4257,6025,4258,1.000,12999,120056,120056
74,100,100,50,1,5,2759764047,BFS,1,106,7314,111,1.000,316,120056,120056
74,100,100,50,1,5,2759764047,DFS,1,5404,6777,5405,1.000,16152,120056,120056
75,100,100,50,1,5,2915753994,BFS,1,82,3892,94,0.000,259,120056,120056
75,100,100,50,1,5,2915753994,DFS,1,4612,5784,4613,1.000,13963,120056,120056
76,100,100,50,1,5,2630931581,BFS,1,58,4621,139,1.000,181,120056,120056
76,100,100,50,1,5,2630931581,DFS,1,3186,3960,3187,1.000,9592,120056,120056
77,100,100,50,1,5,3343869948,BFS,1,102,7175,115,1.000,296,120056,120056
77,100,100,50,1,5,3343869948,DFS,1,1204,1407,1205,0.000,3700,120056,120056
78,100,100,50,1,5,1831059861,BFS,1,104,7354,108,1.000,311,120056,120056
78,100,100,50,1,5,1831059861,DFS,1,6468,8155,6469,1.000,19509,120056,120056
79,100,100,50,1,5,3944277466,BFS,1,78,7466,165,1.000,250,120056,120056
79,100,100,50,1,5,3944277466,DFS,1,4306,5561,4307,1.000,12778,120056,120056
80,100,100,50,1,5,1154790650,BFS,1,120,9577,130,1.000,348,120056,120056
80,100,100,50,1,5,1154790650,DFS,1,926,1112,927,0.000,2776,120056,120056
81,100,100,50,1,5,3455379122,BFS,1,66,5030,113,1.000,189,120056,120056
81,100,100,50,1,5,3455379122,DFS,1,4626,5685,4627,1.000,13746,120056,120056
82,100,100,50,1,5,3782059839,BFS,1,31,1623,113,0.000,86,120056,120056
82,100,100,50,1,5,3782059839,DFS,1,2283,2959,2312,0.000,6982,120056,120056
83,100,100,50,1,5,823662530,BFS,1,57,3157,122,0.000,156,120056,120056
83,100,100,50,1,5,823662530,DFS,1,4991,8548,4992,1.000,14892,120056,120056
84,100,100,50,1,5,3823571600,BFS,1,152,9568,107,1.000,457,120056,120056
84,100,100,50,1,5,3823571600,DFS,1,4566,5725,4567,0.000,13663,120056,120056
85,100,100,50,1,5,510623459,BFS,1,9,141,37,0.000,25,120056,120056
85,100,100,50,1,5,510623459,DFS,1,4413,5396,4414,1.000,13132,120056,120056
86,100,100,50,1,5,2538221578,BFS,1,77,4038,97,0.000,245,120056,120056
86,100,100,50,1,5,2538221578,DFS,1,2849,3446,2850,1.000,8448,120056,120056
87,100,100,50,1,5,3563693406,BFS,1,56,5279,173,0.000,182,120056,120056
87,100,100,50,1,5,3563693406,DFS,1,2258,2912,2260,1.000,6782,120056,120056
88,100,100,50,1,5,3230990322,BFS,1,64,4227,103,0.000,210,120056,120056
88,100,100,50,1,5,3230990322,DFS,1,2524,9459,6858,1.000,7565,120056,120056
89,100,100,50,1,5,3706421768,BFS,1,72,5375,126,1.000,217,120056,120056
89,100,100,50,1,5,3706421768,DFS,1,6134,7619,6135,1.000,18197,120056,120056
90,100,100,50,1,5,3873147597,BFS,1,71,5066,113,1.000,215,120056,120056
90,100,100,50,1,5,3873147597,DFS,1,1589,1867,1590,0.000,4779,120056,120056
91,100,100,50,1,5,596657819,BFS,1,107,8571,119,1.000,314,120056,120056
91,100,100,50,1,5,596657819,DFS,1,1177,1320,1178,0.000,3566,120056,120056
92,100,100,50,1,5,1839222083,BFS,1,86,6711,116,1.000,250,120056,120056
92,100,100,50,1,5,1839222083,DFS,1,6082,7566,6083,1.000,18283,120056,120056
93,100,100,50,1,5,934267489,BFS,1,42,2026,93,0.000,118,120056,120056
93,100,100,50,1,5,934267489,DFS,1,2784,3398,2785,1.000,8367,120056,120056
94,100,100,50,1,5,3421876861,BFS,1,50,2364,73,0.000,148,120056,120056
94,100,100,50,1,5,3421876861,DFS,1,1628,1894,1629,0.000,4794,120056,120056
95,100,100,50,1,5,2959011700,BFS,1,35,1803,95,0.000,98,120056,120056
95,100,100,50,1,5,2959011700,DFS,1,1795,2508,1796,1.000,5424,120056,120056
96,100,100,50,1,5,510632805,BFS,1,18,453,58,0.000,58,120056,120056
96,100,100,50,1,5,510632805,DFS,1,4980,6223,4981,1.000,14949,120056,120056
97,100,100,50,1,5,2967783751,BFS,1,34,1784,91,0.000,91,120056,120056
97,100,100,50,1,5,2967783751,DFS,1,5450,6733,5464,1.000,16281,120056,120056
98,100,100,50,1,5,710612474,BFS,1,50,3725,131,0.000,146,120056,120056
98,100,100,50,1,5,710612474,DFS,1,6452,7995,6453,1.000,19243,120056,120056
99,100,100,50,1,5,1966503133,BFS,1,74,3426,86,0.000,218,120056,120056
99,100,100,50,1,5,1966503133,DFS,1,2606,3191,2607,0.000,7859,120056,120056
100,100,100,50,1,5,4123923797,BFS,1,117,8685,121,1.000,338,120056,120056
100,100,100,50,1,5,4123923797,DFS,1,3649,4507,3650,1.000,11038,120056,120056
1,100,100,75,1,5,390524468,BFS,1,93,4389,88,0.000,269,120056,120056
1,100,100,75,1,5,390524468,DFS,1,3089,4637,3090,1.000,9241,120056,120056
2,100,100,75,1,5,3111027779,BFS,1,92,5945,117,0.000,284,120056,120056
2,100,100,75,1,5,3111027779,DFS,1,864,1229,867,1.000,2679,120056,120056
3,100,100,75,1,5,2119229288,BFS,1,117,7881,118,1.000,358,120056,120056
3,100,100,75,1,5,2119229288,DFS,1,2519,4356,2614,1.000,7556,120056,120056
4,100,100,75,1,5,3384461595,BFS,1,103,8741,154,1.000,301,120056,120056
4,100,100,75,1,5,3384461595,DFS,1,4455,7169,4459,1.000,13172,120056,120056
5,100,100,75,1,5,508324454,BFS,1,66,4928,146,0.000,194,120056,120056
5,100,100,75,1,5,508324454,DFS,1,2062,3587,2063,0.000,6262,120056,120056
6,100,100,75,1,5,1474762627,BFS,1,86,6988,148,1.000,256,120056,120056
6,100,100,75,1,5,1474762627,DFS,1,4094,6165,4096,0.000,12308,120056,120056
7,100,100,75,1,5,2400045810,BFS,1,155,9768,136,1.000,488,120056,120056
7,100,100,75,1,5,2400045810,DFS,1,395,424,396,0.000,1252,120056,120056
8,100,100,75,1,5,1652321462,BFS,1,59,2586,94,0.000,188,120056,120056
8,100,100,75,1,5,1652321462,DFS,1,2935,4856,2936,0.000,8858,120056,120056
9,100,100,75,1,5,3220834074,BFS,1,64,4579,151,0.000,182,120056,120056
9,100,100,75,1,5,3220834074,DFS,1,1584,9235,5039,2.000,4665,120056,120056
10,100,100,75,1,5,1263876932,BFS,1,31,1022,75,0.000,94,120056,120056
10,100,100,75,1,5,1263876932,DFS,1,1425,2177,1426,0.000,4217,120056,120056
11,100,100,75,1,5,2202807162,BFS,1,81,8016,199,1.000,242,120056,120056
11,100,100,75,1,5,2202807162,DFS,1,2939,4582,2981,1.000,8931,120056,120056
12,100,100,75,1,5,2260560957,BFS,1,109,8996,138,1.000,287,120056,120056
12,100,100,75,1,5,2260560957,DFS,1,921,1076,925,0.000,2662,120056,120056
13,100,100,75,1,5,957442030,BFS,1,158,9225,120,0.000,480,120056,120056
13,100,100,75,1,5,957442030,DFS,1,516,644,517,0.000,1569,120056,120056
14,100,100,75,1,5,2969995896,BFS,1,112,7051,112,1.000,313,120056,120056
14,100,100,75,1,5,2969995896,DFS,1,154,159,155,0.000,460,120056,120056
15,100,100,75,1,5,1084221670,BFS,1,116,7247,113,0.000,319,120056,120056
15,100,100,75,1,5,1084221670,DFS,1,2342,9486,5075,1.000,7003,120056,120056
16,100,100,75,1,5,287946567,BFS,1,66,3718,106,0.000,215,120056,120056
16,100,100,75,1,5,287946567,DFS,1,4198,6371,4200,1.000,12512,120056,120056
17,100,100,75,1,5,1792570574,BFS,1,90,6782,147,1.000,262,120056,120056
17,100,100,75,1,5,1792570574,DFS,1,4666,6759,4667,0.000,14034,120056,120056
18,100,100,75,1,5,2874280888,BFS,1,86,8252,204,1.000,254,120056,120056
18,100,100,75,1,5,2874280888,DFS,1,900,1361,901,0.000,2743,120056,120056
19,100,100,75,1,5,3923710646,BFS,1,114,7587,108,1.000,349,120056,120056
19,100,100,75,1,5,3923710646,DFS,1,1468,1942,1469,0.000,4368,120056,120056
20,100,100,75,1,5,2145048978,BFS,1,29,1138,77,0.000,81,120056,120056
20,100,100,75,1,5,2145048978,DFS,1,599,788,600,0.000,1750,120056,120056
21,100,100,75,1,5,3245988309,BFS,1,104,5583,103,1.000,284,120056,120056
21,100,100,75,1,5,3245988309,DFS,1,2932,4848,2933,0.000,8687,120056,120056
22,100,100,75,1,5,1788033151,BFS,1,134,9368,113,0.000,356,120056,120056
22,100,100,75,1,5,1788033151,DFS,1,560,667,561,0.000,1654,120056,120056
23,100,100,75,1,5,161009635,BFS,1,112,5851,105,1.000,318,120056,120056
23,100,100,75,1,5,161009635,DFS,1,2388,3952,2389,0.000,7143,120056,120056
24,100,100,75,1,5,2265563894,BFS,1,50,3193,136,0.000,142,120056,120056
24,100,100,75,1,5,2265563894,DFS,1,1030,2197,1169,0.000,3142,120056,120056
25,100,100,75,1,5,3391811114,BFS,1,115,8261,112,0.000,332,120056,120056
25,100,100,75,1,5,3391811114,DFS,1,1783,2373,1784,1.000,5341,120056,120056
26,100,100,75,1,5,3301362560,BFS,1,48,1933,80,0.000,141,120056,120056
26,100,100,75,1,5,3301362560,DFS,1,3938,5948,3939,1.000,11792,120056,120056
27,100,100,75,1,5,306700153,BFS,1,88,4877,109,0.000,229,120056,120056
27,100,100,75,1,5,306700153,DFS,1,4166,6294,4167,1.000,12493,120056,120056
28,100,100,75,1,5,4186272417,BFS,1,7,58,16,0.000,21,120056,120056
28,100,100,75,1,5,4186272417,DFS,1,2133,8566,4561,2.000,6424,120056,120056
29,100,100,75,1,5,1363198964,BFS,1,49,2258,95,0.000,141,120056,120056
29,100,100,75,1,5,1363198964,DFS,1,4141,7794,5010,1.000,12308,120056,120056
30,100,100,75,1,5,2292696237,BFS,1,38,1328,79,0.000,114,120056,120056
30,100,100,75,1,5,2292696237,DFS,1,58,59,59,0.000,166,120056,120056
31,100,100,75,1,5,1759964982,BFS,1,70,3445,93,0.000,211,120056,120056
31,100,100,75,1,5,1759964982,DFS,1,1118,1763,1119,0.000,3335,120056,120056
32,100,100,75,1,5,2933752337,BFS,1,119,9452,128,1.000,371,120056,120056
32,100,100,75,1,5,2933752337,DFS,1,4575,6760,4576,1.000,13667,120056,120056
33,100,100,75,1,5,90857739,BFS,1,123,9530,120,1.000,377,120056,120056
33,100,100,75,1,5,90857739,DFS,1,3755,5680,3768,1.000,11319,120056,120056
34,100,100,75,1,5,3763386141,BFS,1,58,4476,180,1.000,182,120056,120056
34,100,100,75,1,5,3763386141,DFS,1,4400,6555,4401,1.000,13263,120056,120056
35,100,100,75,1,5,136491035,BFS,1,133,8778,108,1.000,410,120056,120056
35,100,100,75,1,5,136491035,DFS,1,361,406,362,0.000,1119,120056,120056
36,100,100,75,1,5,920526694,BFS,1,119,9008,120,1.000,359,120056,120056
36,100,100,75,1,5,920526694,DFS,1,855,1165,858,0.000,2615,120056,120056
37,100,100,75,1,5,3702547462,BFS,1,83,8364,179,1.000,249,120056,120056
37,100,100,75,1,5,3702547462,DFS,1,3691,6425,3695,1.000,11095,120056,120056
38,100,100,75,1,5,1017821355,BFS,1,120,6279,106,1.000,368,120056,120056
38,100,100,75,1,5,1017821355,DFS,1,190,207,191,0.000,555,120056,120056
39,100,100,75,1,5,2520496312,BFS,1,65,3967,108,0.000,201,120056,120056
39,100,100,75,1,5,2520496312,DFS,1,3323,4828,3326,0.000,9993,120056,120056
40,100,100,75,1,5,3851151709,BFS,1,66,6130,184,1.000,205,120056,120056
40,100,100,75,1,5,3851151709,DFS,1,1292,1716,1293,1.000,3864,120056,120056
41,100,100,75,1,5,3348406853,BFS,1,128,7558,121,1.000,389,120056,120056
41,100,100,75,1,5,3348406853,DFS,1,2856,4405,2863,1.000,8564,120056,120056
42,100,100,75,1,5,3482308088,BFS,1,34,1219,83,0.000,97,120056,120056
42,100,100,75,1,5,3482308088,DFS,1,1934,9235,4765,2.000,5801,120056,120056
43,100,100,75,1,5,1645048757,BFS,1,102,5558,102,0.000,326,120056,120056
43,100,100,75,1,5,1645048757,DFS,1,3610,5183,3643,1.000,10637,120056,120056
44,100,100,75,1,5,3441697297,BFS,1,68,4052,120,0.000,223,120056,120056
44,100,100,75,1,5,3441697297,DFS,1,4864,7531,4865,1.000,14593,120056,120056
45,100,100,75,1,5,684131124,BFS,1,31,858,76,0.000,91,120056,120056
45,100,100,75,1,5,684131124,DFS,1,3871,8545,5198,3.000,11643,120056,120056
46,100,100,75,1,5,1625779110,BFS,1,107,6654,109,1.000,328,120056,120056
46,100,100,75,1,5,1625779110,DFS,1,1737,2623,1740,1.000,5202,120056,120056
47,100,100,75,1,5,4076707518,BFS,1,67,3470,106,0.000,196,120056,120056
47,100,100,75,1,5,4076707518,DFS,1,4499,7127,4503,1.000,13517,120056,120056
48,100,100,75,1,5,2153376404,BFS,1,30,1015,76,0.000,78,120056,120056
48,100,100,75,1,5,2153376404,DFS,1,2598,3852,2600,0.000,7873,120056,120056
49,100,100,75,1,5,3241511074,BFS,1,126,7173,110,0.000,365,120056,120056
49,100,100,75,1,5,3241511074,DFS,1,3810,5504,3823,0.000,11547,120056,120056
50,100,100,75,1,5,2229273352,BFS,1,76,3825,100,0.000,250,120056,120056
50,100,100,75,1,5,2229273352,DFS,1,2854,5240,2913,1.000,8654,120056,120056
51,100,100,75,1,5,3066907468,BFS,1,109,6288,112,1.000,327,120056,120056
51,100,100,75,1,5,3066907468,DFS,1,3075,9103,4690,1.000,9241,120056,120056
52,100,100,75,1,5,675610163,BFS,1,69,6313,176,0.000,211,120056,120056
52,100,100,75,1,5,675610163,DFS,1,4373,7293,4384,1.000,13015,120056,120056
53,100,100,75,1,5,3690426697,BFS,1,10,50,10,0.000,24,120056,120056
53,100,100,75,1,5,3690426697,DFS,1,1650,9551,5278,1.000,4930,120056,120056
54,100,100,75,1,5,2320403338,BFS,1,133,7424,112,0.000,396,120056,120056
54,100,100,75,1,5,2320403338,DFS,1,2329,3186,2336,0.000,6867,120056,120056
55,100,100,75,1,5,2858641550,BFS,1,120,7681,104,0.000,373,120056,120056
55,100,100,75,1,5,2858641550,DFS,1,416,9948,4168,1.000,1285,120056,120056
56,100,100,75,1,5,2888501287,BFS,1,53,3159,121,0.000,167,120056,120056
56,100,100,75,1,5,2888501287,DFS,1,1393,1956,1394,0.000,4143,120056,120056
57,100,100,75,1,5,1778721163,BFS,1,20,359,40,0.000,50,120056,120056
57,100,100,75,1,5,1778721163,DFS,1,3374,8863,4608,2.000,10041,120056,120056
58,100,100,75,1,5,4006515737,BFS,1,22,424,37,0.000,61,120056,120056
58,100,100,75,1,5,4006515737,DFS,1,4432,6569,4435,1.000,13298,120056,120056
59,100,100,75,1,5,2140160927,BFS,1,120,7769,109,1.000,351,120056,120056
59,100,100,75,1,5,2140160927,DFS,1,2172,7963,2625,1.000,6405,120056,120056
60,100,100,75,1,5,281765581,BFS,1,91,8602,170,1.000,294,120056,120056
60,100,100,75,1,5,281765581,DFS,1,735,988,736,0.000,2202,120056,120056
61,100,100,75,1,5,1510026751,BFS,1,120,7549,119,1.000,359,120056,120056
61,100,100,75,1,5,1510026751,DFS,1,1672,2501,1674,0.000,5014,120056,120056
62,100,100,75,1,5,2966900505,BFS,1,91,5817,105,1.000,270,120056,120056
62,100,100,75,1,5,2966900505,DFS,1,4083,6114,4084,1.000,12261,120056,120056
63,100,100,75,1,5,1699214624,BFS,1,21,292,30,0.000,59,120056,120056
63,100,100,75,1,5,1699214624,DFS,1,875,1244,876,1.000,2661,120056,120056
64,100,100,75,1,5,2750273756,BFS,1,105,9088,136,1.000,319,120056,120056
64,100,100,75,1,5,2750273756,DFS,1,669,881,673,0.000,2016,120056,120056
65,100,100,75,1,5,2495668851,BFS,1,78,4806,128,0.000,230,120056,120056
65,100,100,75,1,5,2495668851,DFS,1,2016,3169,2017,0.000,6050,120056,120056
66,100,100,75,1,5,3276486936,BFS,1,94,7680,137,1.000,268,120056,120056
66,100,100,75,1,5,3276486936,DFS,1,1814,2856,1841,1.000,5473,120056,120056
67,100,100,75,1,5,582931346,BFS,1,65,4317,140,0.000,167,120056,120056
67,100,100,75,1,5,582931346,DFS,1,1855,2567,1868,1.000,5481,120056,120056
68,100,100,75,1,5,1110836402,BFS,1,113,6485,106,0.000,330,120056,120056
68,100,100,75,1,5,1110836402,DFS,1,2463,9058,4685,1.000,7381,120056,120056
69,100,100,75,1,5,669583451,BFS,1,86,3929,82,0.000,276,120056,120056
69,100,100,75,1,5,669583451,DFS,1,4358,7019,4359,1.000,13053,120056,120056
70,100,100,75,1,5,1887061951,BFS,1,80,7806,182,1.000,235,120056,120056
70,100,100,75,1,5,1887061951,DFS,1,2226,9467,4982,2.000,6688,120056,120056
71,100,100,75,1,5,373549576,BFS,1,7,34,13,0.000,19,120056,120056
71,100,100,75,1,5,373549576,DFS,1,639,828,640,1.000,1865,120056,120056
72,100,100,75,1,5,1826538214,BFS,1,62,2932,73,1.000,185,120056,120056
72,100,100,75,1,5,1826538214,DFS,1,1722,2851,1723,0.000,5163,120056,120056
73,100,100,75,1,5,1034970258,BFS,1,103,6870,129,0.000,340,120056,120056
73,100,100,75,1,5,1034970258,DFS,1,3941,6529,3948,1.000,11848,120056,120056
74,100,100,75,1,5,1683672427,BFS,1,116,7054,105,1.000,345,120056,120056
74,100,100,75,1,5,1683672427,DFS,1,4058,8036,5183,1.000,12155,120056,120056
75,100,100,75,1,5,3852740348,BFS,1,86,3348,83,1.000,275,120056,120056
75,100,100,75,1,5,3852740348,DFS,1,3032,4399,3033,0.000,9127,120056,120056
76,100,100,75,1,5,3954239605,BFS,1,60,3659,127,0.000,189,120056,120056
76,100,100,75,1,5,3954239605,DFS,1,2492,3414,2493,0.000,7537,120056,120056
77,100,100,75,1,5,2978501401,BFS,1,128,7728,105,1.000,409,120056,120056
77,100,100,75,1,5,2978501401,DFS,1,1068,1612,1069,0.000,3228,120056,120056
78,100,100,75,1,5,2967253914,BFS,1,122,7743,111,1.000,341,120056,120056
78,100,100,75,1,5,2967253914,DFS,1,4482,7562,4483,1.000,13549,120056,120056
79,100,100,75,1,5,2203934092,BFS,1,90,7189,147,1.000,293,120056,120056
79,100,100,75,1,5,2203934092,DFS,1,3102,6940,3268,1.000,9251,120056,120056
80,100,100,75,1,5,598757546,BFS,1,144,9782,126,1.000,417,120056,120056
80,100,100,75,1,5,598757546,DFS,1,1362,9303,4588,2.000,3987,120056,120056
81,100,100,75,1,5,62772935,BFS,1,90,4879,107,0.000,282,120056,120056
81,100,100,75,1,5,62772935,DFS,1,3018,6867,3467,1.000,9084,120056,120056
82,100,100,75,1,5,1003554993,BFS,1,33,989,84,0.000,102,120056,120056
82,100,100,75,1,5,1003554993,DFS,1,2113,3127,2132,0.000,6373,120056,120056
83,100,100,75,1,5,296470751,BFS,1,67,3079,97,1.000,192,120056,120056
83,100,100,75,1,5,296470751,DFS,1,3657,8724,3664,1.000,11000,120056,120056
84,100,100,75,1,5,1115053737,BFS,1,156,9436,122,1.000,448,120056,120056
84,100,100,75,1,5,1115053737,DFS,1,3468,6257,3469,1.000,10416,120056,120056
85,100,100,75,1,5,4091449150,BFS,1,9,69,22,0.000,34,120056,120056
85,100,100,75,1,5,4091449150,DFS,1,4067,6327,4334,1.000,12137,120056,120056
86,100,100,75,1,5,3576789164,BFS,1,93,3781,87,0.000,284,120056,120056
86,100,100,75,1,5,3576789164,DFS,1,2181,3296,2182,0.000,6525,120056,120056
87,100,100,75,1,5,1958408474,BFS,1,64,5085,167,0.000,208,120056,120056
87,100,100,75,1,5,1958408474,DFS,1,2216,8808,4636,2.000,6667,120056,120056
88,100,100,75,1,5,1721028964,BFS,1,78,4418,102,0.000,219,120056,120056
88,100,100,75,1,5,1721028964,DFS,1,1482,2005,1483,0.000,4406,120056,120056
89,100,100,75,1,5,3364263171,BFS,1,74,4350,111,1.000,224,120056,120056
89,100,100,75,1,5,3364263171,DFS,1,4556,6716,4557,1.000,13491,120056,120056
90,100,100,75,1,5,3749830039,BFS,1,81,5049,115,1.000,225,120056,120056
90,100,100,75,1,5,3749830039,DFS,1,787,1282,790,0.000,2391,120056,120056
91,100,100,75,1,5,3526479646,BFS,1,123,8454,111,1.000,383,120056,120056
91,100,100,75,1,5,3526479646,DFS,1,1123,1612,1124,0.000,3381,120056,120056
92,100,100,75,1,5,3655969885,BFS,1,112,7270,108,0.000,332,120056,120056
92,100,100,75,1,5,3655969885,DFS,1,4356,8546,5118,1.000,13113,120056,120056
93,100,100,75,1,5,2971176066,BFS,1,54,2497,97,0.000,169,120056,120056
93,100,100,75,1,5,2971176066,DFS,1,2230,3222,2231,1.000,6721,120056,120056
94,100,100,75,1,5,2323585874,BFS,1,54,2171,69,0.000,164,120056,120056
94,100,100,75,1,5,2323585874,DFS,1,1306,1767,1307,0.000,3839,120056,120056
95,100,100,75,1,5,938969456,BFS,1,37,1455,93,0.000,103,120056,120056
95,100,100,75,1,5,938969456,DFS,1,2565,4102,2566,0.000,7693,120056,120056
96,100,100,75,1,5,763232948,BFS,1,24,549,52,1.000,74,120056,120056
96,100,100,75,1,5,763232948,DFS,1,28,29,29,0.000,85,120056,120056
97,100,100,75,1,5,943656251,BFS,1,42,1994,91,0.000,136,120056,120056
97,100,100,75,1,5,943656251,DFS,1,3194,5683,3195,1.000,9616,120056,120056
98,100,100,75,1,5,1029519975,BFS,1,70,4500,129,1.000,203,120056,120056
98,100,100,75,1,5,1029519975,DFS,1,4160,7865,4348,1.000,12340,120056,120056
99,100,100,75,1,5,3233390303,BFS,1,82,3291,81,0.000,235,120056,120056
99,100,100,75,1,5,3233390303,DFS,1,1782,9546,4862,1.000,5351,120056,120056
100,100,100,75,1,5,4151371117,BFS,1,125,8017,116,1.000,367,120056,120056
100,100,100,75,1,5,4151371117,DFS,1,2503,3729,2504,0.000,7531,120056,120056
1,100,100,100,1,5,539948125,BFS,1,2689,7019,16,0.000,8034,120056,120056
1,100,100,100,1,5,539948125,DFS,1,2689,8244,3471,1.000,8034,120056,120056
2,100,100,100,1,5,3375303988,BFS,1,1166,1629,6,0.000,3462,120056,120056
2,100,100,100,1,5,3375303988,DFS,1,1166,1404,1167,0.000,3462,120056,120056
3,100,100,100,1,5,186286320,BFS,1,645,908,5,0.000,1898,120056,120056
3,100,100,100,1,5,186286320,DFS,1,645,831,646,0.000,1898,120056,120056
4,100,100,100,1,5,3242212631,BFS,1,3387,8342,16,1.000,10070,120056,120056
4,100,100,100,1,5,3242212631,DFS,1,3387,7796,3729,2.000,10070,120056,120056
5,100,100,100,1,5,1535690564,BFS,1,2004,3075,7,0.000,6076,120056,120056
5,100,100,100,1,5,1535690564,DFS,1,2004,2190,2005,0.000,6076,120056,120056
6,100,100,100,1,5,3373969646,BFS,1,2738,5737,12,0.000,8291,120056,120056
6,100,100,100,1,5,3373969646,DFS,1,2738,6385,3821,1.000,8291,120056,120056
7,100,100,100,1,5,231997069,BFS,1,3941,9669,16,0.000,11919,120056,120056
7,100,100,100,1,5,231997069,DFS,1,3941,6096,3942,1.000,11919,120056,120056
8,100,100,100,1,5,1387499610,BFS,1,703,1161,8,0.000,2110,120056,120056
8,100,100,100,1,5,1387499610,DFS,1,703,9809,4117,1.000,2110,120056,120056
9,100,100,100,1,5,3594333795,BFS,1,3258,8352,14,0.000,9632,120056,120056
9,100,100,100,1,5,3594333795,DFS,1,3258,5444,3551,1.000,9632,120056,120056
10,100,100,100,1,5,940322496,BFS,1,559,936,6,0.000,1651,120056,120056
10,100,100,100,1,5,940322496,DFS,1,559,689,560,0.000,1651,120056,120056
11,100,100,100,1,5,2122376476,BFS,1,2351,4360,9,0.000,7156,120056,120056
11,100,100,100,1,5,2122376476,DFS,1,2351,7483,3962,2.000,7156,120056,120056
12,100,100,100,1,5,1595282963,BFS,1,1779,3073,9,0.000,5285,120056,120056
12,100,100,100,1,5,1595282963,DFS,1,1779,2611,1839,1.000,5285,120056,120056
13,100,100,100,1,5,692518652,BFS,1,2436,7425,17,1.000,7335,120056,120056
13,100,100,100,1,5,692518652,DFS,1,2436,3277,2437,1.000,7335,120056,120056
14,100,100,100,1,5,1963465886,BFS,1,2684,5542,17,0.000,8046,120056,120056
14,100,100,100,1,5,1963465886,DFS,1,2684,5126,3491,0.000,8046,120056,120056
15,100,100,100,1,5,1826373965,BFS,1,1508,3551,12,0.000,4440,120056,120056
15,100,100,100,1,5,1826373965,DFS,1,1508,9679,3938,1.000,4440,120056,120056
16,100,100,100,1,5,1666105646,BFS,1,1498,2421,7,1.000,4505,120056,120056
16,100,100,100,1,5,1666105646,DFS,1,1498,9588,4245,2.000,4505,120056,120056
17,100,100,100,1,5,2967194159,BFS,1,3306,8019,11,0.000,9946,120056,120056
17,100,100,100,1,5,2967194159,DFS,1,3306,8594,4039,1.000,9946,120056,120056
18,100,100,100,1,5,2380451606,BFS,1,3736,9412,20,0.000,11218,120056,120056
18,100,100,100,1,5,2380451606,DFS,1,3736,5896,3893,1.000,11218,120056,120056
19,100,100,100,1,5,2874818384,BFS,1,2380,4439,8,0.000,7178,120056,120056
19,100,100,100,1,5,2874818384,DFS,1,2380,2867,2381,0.000,7178,120056,120056
20,100,100,100,1,5,2370360857,BFS,1,177,207,3,0.000,523,120056,120056
20,100,100,100,1,5,2370360857,DFS,1,177,191,178,0.000,523,120056,120056
21,100,100,100,1,5,2048596030,BFS,1,2364,7683,13,1.000,6940,120056,120056
21,100,100,100,1,5,2048596030,DFS,1,2364,6157,2825,1.000,6940,120056,120056
22,100,100,100,1,5,3883853507,BFS,1,2284,4875,10,1.000,6856,120056,120056
22,100,100,100,1,5,3883853507,DFS,1,2284,3504,2285,1.000,6856,120056,120056
23,100,100,100,1,5,1972821698,BFS,1,3782,9511,14,1.000,11380,120056,120056
23,100,100,100,1,5,1972821698,DFS,1,3782,7507,3927,1.000,11380,120056,120056
24,100,100,100,1,5,2424961197,BFS,1,4106,9599,16,1.000,12257,120056,120056
24,100,100,100,1,5,2424961197,DFS,1,4106,8257,4244,1.000,12257,120056,120056
25,100,100,100,1,5,4275228280,BFS,1,4159,9724,13,1.000,12444,120056,120056
25,100,100,100,1,5,4275228280,DFS,1,4159,6395,4222,1.000,12444,120056,120056
26,100,100,100,1,5,2626772016,BFS,1,1258,2882,11,0.000,3721,120056,120056
26,100,100,100,1,5,2626772016,DFS,1,1258,2137,1283,0.000,3721,120056,120056
27,100,100,100,1,5,626928233,BFS,1,3752,9828,17,1.000,11364,120056,120056
27,100,100,100,1,5,626928233,DFS,1,3752,6786,3758,1.000,11364,120056,120056
28,100,100,100,1,5,3170694885,BFS,1,309,555,7,0.000,956,120056,120056
28,100,100,100,1,5,3170694885,DFS,1,309,344,313,0.000,956,120056,120056
29,100,100,100,1,5,3245483809,BFS,1,523,746,6,0.000,1549,120056,120056
29,100,100,100,1,5,3245483809,DFS,1,523,570,524,0.000,1549,120056,120056
30,100,100,100,1,5,2341895762,BFS,1,4428,9723,12,1.000,13258,120056,120056
30,100,100,100,1,5,2341895762,DFS,1,4428,7515,4429,1.000,13258,120056,120056
31,100,100,100,1,5,4005743201,BFS,1,1494,2330,10,0.000,4488,120056,120056
31,100,100,100,1,5,4005743201,DFS,1,1494,1920,1506,0.000,4488,120056,120056
32,100,100,100,1,5,3232457756,BFS,1,3283,6121,13,1.000,9762,120056,120056
32,100,100,100,1,5,3232457756,DFS,1,3283,4827,3284,0.000,9762,120056,120056
33,100,100,100,1,5,2729297232,BFS,1,1815,3208,7,0.000,5453,120056,120056
33,100,100,100,1,5,2729297232,DFS,1,1815,6863,3567,1.000,5453,120056,120056
34,100,100,100,1,5,3275861675,BFS,1,582,724,5,1.000,1749,120056,120056
34,100,100,100,1,5,3275861675,DFS,1,582,626,583,0.000,1749,120056,120056
35,100,100,100,1,5,545649364,BFS,1,3027,6313,13,1.000,9025,120056,120056
35,100,100,100,1,5,545649364,DFS,1,3027,3965,3104,0.000,9025,120056,120056
36,100,100,100,1,5,1772452854,BFS,1,1993,4881,12,1.000,5996,120056,120056
36,100,100,100,1,5,1772452854,DFS,1,1993,4022,1994,0.000,5996,120056,120056
37,100,100,100,1,5,2063986600,BFS,1,835,1504,12,0.000,2391,120056,120056
37,100,100,100,1,5,2063986600,DFS,1,835,1480,863,1.000,2391,120056,120056
38,100,100,100,1,5,205392356,BFS,1,2732,5732,12,0.000,8251,120056,120056
38,100,100,100,1,5,205392356,DFS,1,2732,4273,2741,0.000,8251,120056,120056
39,100,100,100,1,5,1124565776,BFS,1,675,881,7,1.000,2009,120056,120056
39,100,100,100,1,5,1124565776,DFS,1,675,731,676,0.000,2009,120056,120056
40,100,100,100,1,5,3462273557,BFS,1,852,1295,7,0.000,2545,120056,120056
40,100,100,100,1,5,3462273557,DFS,1,852,1378,913,0.000,2545,120056,120056
41,100,100,100,1,5,615607812,BFS,1,4018,9282,13,0.000,11975,120056,120056
41,100,100,100,1,5,615607812,DFS,1,4018,5875,4019,1.000,11975,120056,120056
42,100,100,100,1,5,3692710458,BFS,1,2862,6201,16,1.000,8519,120056,120056
42,100,100,100,1,5,3692710458,DFS,1,2862,5717,3167,1.000,8519,120056,120056
43,100,100,100,1,5,1569666912,BFS,1,3702,7115,10,0.000,10856,120056,120056
43,100,100,100,1,5,1569666912,DFS,1,3702,7965,4630,1.000,10856,120056,120056
44,100,100,100,1,5,4163647818,BFS,1,2856,8142,15,0.000,8723,120056,120056
44,100,100,100,1,5,4163647818,DFS,1,2856,7915,3172,1.000,8723,120056,120056
45,100,100,100,1,5,1591178930,BFS,1,683,989,6,0.000,2070,120056,120056
45,100,100,100,1,5,1591178930,DFS,1,683,874,684,0.000,2070,120056,120056
46,100,100,100,1,5,62371285,BFS,1,3305,6665,13,0.000,10013,120056,120056
46,100,100,100,1,5,62371285,DFS,1,3305,4810,3306,0.000,10013,120056,120056
47,100,100,100,1,5,717997721,BFS,1,2293,4302,11,0.000,6933,120056,120056
47,100,100,100,1,5,717997721,DFS,1,2293,8068,4264,1.000,6933,120056,120056
48,100,100,100,1,5,534419649,BFS,1,320,456,5,1.000,935,120056,120056
48,100,100,100,1,5,534419649,DFS,1,320,9981,3539,1.000,935,120056,120056
49,100,100,100,1,5,48299301,BFS,1,2566,5992,15,1.000,7623,120056,120056
49,100,100,100,1,5,48299301,DFS,1,2566,9030,4220,1.000,7623,120056,120056
50,100,100,100,1,5,3971311963,BFS,1,2506,5101,10,1.000,7508,120056,120056
50,100,100,100,1,5,3971311963,DFS,1,2506,3533,2508,1.000,7508,120056,120056
51,100,100,100,1,5,3431356508,BFS,1,3481,8143,12,1.000,10489,120056,120056
51,100,100,100,1,5,3431356508,DFS,1,3481,8233,3915,1.000,10489,120056,120056
52,100,100,100,1,5,225426730,BFS,1,1805,2585,5,0.000,5302,120056,120056
52,100,100,100,1,5,225426730,DFS,1,1805,2260,1806,1.000,5302,120056,120056
53,100,100,100,1,5,1316567076,BFS,1,846,1191,6,0.000,2586,120056,120056
53,100,100,100,1,5,1316567076,DFS,1,846,9690,4593,1.000,2586,120056,120056
54,100,100,100,1,5,824526695,BFS,1,3125,5734,9,0.000,9386,120056,120056
54,100,100,100,1,5,824526695,DFS,1,3125,4518,3126,0.000,9386,120056,120056
55,100,100,100,1,5,1903910030,BFS,1,3552,9531,14,1.000,10677,120056,120056
55,100,100,100,1,5,1903910030,DFS,1,3552,5105,3816,1.000,10677,120056,120056
56,100,100,100,1,5,2662501208,BFS,1,175,199,3,0.000,528,120056,120056
56,100,100,100,1,5,2662501208,DFS,1,175,188,176,0.000,528,120056,120056
57,100,100,100,1,5,3945670063,BFS,1,408,633,8,0.000,1169,120056,120056
57,100,100,100,1,5,3945670063,DFS,1,408,481,409,0.000,1169,120056,120056
58,100,100,100,1,5,479961428,BFS,1,110,118,2,0.000,325,120056,120056
58,100,100,100,1,5,479961428,DFS,1,110,114,111,0.000,325,120056,120056
59,100,100,100,1,5,2806168274,BFS,1,2266,5804,12,0.000,6665,120056,120056
59,100,100,100,1,5,2806168274,DFS,1,2266,7833,3796,2.000,6665,120056,120056
60,100,100,100,1,5,3155286656,BFS,1,1685,2601,8,1.000,5026,120056,120056
60,100,100,100,1,5,3155286656,DFS,1,1685,3275,2004,1.000,5026,120056,120056
61,100,100,100,1,5,1314803190,BFS,1,2144,4709,13,1.000,6507,120056,120056
61,100,100,100,1,5,1314803190,DFS,1,2144,6286,3194,1.000,6507,120056,120056
62,100,100,100,1,5,1196253158,BFS,1,1825,4143,16,1.000,5439,120056,120056
62,100,100,100,1,5,1196253158,DFS,1,1825,9561,3285,1.000,5439,120056,120056
63,100,100,100,1,5,259948317,BFS,1,2289,6523,16,1.000,6860,120056,120056
63,100,100,100,1,5,259948317,DFS,1,2289,6777,2877,2.000,6860,120056,120056
64,100,100,100,1,5,3059600641,BFS,1,2193,4155,10,1.000,6725,120056,120056
64,100,100,100,1,5,3059600641,DFS,1,2193,2997,2310,1.000,6725,120056,120056
65,100,100,100,1,5,899554672,BFS,1,2388,4783,11,0.000,7122,120056,120056
65,100,100,100,1,5,899554672,DFS,1,2388,2964,2389,0.000,7122,120056,120056
66,100,100,100,1,5,1304888499,BFS,1,1736,2832,7,0.000,5229,120056,120056
66,100,100,100,1,5,1304888499,DFS,1,1736,2005,1737,0.000,5229,120056,120056
67,100,100,100,1,5,2626575004,BFS,1,1381,2637,9,0.000,4083,120056,120056
67,100,100,100,1,5,2626575004,DFS,1,1381,1676,1393,0.000,4083,120056,120056
68,100,100,100,1,5,1710284469,BFS,1,1531,3271,12,0.000,4560,120056,120056
68,100,100,100,1,5,1710284469,DFS,1,1531,8721,3735,2.000,4560,120056,120056
69,100,100,100,1,5,3977096580,BFS,1,1224,2193,7,0.000,3724,120056,120056
69,100,100,100,1,5,3977096580,DFS,1,1224,2030,1238,1.000,3724,120056,120056
70,100,100,100,1,5,1390563712,BFS,1,1166,1619,6,0.000,3528,120056,120056
70,100,100,100,1,5,1390563712,DFS,1,1166,9714,3886,3.000,3528,120056,120056
71,100,100,100,1,5,2962990247,BFS,1,2799,5651,12,1.000,8453,120056,120056
71,100,100,100,1,5,2962990247,DFS,1,2799,8496,4134,0.000,8453,120056,120056
72,100,100,100,1,5,1043134748,BFS,1,714,1341,10,0.000,2124,120056,120056
72,100,100,100,1,5,1043134748,DFS,1,714,1294,715,0.000,2124,120056,120056
73,100,100,100,1,5,1274936444,BFS,1,3411,7799,14,0.000,10312,120056,120056
73,100,100,100,1,5,1274936444,DFS,1,3411,8512,3872,1.000,10312,120056,120056
74,100,100,100,1,5,1566742797,BFS,1,3796,7700,10,1.000,11449,120056,120056
74,100,100,100,1,5,1566742797,DFS,1,3796,8002,4403,1.000,11449,120056,120056
75,100,100,100,1,5,2577939253,BFS,1,1054,1372,7,0.000,3150,120056,120056
75,100,100,100,1,5,2577939253,DFS,1,1054,1232,1055,0.000,3150,120056,120056
76,100,100,100,1,5,3191027824,BFS,1,4134,9644,16,1.000,12440,120056,120056
76,100,100,100,1,5,3191027824,DFS,1,4134,5707,4135,1.000,12440,120056,120056
77,100,100,100,1,5,524430785,BFS,1,1308,1933,7,1.000,3942,120056,120056
77,100,100,100,1,5,524430785,DFS,1,1308,1642,1309,0.000,3942,120056,120056
78,100,100,100,1,5,3994493233,BFS,1,3340,9211,14,1.000,10124,120056,120056
78,100,100,100,1,5,3994493233,DFS,1,3340,8559,3415,1.000,10124,120056,120056
79,100,100,100,1,5,306859185,BFS,1,4362,9134,13,1.000,13023,120056,120056
79,100,100,100,1,5,306859185,DFS,1,4362,7822,4702,1.000,13023,120056,120056
80,100,100,100,1,5,2462395976,BFS,1,3372,8908,16,1.000,10173,120056,120056
80,100,100,100,1,5,2462395976,DFS,1,3372,5437,3373,0.000,10173,120056,120056
81,100,100,100,1,5,687756357,BFS,1,1682,3324,11,0.000,5098,120056,120056
81,100,100,100,1,5,687756357,DFS,1,1682,9653,2634,1.000,5098,120056,120056
82,100,100,100,1,5,1471555819,BFS,1,1839,3487,9,0.000,5525,120056,120056
82,100,100,100,1,5,1471555819,DFS,1,1839,2495,1941,0.000,5525,120056,120056
83,100,100,100,1,5,2332704229,BFS,1,2369,6469,13,1.000,7058,120056,120056
83,100,100,100,1,5,2332704229,DFS,1,2369,8835,3205,2.000,7058,120056,120056
84,100,100,100,1,5,3588295915,BFS,1,1770,5440,12,0.000,5238,120056,120056
84,100,100,100,1,5,3588295915,DFS,1,1770,2900,1911,1.000,5238,120056,120056
85,100,100,100,1,5,2604793803,BFS,1,439,624,5,0.000,1274,120056,120056
85,100,100,100,1,5,2604793803,DFS,1,439,513,440,1.000,1274,120056,120056
86,100,100,100,1,5,3617283798,BFS,1,2865,6611,11,1.000,8566,120056,120056
86,100,100,100,1,5,3617283798,DFS,1,2865,3686,2866,0.000,8566,120056,120056
87,100,100,100,1,5,2534140764,BFS,1,218,236,5,0.000,687,120056,120056
87,100,100,100,1,5,2534140764,DFS,1,218,9993,4316,2.000,687,120056,120056
88,100,100,100,1,5,1216114192,BFS,1,2180,4046,9,1.000,6478,120056,120056
88,100,100,100,1,5,1216114192,DFS,1,2180,3626,2181,1.000,6478,120056,120056
89,100,100,100,1,5,904256080,BFS,1,1364,2657,13,0.000,4053,120056,120056
89,100,100,100,1,5,904256080,DFS,1,1364,2412,1365,1.000,4053,120056,120056
90,100,100,100,1,5,2448175667,BFS,1,2011,5597,16,0.000,6054,120056,120056
90,100,100,100,1,5,2448175667,DFS,1,2011,6332,2603,1.000,6054,120056,120056
91,100,100,100,1,5,2967122923,BFS,1,1061,1621,8,0.000,3283,120056,120056
91,100,100,100,1,5,2967122923,DFS,1,1061,5500,2600,1.000,3283,120056,120056
92,100,100,100,1,5,1035465654,BFS,1,4134,9876,13,1.000,12456,120056,120056
92,100,100,100,1,5,1035465654,DFS,1,4134,7506,4215,1.000,12456,120056,120056
93,100,100,100,1,5,867025056,BFS,1,1354,2917,9,0.000,3991,120056,120056
93,100,100,100,1,5,867025056,DFS,1,1354,2700,1355,0.000,3991,120056,120056
94,100,100,100,1,5,1581853826,BFS,1,386,537,5,0.000,1165,120056,120056
94,100,100,100,1,5,1581853826,DFS,1,386,499,387,0.000,1165,120056,120056
95,100,100,100,1,5,1146135353,BFS,1,2159,3618,10,0.000,6572,120056,120056
95,100,100,100,1,5,1146135353,DFS,1,2159,2892,2160,1.000,6572,120056,120056
96,100,100,100,1,5,2957370685,BFS,1,368,451,4,0.000,1126,120056,120056
96,100,100,100,1,5,2957370685,DFS,1,368,477,406,0.000,1126,120056,120056
97,100,100,100,1,5,16562531,BFS,1,800,1148,6,0.000,2335,120056,120056
97,100,100,100,1,5,16562531,DFS,1,800,1026,805,0.000,2335,120056,120056
98,100,100,100,1,5,2879063121,BFS,1,2034,4644,17,0.000,6002,120056,120056
98,100,100,100,1,5,2879063121,DFS,1,2034,4299,2035,1.000,6002,120056,120056
99,100,100,100,1,5,2648629920,BFS,1,902,1261,7,0.000,2702,120056,120056
99,100,100,100,1,5,2648629920,DFS,1,902,9910,3141,2.000,2702,120056,120056
100,100,100,100,1,5,1409558429,BFS,1,2375,5033,13,0.000,7134,120056,120056
100,100,100,100,1,5,1409558429,DFS,1,2375,2867,2376,0.000,7134,120056,120056
1,200,200,0,1,5,3233903961,BFS,1,87,13043,259,1.000,285,480056,480056
1,200,200,0,1,5,3233903961,DFS,1,31277,31278,31278,2.000,93745,480056,480056
2,200,200,0,1,5,2894827254,BFS,1,163,35988,334,3.000,474,480056,480056
2,200,200,0,1,5,2894827254,DFS,1,5763,5764,5764,0.000,17211,480056,480056
3,200,200,0,1,5,3443542918,BFS,1,173,19920,204,4.000,482,480056,480056
3,200,200,0,1,5,3443542918,DFS,1,11345,11346,11346,2.000,33957,480056,480056
4,200,200,0,1,5,444157787,BFS,1,193,34159,235,5.000,569,480056,480056
4,200,200,0,1,5,444157787,DFS,1,37963,38088,37964,4.000,113862,480056,480056
5,200,200,0,1,5,675650180,BFS,1,177,33752,255,4.000,534,480056,480056
5,200,200,0,1,5,675650180,DFS,1,23439,23577,23440,3.000,70299,480056,480056
6,200,200,0,1,5,374280554,BFS,1,217,30842,216,2.000,659,480056,480056
6,200,200,0,1,5,374280554,DFS,1,17421,17423,17422,2.000,52200,480056,480056
7,200,200,0,1,5,1091043260,BFS,1,204,25760,209,2.000,587,480056,480056
7,200,200,0,1,5,1091043260,DFS,1,3708,3709,3709,1.000,11225,480056,480056
8,200,200,0,1,5,3701012813,BFS,1,92,13959,218,2.000,284,480056,480056
8,200,200,0,1,5,3701012813,DFS,1,36546,36698,36547,3.000,109592,480056,480056
9,200,200,0,1,5,3524480842,BFS,1,144,18488,206,1.000,427,480056,480056
9,200,200,0,1,5,3524480842,DFS,1,24892,25079,24893,2.000,74251,480056,480056
10,200,200,0,1,5,2553181055,BFS,1,49,4495,167,0.000,137,480056,480056
10,200,200,0,1,5,2553181055,DFS,1,8049,8050,8050,1.000,24040,480056,480056
11,200,200,0,1,5,2181480382,BFS,1,82,8304,147,2.000,244,480056,480056
11,200,200,0,1,5,2181480382,DFS,1,31082,31083,31083,3.000,93986,480056,480056
12,200,200,0,1,5,2891246771,BFS,1,197,34240,238,2.000,570,480056,480056
12,200,200,0,1,5,2891246771,DFS,1,325,326,326,0.000,967,480056,480056
13,200,200,0,1,5,340498874,BFS,1,47,2883,111,0.000,128,480056,480056
13,200,200,0,1,5,340498874,DFS,1,21555,21563,21556,2.000,64637,480056,480056
14,200,200,0,1,5,885575889,BFS,1,28,1583,115,0.000,75,480056,480056
14,200,200,0,1,5,885575889,DFS,1,13600,13601,13601,1.000,40608,480056,480056
15,200,200,0,1,5,3326727171,BFS,1,189,29175,209,3.000,579,480056,480056
15,200,200,0,1,5,3326727171,DFS,1,3005,3006,3006,0.000,9075,480056,480056
16,200,200,0,1,5,2173047829,BFS,1,84,7788,156,1.000,257,480056,480056
16,200,200,0,1,5,2173047829,DFS,1,35156,35350,35157,4.000,105931,480056,480056
17,200,200,0,1,5,3361071373,BFS,1,263,39356,236,3.000,795,480056,480056
17,200,200,0,1,5,3361071373,DFS,1,36957,37022,36958,4.000,110746,480056,480056
18,200,200,0,1,5,2368770656,BFS,1,108,20064,278,3.000,340,480056,480056
18,200,200,0,1,5,2368770656,DFS,1,22108,22109,22109,2.000,66190,480056,480056
19,200,200,0,1,5,1326377681,BFS,1,91,14072,234,1.000,280,480056,480056
19,200,200,0,1,5,1326377681,DFS,1,2733,2734,2734,0.000,8294,480056,480056
20,200,200,0,1,5,4057661191,BFS,1,114,14119,202,1.000,339,480056,480056
20,200,200,0,1,5,4057661191,DFS,1,22704,22705,22705,2.000,68003,480056,480056
21,200,200,0,1,5,3536163724,BFS,1,126,14882,202,1.000,391,480056,480056
21,200,200,0,1,5,3536163724,DFS,1,14126,14127,14127,2.000,42517,480056,480056
22,200,200,0,1,5,1714251141,BFS,1,98,7761,132,1.000,260,480056,480056
22,200,200,0,1,5,1714251141,DFS,1,20152,20153,20153,2.000,60552,480056,480056
23,200,200,0,1,5,2330901601,BFS,1,119,14414,206,1.000,372,480056,480056
23,200,200,0,1,5,2330901601,DFS,1,31925,32121,31926,3.000,95589,480056,480056
24,200,200,0,1,5,2766804766,BFS,1,78,8404,147,1.000,225,480056,480056
24,200,200,0,1,5,2766804766,DFS,1,3950,3951,3951,0.000,11950,480056,480056
25,200,200,0,1,5,2896982415,BFS,1,158,18275,198,2.000,477,480056,480056
25,200,200,0,1,5,2896982415,DFS,1,10158,10159,10159,1.000,30607,480056,480056
26,200,200,0,1,5,4222943924,BFS,1,236,35011,203,3.000,727,480056,480056
26,200,200,0,1,5,4222943924,DFS,1,38286,38289,38287,3.000,114517,480056,480056
27,200,200,0,1,5,631021094,BFS,1,127,26701,322,2.000,393,480056,480056
27,200,200,0,1,5,631021094,DFS,1,15931,15932,15932,1.000,47873,480056,480056
28,200,200,0,1,5,3415233645,BFS,1,97,16998,297,3.000,286,480056,480056
28,200,200,0,1,5,3415233645,DFS,1,10095,10096,10096,1.000,30364,480056,480056
29,200,200,0,1,5,2413875457,BFS,1,39,2646,117,1.000,114,480056,480056
29,200,200,0,1,5,2413875457,DFS,1,18329,18348,18330,2.000,55045,480056,480056
30,200,200,0,1,5,3172457301,BFS,1,169,21487,212,1.000,514,480056,480056
30,200,200,0,1,5,3172457301,DFS,1,11369,11370,11370,1.000,34055,480056,480056
31,200,200,0,1,5,141405808,BFS,1,114,24539,353,2.000,313,480056,480056
31,200,200,0,1,5,141405808,DFS,1,26884,26965,26885,2.000,80732,480056,480056
32,200,200,0,1,5,2411910081,BFS,1,180,24789,219,2.000,542,480056,480056
32,200,200,0,1,5,2411910081,DFS,1,14984,15154,14985,1.000,44996,480056,480056
33,200,200,0,1,5,3253561474,BFS,1,87,13626,240,2.000,239,480056,480056
33,200,200,0,1,5,3253561474,DFS,1,39747,39888,39748,3.000,119613,480056,480056
34,200,200,0,1,5,713070678,BFS,1,229,34729,225,2.000,691,480056,480056
34,200,200,0,1,5,713070678,DFS,1,36139,36316,36140,3.000,108231,480056,480056
35,200,200,0,1,5,4047534101,BFS,1,298,39903,206,3.000,904,480056,480056
35,200,200,0,1,5,4047534101,DFS,1,1512,1513,1513,0.000,4517,480056,480056
36,200,200,0,1,5,259649649,BFS,1,44,3587,141,0.000,127,480056,480056
36,200,200,0,1,5,259649649,DFS,1,11218,11219,11219,1.000,33642,480056,480056
37,200,200,0,1,5,1690666129,BFS,1,74,10688,262,2.000,212,480056,480056
37,200,200,0,1,5,1690666129,DFS,1,17274,17275,17275,2.000,51736,480056,480056
38,200,200,0,1,5,1151780590,BFS,1,179,38590,366,4.000,513,480056,480056
38,200,200,0,1,5,1151780590,DFS,1,985,986,986,0.000,2963,480056,480056
39,200,200,0,1,5,3846705337,BFS,1,163,18505,197,1.000,478,480056,480056
39,200,200,0,1,5,3846705337,DFS,1,12055,12056,12056,1.000,36136,480056,480056
40,200,200,0,1,5,831408380,BFS,1,98,15680,232,1.000,297,480056,480056
40,200,200,0,1,5,831408380,DFS,1,2370,2371,2371,1.000,7024,480056,480056
41,200,200,0,1,5,3215983512,BFS,1,39,1794,87,0.000,128,480056,480056
41,200,200,0,1,5,3215983512,DFS,1,33919,33920,33920,3.000,101952,480056,480056
42,200,200,0,1,5,2900039799,BFS,1,135,21686,228,3.000,404,480056,480056
42,200,200,0,1,5,2900039799,DFS,1,8773,8774,8774,1.000,26404,480056,480056
43,200,200,0,1,5,2122258390,BFS,1,173,17130,187,2.000,535,480056,480056
43,200,200,0,1,5,2122258390,DFS,1,13799,13800,13800,1.000,41518,480056,480056
44,200,200,0,1,5,763489730,BFS,1,85,9078,184,1.000,259,480056,480056
44,200,200,0,1,5,763489730,DFS,1,38973,38974,38974,4.000,117296,480056,480056
45,200,200,0,1,5,2625159049,BFS,1,162,23621,210,2.000,495,480056,480056
45,200,200,0,1,5,2625159049,DFS,1,35258,35268,35259,3.000,105883,480056,480056
46,200,200,0,1,5,1084493298,BFS,1,163,26813,234,2.000,476,480056,480056
46,200,200,0,1,5,1084493298,DFS,1,24241,24243,24242,3.000,72812,480056,480056
47,200,200,0,1,5,1291184934,BFS,1,82,7822,175,0.000,263,480056,480056
47,200,200,0,1,5,1291184934,DFS,1,37842,37843,37843,3.000,113824,480056,480056
48,200,200,0,1,5,1649639983,BFS,1,121,18371,226,2.000,368,480056,480056
48,200,200,0,1,5,1649639983,DFS,1,27711,27713,27712,3.000,83098,480056,480056
49,200,200,0,1,5,2966648674,BFS,1,88,15373,354,1.000,263,480056,480056
49,200,200,0,1,5,2966648674,DFS,1,12986,12987,12987,1.000,39019,480056,480056
50,200,200,0,1,5,2205325487,BFS,1,153,28402,252,2.000,438,480056,480056
50,200,200,0,1,5,2205325487,DFS,1,12213,12214,12214,1.000,36600,480056,480056
51,200,200,0,1,5,1145671437,BFS,1,139,12769,163,1.000,410,480056,480056
51,200,200,0,1,5,1145671437,DFS,1,16069,16070,16070,1.000,48143,480056,480056
52,200,200,0,1,5,1032384405,BFS,1,105,19014,268,2.000,304,480056,480056
52,200,200,0,1,5,1032384405,DFS,1,13705,13706,13706,1.000,41086,480056,480056
53,200,200,0,1,5,3732531680,BFS,1,7,97,30,0.000,17,480056,480056
53,200,200,0,1,5,3732531680,DFS,1,6535,6536,6536,1.000,19660,480056,480056
54,200,200,0,1,5,3333187238,BFS,1,196,29246,201,2.000,580,480056,480056
54,200,200,0,1,5,3333187238,DFS,1,6144,6145,6145,0.000,18207,480056,480056
55,200,200,0,1,5,1207373264,BFS,1,235,32390,203,3.000,706,480056,480056
55,200,200,0,1,5,1207373264,DFS,1,20635,20636,20636,2.000,61731,480056,480056
56,200,200,0,1,5,3037081122,BFS,1,132,25776,264,2.000,408,480056,480056
56,200,200,0,1,5,3037081122,DFS,1,16532,16533,16533,2.000,49813,480056,480056
57,200,200,0,1,5,1290576688,BFS,1,64,7223,194,1.000,195,480056,480056
57,200,200,0,1,5,1290576688,DFS,1,13156,13157,13157,1.000,39555,480056,480056
58,200,200,0,1,5,4104355134,BFS,1,110,12720,204,1.000,325,480056,480056
58,200,200,0,1,5,4104355134,DFS,1,38492,38493,38493,3.000,115963,480056,480056
59,200,200,0,1,5,161125172,BFS,1,129,19077,214,1.000,375,480056,480056
59,200,200,0,1,5,161125172,DFS,1,19605,19606,19606,1.000,58534,480056,480056
60,200,200,0,1,5,3001753717,BFS,1,153,28649,243,3.000,464,480056,480056
60,200,200,0,1,5,3001753717,DFS,1,20709,20710,20710,2.000,61705,480056,480056
61,200,200,0,1,5,2097064696,BFS,1,135,19057,211,1.000,404,480056,480056
61,200,200,0,1,5,2097064696,DFS,1,26381,26382,26382,3.000,79529,480056,480056
62,200,200,0,1,5,702850005,BFS,1,170,26670,214,3.000,509,480056,480056
62,200,200,0,1,5,702850005,DFS,1,35594,35680,35595,2.000,107117,480056,480056
63,200,200,0,1,5,1371033244,BFS,1,159,33707,323,3.000,466,480056,480056
63,200,200,0,1,5,1371033244,DFS,1,6759,6760,6760,0.000,20315,480056,480056
64,200,200,0,1,5,1488207746,BFS,1,102,12529,176,1.000,297,480056,480056
64,200,200,0,1,5,1488207746,DFS,1,502,503,503,0.000,1560,480056,480056
65,200,200,0,1,5,2334193242,BFS,1,103,15162,242,1.000,318,480056,480056
65,200,200,0,1,5,2334193242,DFS,1,7187,7188,7188,1.000,21562,480056,480056
66,200,200,0,1,5,3252226848,BFS,1,258,35522,219,3.000,799,480056,480056
66,200,200,0,1,5,3252226848,DFS,1,3058,3059,3059,0.000,9246,480056,480056
67,200,200,0,1,5,491920881,BFS,1,127,18557,219,2.000,366,480056,480056
67,200,200,0,1,5,491920881,DFS,1,29081,29082,29082,2.000,86969,480056,480056
68,200,200,0,1,5,4110918609,BFS,1,130,29964,366,2.000,395,480056,480056
68,200,200,0,1,5,4110918609,DFS,1,29670,29765,29671,4.000,89166,480056,480056
69,200,200,0,1,5,200353478,BFS,1,139,26633,265,3.000,391,480056,480056
69,200,200,0,1,5,200353478,DFS,1,14743,14744,14744,1.000,44188,480056,480056
70,200,200,0,1,5,1796780039,BFS,1,153,29386,256,3.000,433,480056,480056
70,200,200,0,1,5,1796780039,DFS,1,24637,24757,24638,3.000,74047,480056,480056
71,200,200,0,1,5,3960875294,BFS,1,244,31786,210,2.000,776,480056,480056
71,200,200,0,1,5,3960875294,DFS,1,22640,22642,22641,2.000,68001,480056,480056
72,200,200,0,1,5,1414477447,BFS,1,169,31538,243,3.000,502,480056,480056
72,200,200,0,1,5,1414477447,DFS,1,7369,7370,7370,1.000,21955,480056,480056
73,200,200,0,1,5,785993404,BFS,1,168,20910,210,1.000,504,480056,480056
73,200,200,0,1,5,785993404,DFS,1,11824,11851,11825,1.000,35471,480056,480056
74,200,200,0,1,5,4053384572,BFS,1,64,8127,258,0.000,189,480056,480056
74,200,200,0,1,5,4053384572,DFS,1,14064,14065,14065,1.000,42094,480056,480056
75,200,200,0,1,5,1475632448,BFS,1,63,3942,111,0.000,195,480056,480056
75,200,200,0,1,5,1475632448,DFS,1,32719,32720,32720,3.000,98670,480056,480056
76,200,200,0,1,5,2963286377,BFS,1,91,16080,304,2.000,253,480056,480056
76,200,200,0,1,5,2963286377,DFS,1,30265,30341,30266,3.000,91083,480056,480056
77,200,200,0,1,5,3117275825,BFS,1,236,30292,201,3.000,740,480056,480056
77,200,200,0,1,5,3117275825,DFS,1,23836,23837,23837,2.000,71501,480056,480056
78,200,200,0,1,5,571951600,BFS,1,183,25643,200,2.000,544,480056,480056
78,200,200,0,1,5,571951600,DFS,1,17365,17366,17366,2.000,52079,480056,480056
79,200,200,0,1,5,3547834424,BFS,1,106,11338,167,1.000,299,480056,480056
79,200,200,0,1,5,3547834424,DFS,1,15226,15227,15227,1.000,45565,480056,480056
80,200,200,0,1,5,3515665985,BFS,1,193,34995,259,3.000,562,480056,480056
80,200,200,0,1,5,3515665985,DFS,1,5977,5978,5978,1.000,18010,480056,480056
81,200,200,0,1,5,2187531559,BFS,1,40,3223,163,0.000,111,480056,480056
81,200,200,0,1,5,2187531559,DFS,1,12796,12797,12797,1.000,38550,480056,480056
82,200,200,0,1,5,2670391933,BFS,1,70,8163,203,1.000,210,480056,480056
82,200,200,0,1,5,2670391933,DFS,1,8220,8340,8221,0.000,24805,480056,480056
83,200,200,0,1,5,2709970646,BFS,1,198,36968,290,3.000,567,480056,480056
83,200,200,0,1,5,2709970646,DFS,1,38850,38949,38851,3.000,116360,480056,480056
84,200,200,0,1,5,2755810191,BFS,1,91,7923,152,0.000,267,480056,480056
84,200,200,0,1,5,2755810191,DFS,1,15645,15647,15646,2.000,46910,480056,480056
85,200,200,0,1,5,4142604754,BFS,1,58,5468,136,0.000,186,480056,480056
85,200,200,0,1,5,4142604754,DFS,1,34922,35087,34923,3.000,104937,480056,480056
86,200,200,0,1,5,2257842954,BFS,1,104,12923,214,1.000,304,480056,480056
86,200,200,0,1,5,2257842954,DFS,1,8504,8505,8505,0.000,25396,480056,480056
87,200,200,0,1,5,1978820367,BFS,1,83,11859,220,1.000,246,480056,480056
87,200,200,0,1,5,1978820367,DFS,1,5545,5546,5546,1.000,16531,480056,480056
88,200,200,0,1,5,1169289156,BFS,1,27,1488,112,0.000,86,480056,480056
88,200,200,0,1,5,1169289156,DFS,1,25977,25978,25978,3.000,78052,480056,480056
89,200,200,0,1,5,1673396967,BFS,1,155,19823,205,2.000,449,480056,480056
89,200,200,0,1,5,1673396967,DFS,1,18517,18522,18518,1.000,55422,480056,480056
90,200,200,0,1,5,1354573694,BFS,1,140,28423,273,3.000,404,480056,480056
90,200,200,0,1,5,1354573694,DFS,1,2660,2661,2661,0.000,7871,480056,480056
91,200,200,0,1,5,2549191336,BFS,1,148,32311,318,4.000,447,480056,480056
91,200,200,0,1,5,2549191336,DFS,1,23774,23775,23775,2.000,71168,480056,480056
92,200,200,0,1,5,1663115216,BFS,1,122,25096,312,2.000,366,480056,480056
92,200,200,0,1,5,1663115216,DFS,1,39998,39999,39999,6.000,119841,480056,480056
93,200,200,0,1,5,3278563823,BFS,1,68,8643,223,1.000,216,480056,480056
93,200,200,0,1,5,3278563823,DFS,1,8866,8971,8867,0.000,26568,480056,480056
94,200,200,0,1,5,2327784738,BFS,1,119,21467,258,2.000,362,480056,480056
94,200,200,0,1,5,2327784738,DFS,1,5967,5968,5968,1.000,17900,480056,480056
95,200,200,0,1,5,1432965497,BFS,1,65,7599,194,1.000,189,480056,480056
95,200,200,0,1,5,1432965497,DFS,1,7779,7922,7780,1.000,23388,480056,480056
96,200,200,0,1,5,323962472,BFS,1,7,86,28,0.000,28,480056,480056
96,200,200,0,1,5,323962472,DFS,1,7,8,8,0.000,28,480056,480056
97,200,200,0,1,5,62213554,BFS,1,234,35029,225,2.000,703,480056,480056
97,200,200,0,1,5,62213554,DFS,1,15916,15917,15917,1.000,47911,480056,480056
98,200,200,0,1,5,1310936031,BFS,1,170,29017,228,2.000,479,480056,480056
98,200,200,0,1,5,1310936031,DFS,1,15770,15798,15771,2.000,47310,480056,480056
99,200,200,0,1,5,3632387647,BFS,1,145,19449,212,2.000,401,480056,480056
99,200,200,0,1,5,3632387647,DFS,1,6691,6692,6692,0.000,20088,480056,480056
100,200,200,0,1,5,1543678980,BFS,1,79,6928,164,0.000,225,480056,480056
100,200,200,0,1,5,1543678980,DFS,1,32841,32843,32842,3.000,98468,480056,480056
1,200,200,25,1,5,2966517365,BFS,1,87,12807,259,1.000,268,480056,480056
1,200,200,25,1,5,2966517365,DFS,1,26755,29338,26756,3.000,79938,480056,480056
2,200,200,25,1,5,2839401769,BFS,1,163,36056,350,5.000,463,480056,480056
2,200,200,25,1,5,2839401769,DFS,1,1149,1219,1150,0.000,3435,480056,480056
3,200,200,25,1,5,819762591,BFS,1,173,19239,200,2.000,527,480056,480056
3,200,200,25,1,5,819762591,DFS,1,7005,8452,7006,0.000,20992,480056,480056
4,200,200,25,1,5,976960970,BFS,1,193,34153,244,3.000,584,480056,480056
4,200,200,25,1,5,976960970,DFS,1,30225,34001,30226,3.000,90611,480056,480056
5,200,200,25,1,5,1828963882,BFS,1,177,33749,269,3.000,522,480056,480056
5,200,200,25,1,5,1828963882,DFS,1,16491,17972,16492,2.000,49575,480056,480056
6,200,200,25,1,5,2769114703,BFS,1,217,30840,229,2.000,656,480056,480056
6,200,200,25,1,5,2769114703,DFS,1,9231,10081,9232,2.000,27822,480056,480056
7,200,200,25,1,5,3617868225,BFS,1,204,25486,221,2.000,604,480056,480056
7,200,200,25,1,5,3617868225,DFS,1,4828,5167,4829,0.000,14645,480056,480056
8,200,200,25,1,5,754875258,BFS,1,92,13847,228,1.000,250,480056,480056
8,200,200,25,1,5,754875258,DFS,1,28546,33181,28547,3.000,85627,480056,480056
9,200,200,25,1,5,293744838,BFS,1,144,17951,201,1.000,465,480056,480056
9,200,200,25,1,5,293744838,DFS,1,20118,22823,20119,2.000,59970,480056,480056
10,200,200,25,1,5,282717426,BFS,1,49,4412,165,0.000,152,480056,480056
10,200,200,25,1,5,282717426,DFS,1,4927,5368,4928,1.000,14707,480056,480056
11,200,200,25,1,5,1888106818,BFS,1,88,9005,149,1.000,273,480056,480056
11,200,200,25,1,5,1888106818,DFS,1,26784,36829,32693,4.000,80963,480056,480056
12,200,200,25,1,5,86459031,BFS,1,197,34237,250,3.000,582,480056,480056
12,200,200,25,1,5,86459031,DFS,1,3043,39666,33141,7.000,9157,480056,480056
13,200,200,25,1,5,1778554858,BFS,1,47,2783,112,1.000,149,480056,480056
13,200,200,25,1,5,1778554858,DFS,1,14237,15581,14238,1.000,42708,480056,480056
14,200,200,25,1,5,1699742277,BFS,1,28,1534,113,0.000,78,480056,480056
14,200,200,25,1,5,1699742277,DFS,1,10004,10979,10005,2.000,30015,480056,480056
15,200,200,25,1,5,870526667,BFS,1,189,28837,217,2.000,610,480056,480056
15,200,200,25,1,5,870526667,DFS,1,3597,3879,3598,0.000,10812,480056,480056
16,200,200,25,1,5,894391449,BFS,1,84,7510,155,1.000,269,480056,480056
16,200,200,25,1,5,894391449,DFS,1,30854,33943,30857,4.000,92884,480056,480056
17,200,200,25,1,5,1765643130,BFS,1,263,39355,254,3.000,764,480056,480056
17,200,200,25,1,5,1765643130,DFS,1,32677,35438,32678,4.000,97864,480056,480056
18,200,200,25,1,5,1655321643,BFS,1,108,19771,292,2.000,328,480056,480056
18,200,200,25,1,5,1655321643,DFS,1,15290,16695,15291,2.000,45713,480056,480056
19,200,200,25,1,5,1399165210,BFS,1,91,13868,247,1.000,268,480056,480056
19,200,200,25,1,5,1399165210,DFS,1,3929,4283,3930,0.000,11792,480056,480056
20,200,200,25,1,5,1192959893,BFS,1,118,14608,204,2.000,360,480056,480056
20,200,200,25,1,5,1192959893,DFS,1,20202,21876,20203,2.000,60532,480056,480056
21,200,200,25,1,5,744770584,BFS,1,126,14749,206,1.000,363,480056,480056
21,200,200,25,1,5,744770584,DFS,1,12652,13859,12653,2.000,37998,480056,480056
22,200,200,25,1,5,2151719470,BFS,1,106,8578,138,1.000,290,480056,480056
22,200,200,25,1,5,2151719470,DFS,1,14406,15630,14407,2.000,43252,480056,480056
23,200,200,25,1,5,2985553835,BFS,1,119,14172,207,1.000,357,480056,480056
23,200,200,25,1,5,2985553835,DFS,1,25807,29675,25808,3.000,77244,480056,480056
24,200,200,25,1,5,4058219823,BFS,1,78,8220,147,1.000,228,480056,480056
24,200,200,25,1,5,4058219823,DFS,1,2752,3106,2753,0.000,8265,480056,480056
25,200,200,25,1,5,248865173,BFS,1,160,17850,196,1.000,473,480056,480056
25,200,200,25,1,5,248865173,DFS,1,11430,38821,32767,7.000,34254,480056,480056
26,200,200,25,1,5,245408395,BFS,1,236,35009,210,3.000,702,480056,480056
26,200,200,25,1,5,245408395,DFS,1,31026,33698,31027,3.000,92729,480056,480056
27,200,200,25,1,5,46338212,BFS,1,127,26538,337,3.000,369,480056,480056
27,200,200,25,1,5,46338212,DFS,1,17499,19040,17500,2.000,52347,480056,480056
28,200,200,25,1,5,47787593,BFS,1,105,19096,305,2.000,318,480056,480056
28,200,200,25,1,5,47787593,DFS,1,8231,9017,8232,2.000,24697,480056,480056
29,200,200,25,1,5,3871184268,BFS,1,39,2601,114,1.000,114,480056,480056
29,200,200,25,1,5,3871184268,DFS,1,10987,12021,10988,1.000,32906,480056,480056
30,200,200,25,1,5,70878344,BFS,1,169,20965,211,1.000,498,480056,480056
30,200,200,25,1,5,70878344,DFS,1,11539,12622,11540,1.000,34528,480056,480056
31,200,200,25,1,5,2623458699,BFS,1,114,24304,371,2.000,353,480056,480056
31,200,200,25,1,5,2623458699,DFS,1,25640,28006,25641,4.000,77054,480056,480056
32,200,200,25,1,5,2545939293,BFS,1,180,24237,226,2.000,549,480056,480056
32,200,200,25,1,5,2545939293,DFS,1,10056,11315,10057,1.000,30234,480056,480056
33,200,200,25,1,5,3336639118,BFS,1,87,13340,255,1.000,259,480056,480056
33,200,200,25,1,5,3336639118,DFS,1,31681,35398,31682,3.000,95468,480056,480056
34,200,200,25,1,5,2912145638,BFS,1,229,34728,236,3.000,663,480056,480056
34,200,200,25,1,5,2912145638,DFS,1,29001,32255,29002,4.000,86778,480056,480056
35,200,200,25,1,5,2448678313,BFS,1,298,39903,220,3.000,881,480056,480056
35,200,200,25,1,5,2448678313,DFS,1,452,455,453,0.000,1358,480056,480056
36,200,200,25,1,5,2406444361,BFS,1,44,3433,137,1.000,127,480056,480056
36,200,200,25,1,5,2406444361,DFS,1,11248,12692,11251,1.000,33823,480056,480056
37,200,200,25,1,5,3623481773,BFS,1,74,10537,265,1.000,207,480056,480056
37,200,200,25,1,5,3623481773,DFS,1,15172,16474,15173,2.000,45495,480056,480056
38,200,200,25,1,5,2425066975,BFS,1,179,38624,381,4.000,498,480056,480056
38,200,200,25,1,5,2425066975,DFS,1,229,230,230,0.000,679,480056,480056
39,200,200,25,1,5,203399558,BFS,1,163,17859,193,2.000,507,480056,480056
39,200,200,25,1,5,203399558,DFS,1,11997,38616,32261,5.000,36133,480056,480056
40,200,200,25,1,5,4271638276,BFS,1,98,15510,242,1.000,282,480056,480056
40,200,200,25,1,5,4271638276,DFS,1,3512,39369,32931,7.000,10447,480056,480056
41,200,200,25,1,5,3230672209,BFS,1,39,1731,86,0.000,120,480056,480056
41,200,200,25,1,5,3230672209,DFS,1,29011,31494,29012,3.000,87037,480056,480056
42,200,200,25,1,5,3095575572,BFS,1,135,21332,238,2.000,408,480056,480056
42,200,200,25,1,5,3095575572,DFS,1,8491,9067,8492,1.000,25556,480056,480056
43,200,200,25,1,5,4074025409,BFS,1,173,16680,184,1.000,511,480056,480056
43,200,200,25,1,5,4074025409,DFS,1,12119,13041,12120,0.000,36509,480056,480056
44,200,200,25,1,5,25866054,BFS,1,89,9619,195,1.000,280,480056,480056
44,200,200,25,1,5,25866054,DFS,1,30591,33786,30592,4.000,91909,480056,480056
45,200,200,25,1,5,436891361,BFS,1,162,23345,226,2.000,493,480056,480056
45,200,200,25,1,5,436891361,DFS,1,28600,31046,28601,4.000,85914,480056,480056
46,200,200,25,1,5,2497745903,BFS,1,163,26269,248,2.000,464,480056,480056
46,200,200,25,1,5,2497745903,DFS,1,17177,19071,17178,3.000,51660,480056,480056
47,200,200,25,1,5,3632563668,BFS,1,82,7656,176,1.000,245,480056,480056
47,200,200,25,1,5,3632563668,DFS,1,32694,35671,32695,3.000,98469,480056,480056
48,200,200,25,1,5,1152686034,BFS,1,129,19795,235,2.000,380,480056,480056
48,200,200,25,1,5,1152686034,DFS,1,22399,24476,22400,2.000,67270,480056,480056
49,200,200,25,1,5,148718939,BFS,1,88,14964,346,1.000,278,480056,480056
49,200,200,25,1,5,148718939,DFS,1,9246,9931,9247,1.000,27925,480056,480056
50,200,200,25,1,5,641416543,BFS,1,157,28553,257,3.000,470,480056,480056
50,200,200,25,1,5,641416543,DFS,1,11653,12687,11654,2.000,34899,480056,480056
51,200,200,25,1,5,633296394,BFS,1,139,12353,162,1.000,445,480056,480056
51,200,200,25,1,5,633296394,DFS,1,11077,11978,11078,2.000,33203,480056,480056
52,200,200,25,1,5,2700066905,BFS,1,105,18711,279,2.000,306,480056,480056
52,200,200,25,1,5,2700066905,DFS,1,12009,13091,12010,2.000,36025,480056,480056
53,200,200,25,1,5,3765178842,BFS,1,7,88,30,0.000,17,480056,480056
53,200,200,25,1,5,3765178842,DFS,1,3265,3688,3266,1.000,9810,480056,480056
54,200,200,25,1,5,856379684,BFS,1,196,28888,213,3.000,554,480056,480056
54,200,200,25,1,5,856379684,DFS,1,7142,7675,7143,1.000,21127,480056,480056
55,200,200,25,1,5,1946261509,BFS,1,235,32372,212,2.000,695,480056,480056
55,200,200,25,1,5,1946261509,DFS,1,13585,14699,13586,1.000,40535,480056,480056
56,200,200,25,1,5,2868465308,BFS,1,132,25519,285,2.000,398,480056,480056
56,200,200,25,1,5,2868465308,DFS,1,10812,38510,32776,6.000,32567,480056,480056
57,200,200,25,1,5,2313931686,BFS,1,64,7050,193,1.000,204,480056,480056
57,200,200,25,1,5,2313931686,DFS,1,11474,12467,11475,1.000,34631,480056,480056
58,200,200,25,1,5,1647209390,BFS,1,114,13109,207,1.000,348,480056,480056
58,200,200,25,1,5,1647209390,DFS,1,27880,30364,27881,5.000,84011,480056,480056
59,200,200,25,1,5,3831232712,BFS,1,129,18670,213,2.000,368,480056,480056
59,200,200,25,1,5,3831232712,DFS,1,17067,18491,17068,2.000,50963,480056,480056
60,200,200,25,1,5,836040786,BFS,1,155,28851,253,3.000,450,480056,480056
60,200,200,25,1,5,836040786,DFS,1,19951,21726,19952,3.000,59420,480056,480056
61,200,200,25,1,5,382664749,BFS,1,135,18853,220,2.000,420,480056,480056
61,200,200,25,1,5,382664749,DFS,1,24283,26180,24284,3.000,72935,480056,480056
62,200,200,25,1,5,3137781787,BFS,1,182,28499,219,3.000,560,480056,480056
62,200,200,25,1,5,3137781787,DFS,1,29014,31418,29015,3.000,87160,480056,480056
63,200,200,25,1,5,3434050995,BFS,1,159,33692,334,3.000,498,480056,480056
63,200,200,25,1,5,3434050995,DFS,1,8645,9358,8646,1.000,25925,480056,480056
64,200,200,25,1,5,3463399832,BFS,1,102,12253,173,1.000,287,480056,480056
64,200,200,25,1,5,3463399832,DFS,1,680,778,681,0.000,2019,480056,480056
65,200,200,25,1,5,4039649189,BFS,1,103,14826,253,1.000,315,480056,480056
65,200,200,25,1,5,4039649189,DFS,1,8271,8895,8272,1.000,24867,480056,480056
66,200,200,25,1,5,2984255320,BFS,1,258,35513,232,3.000,793,480056,480056
66,200,200,25,1,5,2984255320,DFS,1,2160,2259,2161,0.000,6516,480056,480056
67,200,200,25,1,5,4138217048,BFS,1,127,18225,222,2.000,400,480056,480056
67,200,200,25,1,5,4138217048,DFS,1,28585,31296,28586,4.000,85520,480056,480056
68,200,200,25,1,5,292888208,BFS,1,130,29813,386,3.000,368,480056,480056
68,200,200,25,1,5,292888208,DFS,1,28654,31667,28655,3.000,86412,480056,480056
69,200,200,25,1,5,3504056125,BFS,1,139,26450,282,2.000,434,480056,480056
69,200,200,25,1,5,3504056125,DFS,1,14743,38483,33316,5.000,44077,480056,480056
70,200,200,25,1,5,4009903852,BFS,1,153,29201,267,3.000,443,480056,480056
70,200,200,25,1,5,4009903852,DFS,1,16173,17589,16174,2.000,48600,480056,480056
71,200,200,25,1,5,2649799175,BFS,1,244,31783,219,2.000,764,480056,480056
71,200,200,25,1,5,2649799175,DFS,1,15330,17074,15331,2.000,45955,480056,480056
72,200,200,25,1,5,4202352287,BFS,1,169,31292,251,3.000,503,480056,480056
72,200,200,25,1,5,4202352287,DFS,1,4957,5326,4958,0.000,14878,480056,480056
73,200,200,25,1,5,2229065242,BFS,1,168,20362,206,2.000,497,480056,480056
73,200,200,25,1,5,2229065242,DFS,1,12132,13395,12133,1.000,36396,480056,480056
74,200,200,25,1,5,2463594094,BFS,1,64,7830,254,1.000,188,480056,480056
74,200,200,25,1,5,2463594094,DFS,1,10680,11493,10681,1.000,31938,480056,480056
75,200,200,25,1,5,545941139,BFS,1,63,3845,112,0.000,197,480056,480056
75,200,200,25,1,5,545941139,DFS,1,27963,30183,27964,3.000,84452,480056,480056
76,200,200,25,1,5,1911369534,BFS,1,91,15901,325,2.000,276,480056,480056
76,200,200,25,1,5,1911369534,DFS,1,23105,25575,23106,2.000,69470,480056,480056
77,200,200,25,1,5,282069756,BFS,1,236,30290,210,3.000,697,480056,480056
77,200,200,25,1,5,282069756,DFS,1,16320,17617,16321,2.000,48921,480056,480056
78,200,200,25,1,5,1614980500,BFS,1,183,25284,209,2.000,538,480056,480056
78,200,200,25,1,5,1614980500,DFS,1,11783,12768,11784,1.000,35301,480056,480056
79,200,200,25,1,5,666127353,BFS,1,106,11099,167,2.000,300,480056,480056
79,200,200,25,1,5,666127353,DFS,1,15430,38312,32874,5.000,46057,480056,480056
80,200,200,25,1,5,985753942,BFS,1,193,34994,271,3.000,579,480056,480056
80,200,200,25,1,5,985753942,DFS,1,7537,8145,7538,1.000,22503,480056,480056
81,200,200,25,1,5,3290415893,BFS,1,40,3109,163,0.000,115,480056,480056
81,200,200,25,1,5,3290415893,DFS,1,9182,9999,9183,1.000,27620,480056,480056
82,200,200,25,1,5,27908091,BFS,1,72,8348,202,1.000,220,480056,480056
82,200,200,25,1,5,27908091,DFS,1,5076,5553,5077,1.000,15349,480056,480056
83,200,200,25,1,5,3052787105,BFS,1,198,36964,306,3.000,606,480056,480056
83,200,200,25,1,5,3052787105,DFS,1,32374,35477,32375,5.000,96971,480056,480056
84,200,200,25,1,5,1436143554,BFS,1,91,7736,154,1.000,283,480056,480056
84,200,200,25,1,5,1436143554,DFS,1,16315,17682,16316,2.000,49051,480056,480056
85,200,200,25,1,5,3701858406,BFS,1,58,5440,141,0.000,176,480056,480056
85,200,200,25,1,5,3701858406,DFS,1,29276,35857,32406,4.000,88207,480056,480056
86,200,200,25,1,5,865303380,BFS,1,104,12667,227,1.000,299,480056,480056
86,200,200,25,1,5,865303380,DFS,1,3786,4231,3787,0.000,11209,480056,480056
87,200,200,25,1,5,3251626561,BFS,1,85,12119,228,1.000,252,480056,480056
87,200,200,25,1,5,3251626561,DFS,1,4993,5580,4994,1.000,14940,480056,480056
88,200,200,25,1,5,1471986199,BFS,1,29,1652,120,0.000,88,480056,480056
88,200,200,25,1,5,1471986199,DFS,1,21981,24101,21982,2.000,66182,480056,480056
89,200,200,25,1,5,311381394,BFS,1,155,19499,218,2.000,478,480056,480056
89,200,200,25,1,5,311381394,DFS,1,16585,17981,16586,2.000,49653,480056,480056
90,200,200,25,1,5,834409340,BFS,1,140,28242,283,3.000,432,480056,480056
90,200,200,25,1,5,834409340,DFS,1,1900,2120,1901,0.000,5711,480056,480056
91,200,200,25,1,5,227674886,BFS,1,148,32335,336,3.000,431,480056,480056
91,200,200,25,1,5,227674886,DFS,1,15770,18112,15776,2.000,47214,480056,480056
92,200,200,25,1,5,1114335664,BFS,1,122,24849,327,2.000,362,480056,480056
92,200,200,25,1,5,1114335664,DFS,1,33312,36092,33321,5.000,99704,480056,480056
93,200,200,25,1,5,2410360844,BFS,1,72,9351,227,1.000,235,480056,480056
93,200,200,25,1,5,2410360844,DFS,1,11236,12298,11237,1.000,33549,480056,480056
94,200,200,25,1,5,850955948,BFS,1,119,21054,271,2.000,376,480056,480056
94,200,200,25,1,5,850955948,DFS,1,5623,6064,5624,1.000,16896,480056,480056
95,200,200,25,1,5,1463577394,BFS,1,73,9020,203,0.000,213,480056,480056
95,200,200,25,1,5,1463577394,DFS,1,6517,7484,6518,0.000,19582,480056,480056
96,200,200,25,1,5,190555343,BFS,1,9,133,35,0.000,37,480056,480056
96,200,200,25,1,5,190555343,DFS,1,12139,13073,12140,2.000,36330,480056,480056
97,200,200,25,1,5,1160719218,BFS,1,234,35028,236,3.000,671,480056,480056
97,200,200,25,1,5,1160719218,DFS,1,16260,17724,16261,2.000,48720,480056,480056
98,200,200,25,1,5,2547216788,BFS,1,184,31600,236,3.000,564,480056,480056
98,200,200,25,1,5,2547216788,DFS,1,16946,18537,16947,2.000,50947,480056,480056
99,200,200,25,1,5,2344144202,BFS,1,145,19053,209,2.000,419,480056,480056
99,200,200,25,1,5,2344144202,DFS,1,9923,10961,9924,1.000,29690,480056,480056
100,200,200,25,1,5,3687649253,BFS,1,79,6735,166,0.000,217,480056,480056
100,200,200,25,1,5,3687649253,DFS,1,29547,32650,29548,4.000,88714,480056,480056
1,200,200,50,1,5,1799292257,BFS,1,87,12026,246,1.000,259,480056,480056
1,200,200,50,1,5,1799292257,DFS,1,23235,34087,26488,4.000,69580,480056,480056
2,200,200,50,1,5,808646205,BFS,1,163,35930,368,4.000,502,480056,480056
2,200,200,50,1,5,808646205,DFS,1,1509,1901,1510,0.000,4547,480056,480056
3,200,200,50,1,5,1855930933,BFS,1,177,18682,200,2.000,535,480056,480056
3,200,200,50,1,5,1855930933,DFS,1,5383,6928,5384,1.000,16126,480056,480056
4,200,200,50,1,5,809754611,BFS,1,199,34577,245,3.000,593,480056,480056
4,200,200,50,1,5,809754611,DFS,1,24567,30864,24568,4.000,73620,480056,480056
5,200,200,50,1,5,2441982903,BFS,1,181,33196,259,3.000,532,480056,480056
5,200,200,50,1,5,2441982903,DFS,1,13115,18491,13116,3.000,39308,480056,480056
6,200,200,50,1,5,3979489844,BFS,1,221,30663,232,4.000,660,480056,480056
6,200,200,50,1,5,3979489844,DFS,1,6909,8811,6910,2.000,20727,480056,480056
7,200,200,50,1,5,1649769044,BFS,1,210,25304,232,5.000,612,480056,480056
7,200,200,50,1,5,1649769044,DFS,1,4226,5062,4227,1.000,12835,480056,480056
8,200,200,50,1,5,1837972110,BFS,1,94,13606,236,2.000,283,480056,480056
8,200,200,50,1,5,1837972110,DFS,1,24932,30515,24933,4.000,74381,480056,480056
9,200,200,50,1,5,3892777384,BFS,1,144,16801,193,2.000,399,480056,480056
9,200,200,50,1,5,3892777384,DFS,1,17178,21343,17179,3.000,51389,480056,480056
10,200,200,50,1,5,1949775024,BFS,1,55,4970,169,0.000,163,480056,480056
10,200,200,50,1,5,1949775024,DFS,1,1639,39597,27043,7.000,4949,480056,480056
11,200,200,50,1,5,2560364503,BFS,1,96,9668,155,1.000,300,480056,480056
11,200,200,50,1,5,2560364503,DFS,1,23386,29262,23387,3.000,70554,480056,480056
12,200,200,50,1,5,2649219827,BFS,1,199,34102,249,3.000,576,480056,480056
12,200,200,50,1,5,2649219827,DFS,1,3323,4003,3324,0.000,10090,480056,480056
13,200,200,50,1,5,200435721,BFS,1,47,2540,101,1.000,135,480056,480056
13,200,200,50,1,5,200435721,DFS,1,13631,16645,13632,2.000,40955,480056,480056
14,200,200,50,1,5,2289666863,BFS,1,28,1401,106,0.000,91,480056,480056
14,200,200,50,1,5,2289666863,DFS,1,11306,14056,11328,4.000,33951,480056,480056
15,200,200,50,1,5,584524875,BFS,1,189,27756,218,3.000,520,480056,480056
15,200,200,50,1,5,584524875,DFS,1,1849,2122,1850,1.000,5624,480056,480056
16,200,200,50,1,5,913777907,BFS,1,84,7056,161,1.000,266,480056,480056
16,200,200,50,1,5,913777907,DFS,1,23856,29867,23857,4.000,71945,480056,480056
17,200,200,50,1,5,1175110858,BFS,1,263,39347,263,4.000,785,480056,480056
17,200,200,50,1,5,1175110858,DFS,1,26687,33771,26688,5.000,79984,480056,480056
18,200,200,50,1,5,393547600,BFS,1,108,18992,303,2.000,335,480056,480056
18,200,200,50,1,5,393547600,DFS,1,11346,13580,11347,3.000,34066,480056,480056
19,200,200,50,1,5,1723870075,BFS,1,91,13287,251,1.000,287,480056,480056
19,200,200,50,1,5,1723870075,DFS,1,3235,3783,3236,1.000,9809,480056,480056
20,200,200,50,1,5,1627175682,BFS,1,128,15705,213,2.000,408,480056,480056
20,200,200,50,1,5,1627175682,DFS,1,16894,36663,27620,7.000,50615,480056,480056
21,200,200,50,1,5,3168141853,BFS,1,126,13591,205,1.000,371,480056,480056
21,200,200,50,1,5,3168141853,DFS,1,11012,13973,11013,2.000,33112,480056,480056
22,200,200,50,1,5,1821385116,BFS,1,116,9243,145,1.000,338,480056,480056
22,200,200,50,1,5,1821385116,DFS,1,11612,14684,11613,2.000,34944,480056,480056
23,200,200,50,1,5,3815954960,BFS,1,119,13476,204,2.000,358,480056,480056
23,200,200,50,1,5,3815954960,DFS,1,22005,27330,22012,4.000,65793,480056,480056
24,200,200,50,1,5,2647275479,BFS,1,86,8726,163,1.000,262,480056,480056
24,200,200,50,1,5,2647275479,DFS,1,3924,39211,27268,9.000,11911,480056,480056
25,200,200,50,1,5,2665666585,BFS,1,162,16935,191,3.000,511,480056,480056
25,200,200,50,1,5,2665666585,DFS,1,10456,12741,10472,2.000,31450,480056,480056
26,200,200,50,1,5,493787427,BFS,1,236,34319,220,3.000,678,480056,480056
26,200,200,50,1,5,493787427,DFS,1,26474,33249,26475,4.000,79085,480056,480056
27,200,200,50,1,5,2785220327,BFS,1,127,25613,343,2.000,403,480056,480056
27,200,200,50,1,5,2785220327,DFS,1,12015,14605,12019,2.000,36228,480056,480056
28,200,200,50,1,5,3101473101,BFS,1,115,20766,316,2.000,366,480056,480056
28,200,200,50,1,5,3101473101,DFS,1,7489,8984,7490,1.000,22616,480056,480056
29,200,200,50,1,5,3347315620,BFS,1,45,2941,116,1.000,147,480056,480056
29,200,200,50,1,5,3347315620,DFS,1,11133,13582,11134,1.000,33520,480056,480056
30,200,200,50,1,5,172771971,BFS,1,171,19746,204,2.000,518,480056,480056
30,200,200,50,1,5,172771971,DFS,1,9749,38631,27264,6.000,29238,480056,480056
31,200,200,50,1,5,1659820216,BFS,1,116,23740,376,3.000,371,480056,480056
31,200,200,50,1,5,1659820216,DFS,1,21456,26150,21457,3.000,64462,480056,480056
32,200,200,50,1,5,2564726418,BFS,1,182,23194,220,3.000,541,480056,480056
32,200,200,50,1,5,2564726418,DFS,1,5786,6989,5787,1.000,17437,480056,480056
33,200,200,50,1,5,257692497,BFS,1,87,12772,271,1.000,263,480056,480056
33,200,200,50,1,5,257692497,DFS,1,26263,32885,26264,4.000,79099,480056,480056
34,200,200,50,1,5,3602879228,BFS,1,229,34691,232,3.000,668,480056,480056
34,200,200,50,1,5,3602879228,DFS,1,23871,29330,23872,4.000,71434,480056,480056
35,200,200,50,1,5,2661665321,BFS,1,298,39898,231,4.000,894,480056,480056
35,200,200,50,1,5,2661665321,DFS,1,1378,1823,1379,1.000,4121,480056,480056
36,200,200,50,1,5,2805213860,BFS,1,44,3210,135,0.000,125,480056,480056
36,200,200,50,1,5,2805213860,DFS,1,9488,38088,27468,6.000,28405,480056,480056
37,200,200,50,1,5,2109984429,BFS,1,76,10327,276,1.000,248,480056,480056
37,200,200,50,1,5,2109984429,DFS,1,12666,15356,12667,2.000,37989,480056,480056
38,200,200,50,1,5,82472191,BFS,1,179,38598,387,4.000,532,480056,480056
38,200,200,50,1,5,82472191,DFS,1,247,249,248,0.000,726,480056,480056
39,200,200,50,1,5,1915543294,BFS,1,169,17715,196,2.000,525,480056,480056
39,200,200,50,1,5,1915543294,DFS,1,10641,12908,10642,3.000,31922,480056,480056
40,200,200,50,1,5,1355967264,BFS,1,98,14738,246,2.000,283,480056,480056
40,200,200,50,1,5,1355967264,DFS,1,1922,2493,1923,1.000,5646,480056,480056
41,200,200,50,1,5,2887798688,BFS,1,39,1633,83,0.000,119,480056,480056
41,200,200,50,1,5,2887798688,DFS,1,23779,34946,27385,5.000,71671,480056,480056
42,200,200,50,1,5,936871087,BFS,1,135,20090,226,2.000,398,480056,480056
42,200,200,50,1,5,936871087,DFS,1,9463,11773,9464,1.000,28482,480056,480056
43,200,200,50,1,5,398747666,BFS,1,173,15538,178,1.000,518,480056,480056
43,200,200,50,1,5,398747666,DFS,1,11365,13970,11366,2.000,34208,480056,480056
44,200,200,50,1,5,2316115424,BFS,1,97,10469,209,1.000,304,480056,480056
44,200,200,50,1,5,2316115424,DFS,1,24977,30866,24978,4.000,75205,480056,480056
45,200,200,50,1,5,1740551263,BFS,1,162,22522,227,2.000,501,480056,480056
45,200,200,50,1,5,1740551263,DFS,1,21646,26468,21647,5.000,64971,480056,480056
46,200,200,50,1,5,2551012502,BFS,1,163,25572,259,2.000,476,480056,480056
46,200,200,50,1,5,2551012502,DFS,1,11885,15504,11886,1.000,35761,480056,480056
47,200,200,50,1,5,2435754558,BFS,1,96,9407,197,1.000,298,480056,480056
47,200,200,50,1,5,2435754558,DFS,1,27044,33354,27045,5.000,81141,480056,480056
48,200,200,50,1,5,1765721248,BFS,1,143,21978,249,2.000,441,480056,480056
48,200,200,50,1,5,1765721248,DFS,1,17971,22116,17972,2.000,53686,480056,480056
49,200,200,50,1,5,854145377,BFS,1,90,14748,336,2.000,271,480056,480056
49,200,200,50,1,5,854145377,DFS,1,7494,9026,7495,1.000,22599,480056,480056
50,200,200,50,1,5,1989195390,BFS,1,167,29505,265,3.000,524,480056,480056
50,200,200,50,1,5,1989195390,DFS,1,9559,11947,9560,2.000,28548,480056,480056
51,200,200,50,1,5,3197576104,BFS,1,145,12171,161,1.000,434,480056,480056
51,200,200,50,1,5,3197576104,DFS,1,9251,11276,9252,2.000,27701,480056,480056
52,200,200,50,1,5,2764979654,BFS,1,107,18325,283,2.000,350,480056,480056
52,200,200,50,1,5,2764979654,DFS,1,9169,11154,9170,1.000,27448,480056,480056
53,200,200,50,1,5,3616361848,BFS,1,9,111,26,0.000,20,480056,480056
53,200,200,50,1,5,3616361848,DFS,1,2801,3732,2802,0.000,8317,480056,480056
54,200,200,50,1,5,772226958,BFS,1,216,30936,224,3.000,643,480056,480056
54,200,200,50,1,5,772226958,DFS,1,4762,5657,4763,1.000,13989,480056,480056
55,200,200,50,1,5,1286478816,BFS,1,237,31748,213,3.000,701,480056,480056
55,200,200,50,1,5,1286478816,DFS,1,10219,12461,10220,1.000,30643,480056,480056
56,200,200,50,1,5,336842501,BFS,1,146,27830,300,2.000,415,480056,480056
56,200,200,50,1,5,336842501,DFS,1,9146,11850,9147,1.000,27601,480056,480056
57,200,200,50,1,5,128645602,BFS,1,74,7611,187,0.000,231,480056,480056
57,200,200,50,1,5,128645602,DFS,1,8068,10022,8069,2.000,24305,480056,480056
58,200,200,50,1,5,40183241,BFS,1,124,14708,220,1.000,378,480056,480056
58,200,200,50,1,5,40183241,DFS,1,23184,28563,23208,3.000,70043,480056,480056
59,200,200,50,1,5,2828493252,BFS,1,133,18230,201,2.000,380,480056,480056
59,200,200,50,1,5,2828493252,DFS,1,15029,18553,15030,2.000,44965,480056,480056
60,200,200,50,1,5,2689375145,BFS,1,155,27809,256,3.000,469,480056,480056
60,200,200,50,1,5,2689375145,DFS,1,17471,21097,17472,3.000,51970,480056,480056
61,200,200,50,1,5,355462618,BFS,1,135,18009,225,2.000,415,480056,480056
61,200,200,50,1,5,355462618,DFS,1,21009,25594,21010,3.000,63204,480056,480056
62,200,200,50,1,5,4106338326,BFS,1,198,30629,228,3.000,613,480056,480056
62,200,200,50,1,5,4106338326,DFS,1,24260,34761,27309,5.000,73031,480056,480056
63,200,200,50,1,5,2918635915,BFS,1,159,33092,337,3.000,477,480056,480056
63,200,200,50,1,5,2918635915,DFS,1,9205,11146,9206,1.000,27497,480056,480056
64,200,200,50,1,5,1552065772,BFS,1,104,11938,168,1.000,325,480056,480056
64,200,200,50,1,5,1552065772,DFS,1,526,730,527,0.000,1552,480056,480056
65,200,200,50,1,5,1341230376,BFS,1,105,14106,242,1.000,321,480056,480056
65,200,200,50,1,5,1341230376,DFS,1,6869,38541,26811,7.000,20812,480056,480056
66,200,200,50,1,5,2447681561,BFS,1,262,35474,238,4.000,796,480056,480056
66,200,200,50,1,5,2447681561,DFS,1,2138,2436,2139,0.000,6379,480056,480056
67,200,200,50,1,5,119464402,BFS,1,129,17517,229,2.000,429,480056,480056
67,200,200,50,1,5,119464402,DFS,1,24385,30364,24386,3.000,72837,480056,480056
68,200,200,50,1,5,1133644558,BFS,1,136,30609,401,3.000,413,480056,480056
68,200,200,50,1,5,1133644558,DFS,1,23088,29587,23089,3.000,69285,480056,480056
69,200,200,50,1,5,1792639611,BFS,1,139,25512,297,3.000,433,480056,480056
69,200,200,50,1,5,1792639611,DFS,1,12709,15624,12710,2.000,38116,480056,480056
70,200,200,50,1,5,573631549,BFS,1,159,28772,263,3.000,461,480056,480056
70,200,200,50,1,5,573631549,DFS,1,14201,18157,14202,2.000,42759,480056,480056
71,200,200,50,1,5,3777052303,BFS,1,244,31639,239,3.000,721,480056,480056
71,200,200,50,1,5,3777052303,DFS,1,12536,15721,12537,2.000,37804,480056,480056
72,200,200,50,1,5,3463966475,BFS,1,169,30198,259,4.000,486,480056,480056
72,200,200,50,1,5,3463966475,DFS,1,5105,6270,5106,0.000,15184,480056,480056
73,200,200,50,1,5,1614469653,BFS,1,168,19002,209,2.000,510,480056,480056
73,200,200,50,1,5,1614469653,DFS,1,9678,11935,9679,2.000,29009,480056,480056
74,200,200,50,1,5,102324723,BFS,1,64,7227,231,0.000,201,480056,480056
74,200,200,50,1,5,102324723,DFS,1,8584,10362,8585,2.000,25624,480056,480056
75,200,200,50,1,5,1740731621,BFS,1,63,3539,108,0.000,189,480056,480056
75,200,200,50,1,5,1740731621,DFS,1,23001,35192,25875,6.000,69427,480056,480056
76,200,200,50,1,5,1097425358,BFS,1,97,17012,361,1.000,295,480056,480056
76,200,200,50,1,5,1097425358,DFS,1,19233,24156,19234,4.000,57914,480056,480056
77,200,200,50,1,5,2025113453,BFS,1,236,29776,228,3.000,720,480056,480056
77,200,200,50,1,5,2025113453,DFS,1,11984,14448,11985,1.000,36010,480056,480056
78,200,200,50,1,5,355038137,BFS,1,185,24516,218,2.000,555,480056,480056
78,200,200,50,1,5,355038137,DFS,1,9497,11651,9498,1.000,28434,480056,480056
79,200,200,50,1,5,3545293504,BFS,1,108,10678,159,1.000,326,480056,480056
79,200,200,50,1,5,3545293504,DFS,1,13728,16410,13729,2.000,41138,480056,480056
80,200,200,50,1,5,3716240095,BFS,1,193,34262,274,4.000,577,480056,480056
80,200,200,50,1,5,3716240095,DFS,1,7069,8436,7070,1.000,21122,480056,480056
81,200,200,50,1,5,1247214224,BFS,1,40,2750,143,1.000,106,480056,480056
81,200,200,50,1,5,1247214224,DFS,1,9334,11808,9343,2.000,27938,480056,480056
82,200,200,50,1,5,3700018020,BFS,1,78,8865,202,0.000,246,480056,480056
82,200,200,50,1,5,3700018020,DFS,1,3890,4920,3891,0.000,11794,480056,480056
83,200,200,50,1,5,3475098533,BFS,1,200,36968,308,3.000,615,480056,480056
83,200,200,50,1,5,3475098533,DFS,1,26554,33539,26555,5.000,79419,480056,480056
84,200,200,50,1,5,1477396097,BFS,1,101,8706,159,1.000,302,480056,480056
84,200,200,50,1,5,1477396097,DFS,1,13633,16583,13634,2.000,41040,480056,480056
85,200,200,50,1,5,809479440,BFS,1,68,6392,149,0.000,198,480056,480056
85,200,200,50,1,5,809479440,DFS,1,24392,30482,24393,4.000,73590,480056,480056
86,200,200,50,1,5,3159391701,BFS,1,104,11688,218,1.000,298,480056,480056
86,200,200,50,1,5,3159391701,DFS,1,2092,2473,2093,0.000,6159,480056,480056
87,200,200,50,1,5,861085829,BFS,1,89,12325,230,2.000,242,480056,480056
87,200,200,50,1,5,861085829,DFS,1,5367,6493,5369,0.000,16121,480056,480056
88,200,200,50,1,5,3594803266,BFS,1,33,1857,111,0.000,109,480056,480056
88,200,200,50,1,5,3594803266,DFS,1,18851,23695,18852,3.000,56839,480056,480056
89,200,200,50,1,5,1645200461,BFS,1,159,18755,205,2.000,457,480056,480056
89,200,200,50,1,5,1645200461,DFS,1,14063,17382,14064,2.000,41986,480056,480056
90,200,200,50,1,5,1555092377,BFS,1,146,28652,292,3.000,449,480056,480056
90,200,200,50,1,5,1555092377,DFS,1,2138,2593,2142,0.000,6503,480056,480056
91,200,200,50,1,5,3359944626,BFS,1,152,32409,341,4.000,438,480056,480056
91,200,200,50,1,5,3359944626,DFS,1,13370,16441,13371,3.000,40062,480056,480056
92,200,200,50,1,5,2021904717,BFS,1,122,23879,334,3.000,359,480056,480056
92,200,200,50,1,5,2021904717,DFS,1,26998,34570,26999,4.000,80990,480056,480056
93,200,200,50,1,5,1422434946,BFS,1,86,11560,245,2.000,271,480056,480056
93,200,200,50,1,5,1422434946,DFS,1,8894,11024,8895,1.000,26516,480056,480056
94,200,200,50,1,5,3447609547,BFS,1,121,20445,278,3.000,344,480056,480056
94,200,200,50,1,5,3447609547,DFS,1,4175,5016,4176,0.000,12536,480056,480056
95,200,200,50,1,5,3440162374,BFS,1,75,8801,203,1.000,214,480056,480056
95,200,200,50,1,5,3440162374,DFS,1,5993,7701,5994,1.000,18012,480056,480056
96,200,200,50,1,5,2779870743,BFS,1,13,254,48,0.000,51,480056,480056
96,200,200,50,1,5,2779870743,DFS,1,13151,16346,13153,2.000,39417,480056,480056
97,200,200,50,1,5,1969664540,BFS,1,234,34974,241,4.000,723,480056,480056
97,200,200,50,1,5,1969664540,DFS,1,12432,37387,27697,6.000,37398,480056,480056
98,200,200,50,1,5,2130584625,BFS,1,208,34687,240,3.000,619,480056,480056
98,200,200,50,1,5,2130584625,DFS,1,14328,17659,14329,3.000,43045,480056,480056
99,200,200,50,1,5,3807862295,BFS,1,161,20817,214,2.000,475,480056,480056
99,200,200,50,1,5,3807862295,DFS,1,8645,10706,8646,1.000,25995,480056,480056
100,200,200,50,1,5,488532794,BFS,1,79,6391,161,1.000,221,480056,480056
100,200,200,50,1,5,488532794,DFS,1,23721,30606,23722,4.000,71083,480056,480056
1,200,200,75,1,5,1695646376,BFS,1,103,13291,226,2.000,305,480056,480056
1,200,200,75,1,5,1695646376,DFS,1,12919,36118,17422,6.000,38667,480056,480056
2,200,200,75,1,5,4169471054,BFS,1,177,35465,386,4.000,564,480056,480056
2,200,200,75,1,5,4169471054,DFS,1,663,842,664,0.000,1987,480056,480056
3,200,200,75,1,5,3444092919,BFS,1,211,20137,194,2.000,639,480056,480056
3,200,200,75,1,5,3444092919,DFS,1,3135,4670,3136,1.000,9402,480056,480056
4,200,200,75,1,5,3266038622,BFS,1,243,36515,243,4.000,692,480056,480056
4,200,200,75,1,5,3266038622,DFS,1,17681,28486,17682,4.000,53099,480056,480056
5,200,200,75,1,5,1533831904,BFS,1,199,31004,263,3.000,573,480056,480056
5,200,200,75,1,5,1533831904,DFS,1,9817,15806,9821,2.000,29403,480056,480056
6,200,200,75,1,5,2593767305,BFS,1,251,31905,244,3.000,724,480056,480056
6,200,200,75,1,5,2593767305,DFS,1,4459,6904,4466,1.000,13414,480056,480056
7,200,200,75,1,5,2169205997,BFS,1,252,27162,234,3.000,746,480056,480056
7,200,200,75,1,5,2169205997,DFS,1,5068,22572,12155,4.000,15188,480056,480056
8,200,200,75,1,5,3553028629,BFS,1,116,13038,210,1.000,343,480056,480056
8,200,200,75,1,5,3553028629,DFS,1,16340,24567,16367,4.000,48717,480056,480056
9,200,200,75,1,5,677567805,BFS,1,152,14902,178,2.000,450,480056,480056
9,200,200,75,1,5,677567805,DFS,1,13646,31927,19440,9.000,40646,480056,480056
10,200,200,75,1,5,3537126384,BFS,1,67,5147,159,0.000,203,480056,480056
10,200,200,75,1,5,3537126384,DFS,1,1201,1629,1203,0.000,3535,480056,480056
11,200,200,75,1,5,147583517,BFS,1,112,10092,149,0.000,339,480056,480056
11,200,200,75,1,5,147583517,DFS,1,15564,23445,15565,4.000,47115,480056,480056
12,200,200,75,1,5,1439928857,BFS,1,215,33194,235,4.000,627,480056,480056
12,200,200,75,1,5,1439928857,DFS,1,3219,4648,3220,1.000,9687,480056,480056
13,200,200,75,1,5,2983942790,BFS,1,53,2329,102,1.000,152,480056,480056
13,200,200,75,1,5,2983942790,DFS,1,9441,13014,9442,1.000,28291,480056,480056
14,200,200,75,1,5,1797520554,BFS,1,36,1266,98,0.000,114,480056,480056
14,200,200,75,1,5,1797520554,DFS,1,6924,10814,6925,2.000,20717,480056,480056
15,200,200,75,1,5,2817078430,BFS,1,205,26678,223,2.000,608,480056,480056
15,200,200,75,1,5,2817078430,DFS,1,1819,2377,1822,1.000,5496,480056,480056
16,200,200,75,1,5,2915769171,BFS,1,92,6250,153,1.000,290,480056,480056
16,200,200,75,1,5,2915769171,DFS,1,18436,29358,18522,4.000,55509,480056,480056
17,200,200,75,1,5,4119296073,BFS,1,273,39253,252,5.000,844,480056,480056
17,200,200,75,1,5,4119296073,DFS,1,18571,31601,18572,4.000,55694,480056,480056
18,200,200,75,1,5,69824352,BFS,1,126,20646,281,2.000,372,480056,480056
18,200,200,75,1,5,69824352,DFS,1,9180,15838,9181,3.000,27291,480056,480056
19,200,200,75,1,5,1439073305,BFS,1,101,12224,224,2.000,312,480056,480056
19,200,200,75,1,5,1439073305,DFS,1,6367,36780,19577,7.000,19088,480056,480056
20,200,200,75,1,5,3739618105,BFS,1,156,16987,210,2.000,420,480056,480056
20,200,200,75,1,5,3739618105,DFS,1,10194,16563,10195,2.000,30558,480056,480056
21,200,200,75,1,5,814689865,BFS,1,138,12209,193,1.000,413,480056,480056
21,200,200,75,1,5,814689865,DFS,1,5686,10879,5775,1.000,17205,480056,480056
22,200,200,75,1,5,628452215,BFS,1,138,10496,152,1.000,388,480056,480056
22,200,200,75,1,5,628452215,DFS,1,5812,8050,5814,1.000,17582,480056,480056
23,200,200,75,1,5,1615291557,BFS,1,125,12260,203,1.000,367,480056,480056
23,200,200,75,1,5,1615291557,DFS,1,14765,22781,14766,3.000,44322,480056,480056
24,200,200,75,1,5,3525442142,BFS,1,104,9578,163,1.000,300,480056,480056
24,200,200,75,1,5,3525442142,DFS,1,1542,38312,18770,7.000,4748,480056,480056
25,200,200,75,1,5,25741761,BFS,1,184,16337,183,1.000,521,480056,480056
25,200,200,75,1,5,25741761,DFS,1,8822,36129,18645,6.000,26417,480056,480056
26,200,200,75,1,5,4226039707,BFS,1,240,30646,208,3.000,732,480056,480056
26,200,200,75,1,5,4226039707,DFS,1,19664,31695,19665,4.000,58995,480056,480056
27,200,200,75,1,5,3644370644,BFS,1,143,23912,328,3.000,446,480056,480056
27,200,200,75,1,5,3644370644,DFS,1,10851,16611,10852,3.000,32640,480056,480056
28,200,200,75,1,5,2737876604,BFS,1,141,23807,313,2.000,402,480056,480056
28,200,200,75,1,5,2737876604,DFS,1,7943,12503,7944,2.000,23945,480056,480056
29,200,200,75,1,5,2170190249,BFS,1,55,2931,114,0.000,170,480056,480056
29,200,200,75,1,5,2170190249,DFS,1,9127,35938,16658,6.000,27503,480056,480056
30,200,200,75,1,5,381814573,BFS,1,183,18182,204,1.000,531,480056,480056
30,200,200,75,1,5,381814573,DFS,1,5345,7677,5356,1.000,16157,480056,480056
31,200,200,75,1,5,1510637951,BFS,1,124,21781,371,2.000,385,480056,480056
31,200,200,75,1,5,1510637951,DFS,1,14666,21514,14667,3.000,44130,480056,480056
32,200,200,75,1,5,521477383,BFS,1,200,22118,205,2.000,608,480056,480056
32,200,200,75,1,5,521477383,DFS,1,4818,9314,4819,2.000,14321,480056,480056
33,200,200,75,1,5,1092411334,BFS,1,89,11675,271,1.000,260,480056,480056
33,200,200,75,1,5,1092411334,DFS,1,19255,31242,19273,5.000,57842,480056,480056
34,200,200,75,1,5,2854431366,BFS,1,237,33255,230,4.000,704,480056,480056
34,200,200,75,1,5,2854431366,DFS,1,16965,28691,16966,5.000,50910,480056,480056
35,200,200,75,1,5,1944918307,BFS,1,320,39899,209,4.000,970,480056,480056
35,200,200,75,1,5,1944918307,DFS,1,2246,3172,2251,0.000,6830,480056,480056
36,200,200,75,1,5,1260035310,BFS,1,54,3556,127,0.000,151,480056,480056
36,200,200,75,1,5,1260035310,DFS,1,6338,11756,6339,2.000,19046,480056,480056
37,200,200,75,1,5,227509250,BFS,1,92,11307,270,1.000,274,480056,480056
37,200,200,75,1,5,227509250,DFS,1,9498,35089,17982,6.000,28532,480056,480056
38,200,200,75,1,5,754941677,BFS,1,185,38176,384,4.000,562,480056,480056
38,200,200,75,1,5,754941677,DFS,1,363,409,364,0.000,1076,480056,480056
39,200,200,75,1,5,2647025464,BFS,1,195,18631,200,1.000,597,480056,480056
39,200,200,75,1,5,2647025464,DFS,1,11233,35818,17940,6.000,33609,480056,480056
40,200,200,75,1,5,2759938847,BFS,1,106,13757,239,2.000,336,480056,480056
40,200,200,75,1,5,2759938847,DFS,1,1740,39395,20266,6.000,5103,480056,480056
41,200,200,75,1,5,1700417130,BFS,1,45,1406,77,0.000,139,480056,480056
41,200,200,75,1,5,1700417130,DFS,1,16741,31232,18983,4.000,50427,480056,480056
42,200,200,75,1,5,1435453916,BFS,1,141,18184,218,2.000,417,480056,480056
42,200,200,75,1,5,1435453916,DFS,1,5015,7234,5016,1.000,15015,480056,480056
43,200,200,75,1,5,2728862120,BFS,1,195,15287,166,2.000,603,480056,480056
43,200,200,75,1,5,2728862120,DFS,1,8991,13265,8992,1.000,27049,480056,480056
44,200,200,75,1,5,518451218,BFS,1,119,10848,183,1.000,344,480056,480056
44,200,200,75,1,5,518451218,DFS,1,17947,28628,18524,4.000,53942,480056,480056
45,200,200,75,1,5,2470583342,BFS,1,176,20907,213,2.000,539,480056,480056
45,200,200,75,1,5,2470583342,DFS,1,18834,27985,18835,4.000,56616,480056,480056
46,200,200,75,1,5,3402484145,BFS,1,185,25351,258,2.000,574,480056,480056
46,200,200,75,1,5,3402484145,DFS,1,10761,35137,19395,7.000,32439,480056,480056
47,200,200,75,1,5,976026604,BFS,1,110,9422,177,1.000,326,480056,480056
47,200,200,75,1,5,976026604,DFS,1,19800,30069,19801,4.000,59458,480056,480056
48,200,200,75,1,5,1276945019,BFS,1,171,23693,232,2.000,497,480056,480056
48,200,200,75,1,5,1276945019,DFS,1,10707,20068,10708,3.000,31983,480056,480056
49,200,200,75,1,5,1961119608,BFS,1,96,13286,292,2.000,298,480056,480056
49,200,200,75,1,5,1961119608,DFS,1,4390,6929,4391,1.000,13229,480056,480056
50,200,200,75,1,5,4285514650,BFS,1,193,31205,257,4.000,598,480056,480056
50,200,200,75,1,5,4285514650,DFS,1,667,863,668,0.000,1978,480056,480056
51,200,200,75,1,5,250830654,BFS,1,169,12662,148,1.000,508,480056,480056
51,200,200,75,1,5,250830654,DFS,1,3677,38751,20918,7.000,11100,480056,480056
52,200,200,75,1,5,290739880,BFS,1,121,16914,272,1.000,387,480056,480056
52,200,200,75,1,5,290739880,DFS,1,10255,14926,10256,2.000,30769,480056,480056
53,200,200,75,1,5,1412399372,BFS,1,13,131,22,0.000,30,480056,480056
53,200,200,75,1,5,1412399372,DFS,1,1671,2248,1690,0.000,4970,480056,480056
54,200,200,75,1,5,3139025538,BFS,1,244,31047,225,3.000,723,480056,480056
54,200,200,75,1,5,3139025538,DFS,1,4236,36010,17808,7.000,12541,480056,480056
55,200,200,75,1,5,2653025495,BFS,1,267,31398,217,3.000,805,480056,480056
55,200,200,75,1,5,2653025495,DFS,1,7271,10803,7272,1.000,21711,480056,480056
56,200,200,75,1,5,3997784255,BFS,1,168,28754,287,3.000,497,480056,480056
56,200,200,75,1,5,3997784255,DFS,1,1622,39378,18042,8.000,4864,480056,480056
57,200,200,75,1,5,4063611242,BFS,1,88,8275,177,0.000,279,480056,480056
57,200,200,75,1,5,4063611242,DFS,1,5032,7977,5033,1.000,15107,480056,480056
58,200,200,75,1,5,4235700810,BFS,1,148,16693,211,2.000,453,480056,480056
58,200,200,75,1,5,4235700810,DFS,1,16236,24724,16237,3.000,48952,480056,480056
59,200,200,75,1,5,3934706255,BFS,1,137,15953,196,1.000,406,480056,480056
59,200,200,75,1,5,3934706255,DFS,1,10009,15560,10010,2.000,29610,480056,480056
60,200,200,75,1,5,2730452397,BFS,1,165,26443,246,3.000,503,480056,480056
60,200,200,75,1,5,2730452397,DFS,1,14999,22586,15005,3.000,44994,480056,480056
61,200,200,75,1,5,2652717903,BFS,1,143,16999,224,2.000,419,480056,480056
61,200,200,75,1,5,2652717903,DFS,1,14775,25309,14776,3.000,44283,480056,480056
62,200,200,75,1,5,2970279335,BFS,1,220,31154,227,4.000,639,480056,480056
62,200,200,75,1,5,2970279335,DFS,1,16888,26278,16889,3.000,50727,480056,480056
63,200,200,75,1,5,2395365194,BFS,1,165,31459,322,3.000,489,480056,480056
63,200,200,75,1,5,2395365194,DFS,1,4629,38553,17445,7.000,13868,480056,480056
64,200,200,75,1,5,2172707843,BFS,1,112,11082,155,1.000,341,480056,480056
64,200,200,75,1,5,2172707843,DFS,1,3138,5071,3177,1.000,9414,480056,480056
65,200,200,75,1,5,2096957325,BFS,1,113,13062,224,2.000,346,480056,480056
65,200,200,75,1,5,2096957325,DFS,1,5139,36477,16463,5.000,15456,480056,480056
66,200,200,75,1,5,3364381553,BFS,1,286,36405,235,4.000,857,480056,480056
66,200,200,75,1,5,3364381553,DFS,1,2502,3229,2505,0.000,7545,480056,480056
67,200,200,75,1,5,2726689197,BFS,1,143,16874,205,2.000,401,480056,480056
67,200,200,75,1,5,2726689197,DFS,1,15335,22992,15338,3.000,46000,480056,480056
68,200,200,75,1,5,834811179,BFS,1,144,27950,407,3.000,437,480056,480056
68,200,200,75,1,5,834811179,DFS,1,16140,28532,16141,4.000,48529,480056,480056
69,200,200,75,1,5,2925965514,BFS,1,155,25091,261,3.000,473,480056,480056
69,200,200,75,1,5,2925965514,DFS,1,9647,14238,9648,2.000,28752,480056,480056
70,200,200,75,1,5,4122233834,BFS,1,173,26829,242,3.000,529,480056,480056
70,200,200,75,1,5,4122233834,DFS,1,11415,17191,11417,2.000,34277,480056,480056
71,200,200,75,1,5,3602892017,BFS,1,262,30482,243,3.000,765,480056,480056
71,200,200,75,1,5,3602892017,DFS,1,8936,35475,18230,6.000,26791,480056,480056
72,200,200,75,1,5,109437707,BFS,1,173,27554,242,2.000,526,480056,480056
72,200,200,75,1,5,109437707,DFS,1,4739,6566,4740,1.000,14173,480056,480056
73,200,200,75,1,5,965318546,BFS,1,186,18440,184,2.000,526,480056,480056
73,200,200,75,1,5,965318546,DFS,1,5930,8838,5931,1.000,17804,480056,480056
74,200,200,75,1,5,3250510823,BFS,1,72,6896,195,1.000,228,480056,480056
74,200,200,75,1,5,3250510823,DFS,1,5506,8259,5507,1.000,16364,480056,480056
75,200,200,75,1,5,2423436707,BFS,1,69,3567,113,0.000,206,480056,480056
75,200,200,75,1,5,2423436707,DFS,1,17407,32456,19483,5.000,52654,480056,480056
76,200,200,75,1,5,3862212713,BFS,1,107,16482,323,2.000,342,480056,480056
76,200,200,75,1,5,3862212713,DFS,1,11025,19037,11050,2.000,33153,480056,480056
77,200,200,75,1,5,2355297826,BFS,1,252,27701,228,3.000,755,480056,480056
77,200,200,75,1,5,2355297826,DFS,1,6950,11313,6951,2.000,20758,480056,480056
78,200,200,75,1,5,1900543869,BFS,1,197,23014,214,2.000,622,480056,480056
78,200,200,75,1,5,1900543869,DFS,1,6617,9941,6618,2.000,20060,480056,480056
79,200,200,75,1,5,3174894078,BFS,1,124,11000,146,1.000,376,480056,480056
79,200,200,75,1,5,3174894078,DFS,1,9396,14386,9412,2.000,28186,480056,480056
80,200,200,75,1,5,1742131275,BFS,1,213,33829,256,3.000,642,480056,480056
80,200,200,75,1,5,1742131275,DFS,1,2939,3965,2946,1.000,8953,480056,480056
81,200,200,75,1,5,1353005393,BFS,1,46,2674,128,0.000,146,480056,480056
81,200,200,75,1,5,1353005393,DFS,1,7008,10056,7017,1.000,21003,480056,480056
82,200,200,75,1,5,3985702806,BFS,1,86,7870,174,1.000,255,480056,480056
82,200,200,75,1,5,3985702806,DFS,1,1794,2469,1795,0.000,5368,480056,480056
83,200,200,75,1,5,428942445,BFS,1,230,37640,288,4.000,709,480056,480056
83,200,200,75,1,5,428942445,DFS,1,17598,32436,18137,5.000,52842,480056,480056
84,200,200,75,1,5,1807796969,BFS,1,111,8589,151,0.000,334,480056,480056
84,200,200,75,1,5,1807796969,DFS,1,9639,17558,9640,2.000,29037,480056,480056
85,200,200,75,1,5,104150006,BFS,1,82,6896,144,1.000,234,480056,480056
85,200,200,75,1,5,104150006,DFS,1,16520,25294,16701,3.000,49768,480056,480056
86,200,200,75,1,5,3002903569,BFS,1,114,10940,192,1.000,337,480056,480056
86,200,200,75,1,5,3002903569,DFS,1,2010,2966,2014,1.000,5901,480056,480056
87,200,200,75,1,5,1226699524,BFS,1,99,11853,228,1.000,301,480056,480056
87,200,200,75,1,5,1226699524,DFS,1,2725,4698,2726,1.000,8249,480056,480056
88,200,200,75,1,5,102011023,BFS,1,39,1978,103,0.000,120,480056,480056
88,200,200,75,1,5,102011023,DFS,1,14895,21193,14896,5.000,44829,480056,480056
89,200,200,75,1,5,3600878577,BFS,1,189,20622,207,2.000,595,480056,480056
89,200,200,75,1,5,3600878577,DFS,1,10795,16336,10796,2.000,32409,480056,480056
90,200,200,75,1,5,3114631855,BFS,1,168,29567,287,4.000,482,480056,480056
90,200,200,75,1,5,3114631855,DFS,1,906,1139,907,0.000,2694,480056,480056
91,200,200,75,1,5,2691055924,BFS,1,182,35096,347,3.000,539,480056,480056
91,200,200,75,1,5,2691055924,DFS,1,9438,13943,9439,2.000,28172,480056,480056
92,200,200,75,1,5,4110150049,BFS,1,126,20761,291,2.000,381,480056,480056
92,200,200,75,1,5,4110150049,DFS,1,19108,30709,19109,4.000,57310,480056,480056
93,200,200,75,1,5,3125996007,BFS,1,108,14275,244,2.000,344,480056,480056
93,200,200,75,1,5,3125996007,DFS,1,7548,11978,7549,2.000,22480,480056,480056
94,200,200,75,1,5,2027875533,BFS,1,133,20036,258,2.000,356,480056,480056
94,200,200,75,1,5,2027875533,DFS,1,4857,7244,4858,1.000,14743,480056,480056
95,200,200,75,1,5,1691992057,BFS,1,97,10612,201,1.000,302,480056,480056
95,200,200,75,1,5,1691992057,DFS,1,1279,39777,18101,9.000,3876,480056,480056
96,200,200,75,1,5,3267320534,BFS,1,19,245,42,0.000,58,480056,480056
96,200,200,75,1,5,3267320534,DFS,1,6231,9188,6232,2.000,18621,480056,480056
97,200,200,75,1,5,2964779266,BFS,1,252,33471,221,4.000,746,480056,480056
97,200,200,75,1,5,2964779266,DFS,1,14144,20820,14151,4.000,42427,480056,480056
98,200,200,75,1,5,952771132,BFS,1,252,36912,234,3.000,790,480056,480056
98,200,200,75,1,5,952771132,DFS,1,10988,16445,10989,3.000,33126,480056,480056
99,200,200,75,1,5,2167698649,BFS,1,189,21748,208,2.000,572,480056,480056
99,200,200,75,1,5,2167698649,DFS,1,5613,8544,5614,1.000,16825,480056,480056
100,200,200,75,1,5,3874688732,BFS,1,81,5057,132,1.000,241,480056,480056
100,200,200,75,1,5,3874688732,DFS,1,15173,24385,15174,3.000,45572,480056,480056
1,200,200,100,1,5,3453022465,BFS,1,8715,20517,22,2.000,26030,480056,480056
1,200,200,100,1,5,3453022465,DFS,1,8715,33271,14767,5.000,26030,480056,480056
2,200,200,100,1,5,2828034711,BFS,1,3049,5404,8,0.000,9246,480056,480056
2,200,200,100,1,5,2828034711,DFS,1,3049,39363,12294,8.000,9246,480056,480056
3,200,200,100,1,5,3433254965,BFS,1,3425,6804,13,1.000,10260,480056,480056
3,200,200,100,1,5,3433254965,DFS,1,3425,4541,3426,0.000,10260,480056,480056
4,200,200,100,1,5,231683528,BFS,1,7773,17989,15,2.000,23394,480056,480056
4,200,200,100,1,5,231683528,DFS,1,7773,34151,15252,5.000,23394,480056,480056
5,200,200,100,1,5,2925140787,BFS,1,14699,38574,21,4.000,43921,480056,480056
5,200,200,100,1,5,2925140787,DFS,1,14699,22183,14700,3.000,43921,480056,480056
6,200,200,100,1,5,2835476302,BFS,1,4225,7218,9,1.000,12624,480056,480056
6,200,200,100,1,5,2835476302,DFS,1,4225,5803,4226,1.000,12624,480056,480056
7,200,200,100,1,5,632005347,BFS,1,13226,36353,19,3.000,39617,480056,480056
7,200,200,100,1,5,632005347,DFS,1,13226,21363,13594,3.000,39617,480056,480056
8,200,200,100,1,5,4071844197,BFS,1,9554,23130,17,2.000,28705,480056,480056
8,200,200,100,1,5,4071844197,DFS,1,9554,18440,9698,4.000,28705,480056,480056
9,200,200,100,1,5,3926368176,BFS,1,4400,10955,13,1.000,13369,480056,480056
9,200,200,100,1,5,3926368176,DFS,1,4400,35562,10962,5.000,13369,480056,480056
10,200,200,100,1,5,2767375465,BFS,1,12393,36666,23,4.000,37189,480056,480056
10,200,200,100,1,5,2767375465,DFS,1,12393,24909,13726,3.000,37189,480056,480056
11,200,200,100,1,5,1419690474,BFS,1,1874,3158,13,0.000,5569,480056,480056
11,200,200,100,1,5,1419690474,DFS,1,1874,2877,1875,1.000,5569,480056,480056
12,200,200,100,1,5,897100877,BFS,1,5943,11131,15,1.000,17813,480056,480056
12,200,200,100,1,5,897100877,DFS,1,5943,14327,7690,3.000,17813,480056,480056
13,200,200,100,1,5,3524524018,BFS,1,2871,6204,12,1.000,8676,480056,480056
13,200,200,100,1,5,3524524018,DFS,1,2871,4580,2872,0.000,8676,480056,480056
14,200,200,100,1,5,1716465161,BFS,1,750,894,4,0.000,2250,480056,480056
14,200,200,100,1,5,1716465161,DFS,1,750,39877,16872,7.000,2250,480056,480056
15,200,200,100,1,5,1219355982,BFS,1,10669,38666,21,4.000,31934,480056,480056
15,200,200,100,1,5,1219355982,DFS,1,10669,24557,10670,3.000,31934,480056,480056
16,200,200,100,1,5,722006979,BFS,1,7252,19147,18,2.000,21778,480056,480056
16,200,200,100,1,5,722006979,DFS,1,7252,33570,11561,7.000,21778,480056,480056
17,200,200,100,1,5,714989694,BFS,1,6255,17487,18,2.000,18596,480056,480056
17,200,200,100,1,5,714989694,DFS,1,6255,36321,11980,6.000,18596,480056,480056
18,200,200,100,1,5,2860019753,BFS,1,6004,14056,18,2.000,17971,480056,480056
18,200,200,100,1,5,2860019753,DFS,1,6004,8398,6005,1.000,17971,480056,480056
19,200,200,100,1,5,2325451394,BFS,1,5819,12914,15,2.000,17622,480056,480056
19,200,200,100,1,5,2325451394,DFS,1,5819,7993,5822,1.000,17622,480056,480056
20,200,200,100,1,5,1851656935,BFS,1,11618,37548,18,3.000,34773,480056,480056
20,200,200,100,1,5,1851656935,DFS,1,11618,28213,11619,5.000,34773,480056,480056
21,200,200,100,1,5,3892657582,BFS,1,1342,2150,9,0.000,4090,480056,480056
21,200,200,100,1,5,3892657582,DFS,1,1342,1506,1343,1.000,4090,480056,480056
22,200,200,100,1,5,427976185,BFS,1,8784,28753,16,3.000,26366,480056,480056
22,200,200,100,1,5,427976185,DFS,1,8784,14623,9547,1.000,26366,480056,480056
23,200,200,100,1,5,2714362460,BFS,1,4239,8806,14,1.000,12910,480056,480056
23,200,200,100,1,5,2714362460,DFS,1,4239,5065,4240,1.000,12910,480056,480056
24,200,200,100,1,5,2786196281,BFS,1,5196,9641,12,1.000,15660,480056,480056
24,200,200,100,1,5,2786196281,DFS,1,5196,36962,13682,12.000,15660,480056,480056
25,200,200,100,1,5,405499067,BFS,1,6298,16456,13,2.000,18970,480056,480056
25,200,200,100,1,5,405499067,DFS,1,6298,23842,10165,4.000,18970,480056,480056
26,200,200,100,1,5,1896213692,BFS,1,4314,8449,11,1.000,12914,480056,480056
26,200,200,100,1,5,1896213692,DFS,1,4314,39246,13490,8.000,12914,480056,480056
27,200,200,100,1,5,3878701514,BFS,1,5187,12307,19,2.000,15586,480056,480056
27,200,200,100,1,5,3878701514,DFS,1,5187,33790,13687,8.000,15586,480056,480056
28,200,200,100,1,5,1483237094,BFS,1,5717,11826,21,1.000,17127,480056,480056
28,200,200,100,1,5,1483237094,DFS,1,5717,7427,5784,1.000,17127,480056,480056
29,200,200,100,1,5,3527674121,BFS,1,6417,12910,15,1.000,19197,480056,480056
29,200,200,100,1,5,3527674121,DFS,1,6417,10329,6974,1.000,19197,480056,480056
30,200,200,100,1,5,2564281517,BFS,1,5865,17652,18,2.000,17581,480056,480056
30,200,200,100,1,5,2564281517,DFS,1,5865,9915,5878,3.000,17581,480056,480056
31,200,200,100,1,5,2772583014,BFS,1,8292,25192,16,2.000,24823,480056,480056
31,200,200,100,1,5,2772583014,DFS,1,8292,24943,8869,3.000,24823,480056,480056
32,200,200,100,1,5,3870629560,BFS,1,5542,10688,13,1.000,16549,480056,480056
32,200,200,100,1,5,3870629560,DFS,1,5542,6548,5555,0.000,16549,480056,480056
33,200,200,100,1,5,3517825689,BFS,1,1211,1904,9,0.000,3605,480056,480056
33,200,200,100,1,5,3517825689,DFS,1,1211,39528,13174,7.000,3605,480056,480056
34,200,200,100,1,5,1824924801,BFS,1,5671,14718,17,1.000,17180,480056,480056
34,200,200,100,1,5,1824924801,DFS,1,5671,38574,9198,7.000,17180,480056,480056
35,200,200,100,1,5,2198865404,BFS,1,10556,38790,25,4.000,31732,480056,480056
35,200,200,100,1,5,2198865404,DFS,1,10556,18566,10557,2.000,31732,480056,480056
36,200,200,100,1,5,756135005,BFS,1,8620,27946,22,3.000,25867,480056,480056
36,200,200,100,1,5,756135005,DFS,1,8620,19321,8817,3.000,25867,480056,480056
37,200,200,100,1,5,209698441,BFS,1,6596,17040,18,2.000,19829,480056,480056
37,200,200,100,1,5,209698441,DFS,1,6596,10848,6602,1.000,19829,480056,480056
38,200,200,100,1,5,437664563,BFS,1,2517,3879,9,0.000,7594,480056,480056
38,200,200,100,1,5,437664563,DFS,1,2517,2883,2518,1.000,7594,480056,480056
39,200,200,100,1,5,845937731,BFS,1,7459,19708,20,2.000,22393,480056,480056
39,200,200,100,1,5,845937731,DFS,1,7459,8818,7460,1.000,22393,480056,480056
40,200,200,100,1,5,1192939556,BFS,1,1620,2665,8,0.000,4789,480056,480056
40,200,200,100,1,5,1192939556,DFS,1,1620,2351,1621,0.000,4789,480056,480056
41,200,200,100,1,5,2323318763,BFS,1,1639,2279,8,0.000,4941,480056,480056
41,200,200,100,1,5,2323318763,DFS,1,1639,1985,1640,1.000,4941,480056,480056
42,200,200,100,1,5,245031072,BFS,1,8205,17929,15,2.000,24789,480056,480056
42,200,200,100,1,5,245031072,DFS,1,8205,10333,8206,1.000,24789,480056,480056
43,200,200,100,1,5,2520712477,BFS,1,4419,9538,14,1.000,13246,480056,480056
43,200,200,100,1,5,2520712477,DFS,1,4419,38154,14580,7.000,13246,480056,480056
44,200,200,100,1,5,1489712108,BFS,1,2331,6769,15,1.000,7173,480056,480056
44,200,200,100,1,5,1489712108,DFS,1,2331,37844,10343,7.000,7173,480056,480056
45,200,200,100,1,5,3078165621,BFS,1,8194,24116,23,3.000,24662,480056,480056
45,200,200,100,1,5,3078165621,DFS,1,8194,32412,11624,6.000,24662,480056,480056
46,200,200,100,1,5,3647667715,BFS,1,13017,37618,24,4.000,39204,480056,480056
46,200,200,100,1,5,3647667715,DFS,1,13017,27091,13295,5.000,39204,480056,480056
47,200,200,100,1,5,696159332,BFS,1,11328,34884,21,2.000,34279,480056,480056
47,200,200,100,1,5,696159332,DFS,1,11328,30135,12119,5.000,34279,480056,480056
48,200,200,100,1,5,2381078899,BFS,1,8457,19670,15,2.000,25397,480056,480056
48,200,200,100,1,5,2381078899,DFS,1,8457,15883,8482,2.000,25397,480056,480056
49,200,200,100,1,5,1551718758,BFS,1,5824,10480,12,1.000,17556,480056,480056
49,200,200,100,1,5,1551718758,DFS,1,5824,7327,5825,1.000,17556,480056,480056
50,200,200,100,1,5,392542933,BFS,1,6311,21320,21,2.000,18953,480056,480056
50,200,200,100,1,5,392542933,DFS,1,6311,8255,6312,1.000,18953,480056,480056
51,200,200,100,1,5,2830700280,BFS,1,7179,15383,13,1.000,21456,480056,480056
51,200,200,100,1,5,2830700280,DFS,1,7179,10562,7264,2.000,21456,480056,480056
52,200,200,100,1,5,2835495943,BFS,1,11623,35340,21,3.000,34970,480056,480056
52,200,200,100,1,5,2835495943,DFS,1,11623,18282,11673,2.000,34970,480056,480056
53,200,200,100,1,5,1078121960,BFS,1,857,1216,7,0.000,2556,480056,480056
53,200,200,100,1,5,1078121960,DFS,1,857,39702,15015,8.000,2556,480056,480056
54,200,200,100,1,5,3681911811,BFS,1,13932,37076,17,4.000,41427,480056,480056
54,200,200,100,1,5,3681911811,DFS,1,13932,30459,14293,7.000,41427,480056,480056
55,200,200,100,1,5,2799907265,BFS,1,11541,30226,18,3.000,34673,480056,480056
55,200,200,100,1,5,2799907265,DFS,1,11541,25912,14947,3.000,34673,480056,480056
56,200,200,100,1,5,2975907385,BFS,1,12790,34577,16,3.000,38183,480056,480056
56,200,200,100,1,5,2975907385,DFS,1,12790,23782,12791,4.000,38183,480056,480056
57,200,200,100,1,5,2800462244,BFS,1,8568,25156,19,2.000,25608,480056,480056
57,200,200,100,1,5,2800462244,DFS,1,8568,21038,9919,2.000,25608,480056,480056
58,200,200,100,1,5,2197474904,BFS,1,1228,1921,9,0.000,3698,480056,480056
58,200,200,100,1,5,2197474904,DFS,1,1228,1711,1300,1.000,3698,480056,480056
59,200,200,100,1,5,1994379994,BFS,1,8811,28552,21,3.000,26327,480056,480056
59,200,200,100,1,5,1994379994,DFS,1,8811,13630,9094,2.000,26327,480056,480056
60,200,200,100,1,5,3821545925,BFS,1,9577,29006,17,3.000,28886,480056,480056
60,200,200,100,1,5,3821545925,DFS,1,9577,34774,12373,5.000,28886,480056,480056
61,200,200,100,1,5,1941983188,BFS,1,2871,5860,11,1.000,8666,480056,480056
61,200,200,100,1,5,1941983188,DFS,1,2871,4336,3123,1.000,8666,480056,480056
62,200,200,100,1,5,1260098995,BFS,1,3556,7603,11,1.000,10679,480056,480056
62,200,200,100,1,5,1260098995,DFS,1,3556,6206,3557,1.000,10679,480056,480056
63,200,200,100,1,5,2253267874,BFS,1,8787,20699,17,2.000,26350,480056,480056
63,200,200,100,1,5,2253267874,DFS,1,8787,15972,8921,2.000,26350,480056,480056
64,200,200,100,1,5,4159954354,BFS,1,7936,15240,12,2.000,23819,480056,480056
64,200,200,100,1,5,4159954354,DFS,1,7936,19800,10590,2.000,23819,480056,480056
65,200,200,100,1,5,1609498943,BFS,1,6713,13985,17,1.000,20259,480056,480056
65,200,200,100,1,5,1609498943,DFS,1,6713,11191,6714,2.000,20259,480056,480056
66,200,200,100,1,5,894222031,BFS,1,7192,17000,19,2.000,21695,480056,480056
66,200,200,100,1,5,894222031,DFS,1,7192,8689,7193,1.000,21695,480056,480056
67,200,200,100,1,5,2607561036,BFS,1,5101,9853,13,1.000,15402,480056,480056
67,200,200,100,1,5,2607561036,DFS,1,5101,33011,10593,5.000,15402,480056,480056
68,200,200,100,1,5,3606160171,BFS,1,6534,13027,16,1.000,19720,480056,480056
68,200,200,100,1,5,3606160171,DFS,1,6534,37380,11205,6.000,19720,480056,480056
69,200,200,100,1,5,3041787004,BFS,1,11441,30553,17,3.000,34172,480056,480056
69,200,200,100,1,5,3041787004,DFS,1,11441,32655,14205,5.000,34172,480056,480056
70,200,200,100,1,5,2811078379,BFS,1,3301,5597,10,0.000,9962,480056,480056
70,200,200,100,1,5,2811078379,DFS,1,3301,4692,3302,1.000,9962,480056,480056
71,200,200,100,1,5,2263371468,BFS,1,8028,22148,15,3.000,24001,480056,480056
71,200,200,100,1,5,2263371468,DFS,1,8028,29449,12118,4.000,24001,480056,480056
72,200,200,100,1,5,8215089,BFS,1,4765,8868,15,1.000,14162,480056,480056
72,200,200,100,1,5,8215089,DFS,1,4765,7492,4828,1.000,14162,480056,480056
73,200,200,100,1,5,3200003156,BFS,1,13482,39802,21,4.000,40160,480056,480056
73,200,200,100,1,5,3200003156,DFS,1,13482,23890,13483,3.000,40160,480056,480056
74,200,200,100,1,5,2919702577,BFS,1,9424,25619,25,2.000,28406,480056,480056
74,200,200,100,1,5,2919702577,DFS,1,9424,23578,11222,3.000,28406,480056,480056
75,200,200,100,1,5,443787140,BFS,1,10229,37734,21,4.000,30709,480056,480056
75,200,200,100,1,5,443787140,DFS,1,10229,27508,11101,4.000,30709,480056,480056
76,200,200,100,1,5,2790547419,BFS,1,9017,24269,18,2.000,27027,480056,480056
76,200,200,100,1,5,2790547419,DFS,1,9017,26116,12871,4.000,27027,480056,480056
77,200,200,100,1,5,342291982,BFS,1,12438,31215,15,3.000,37310,480056,480056
77,200,200,100,1,5,342291982,DFS,1,12438,20597,13230,3.000,37310,480056,480056
78,200,200,100,1,5,3135012770,BFS,1,11487,28450,23,3.000,34258,480056,480056
78,200,200,100,1,5,3135012770,DFS,1,11487,23018,11677,3.000,34258,480056,480056
79,200,200,100,1,5,1838537615,BFS,1,11442,32535,23,3.000,34170,480056,480056
79,200,200,100,1,5,1838537615,DFS,1,11442,29647,13834,4.000,34170,480056,480056
80,200,200,100,1,5,3570614166,BFS,1,8809,23267,16,2.000,26425,480056,480056
80,200,200,100,1,5,3570614166,DFS,1,8809,15401,8810,2.000,26425,480056,480056
81,200,200,100,1,5,183537980,BFS,1,1698,2659,12,0.000,5002,480056,480056
81,200,200,100,1,5,183537980,DFS,1,1698,39508,14049,8.000,5002,480056,480056
82,200,200,100,1,5,2397667765,BFS,1,2316,4110,15,1.000,7118,480056,480056
82,200,200,100,1,5,2397667765,DFS,1,2316,2706,2325,0.000,7118,480056,480056
83,200,200,100,1,5,1615570988,BFS,1,10930,35553,37,3.000,32833,480056,480056
83,200,200,100,1,5,1615570988,DFS,1,10930,35112,12562,7.000,32833,480056,480056
84,200,200,100,1,5,684543664,BFS,1,11805,34585,20,3.000,35456,480056,480056
84,200,200,100,1,5,684543664,DFS,1,11805,33408,12942,5.000,35456,480056,480056
85,200,200,100,1,5,3447550013,BFS,1,4000,9296,13,2.000,12058,480056,480056
85,200,200,100,1,5,3447550013,DFS,1,4000,35442,11707,9.000,12058,480056,480056
86,200,200,100,1,5,1427828639,BFS,1,2540,4403,13,1.000,7738,480056,480056
86,200,200,100,1,5,1427828639,DFS,1,2540,3844,2916,1.000,7738,480056,480056
87,200,200,100,1,5,3172428468,BFS,1,1615,2534,9,0.000,4941,480056,480056
87,200,200,100,1,5,3172428468,DFS,1,1615,2214,1620,0.000,4941,480056,480056
88,200,200,100,1,5,522777059,BFS,1,9031,23843,19,3.000,27358,480056,480056
88,200,200,100,1,5,522777059,DFS,1,9031,30066,11445,4.000,27358,480056,480056
89,200,200,100,1,5,293069176,BFS,1,10701,23033,16,3.000,31934,480056,480056
89,200,200,100,1,5,293069176,DFS,1,10701,28852,13829,4.000,31934,480056,480056
90,200,200,100,1,5,1377311059,BFS,1,11566,35505,26,3.000,34705,480056,480056
90,200,200,100,1,5,1377311059,DFS,1,11566,17209,11579,2.000,34705,480056,480056
91,200,200,100,1,5,1002091299,BFS,1,11832,37371,19,4.000,35352,480056,480056
91,200,200,100,1,5,1002091299,DFS,1,11832,28359,11833,4.000,35352,480056,480056
92,200,200,100,1,5,733401427,BFS,1,8972,28577,17,3.000,26738,480056,480056
92,200,200,100,1,5,733401427,DFS,1,8972,33422,11873,5.000,26738,480056,480056
93,200,200,100,1,5,651465021,BFS,1,10418,36117,22,4.000,30994,480056,480056
93,200,200,100,1,5,651465021,DFS,1,10418,35643,11163,5.000,30994,480056,480056
94,200,200,100,1,5,4075402865,BFS,1,11339,36650,22,4.000,33993,480056,480056
94,200,200,100,1,5,4075402865,DFS,1,11339,25308,11340,4.000,33993,480056,480056
95,200,200,100,1,5,2290968080,BFS,1,7539,18503,24,2.000,22577,480056,480056
95,200,200,100,1,5,2290968080,DFS,1,7539,11352,7748,2.000,22577,480056,480056
96,200,200,100,1,5,3924609647,BFS,1,1205,1828,8,0.000,3639,480056,480056
96,200,200,100,1,5,3924609647,DFS,1,1205,1603,1206,0.000,3639,480056,480056
97,200,200,100,1,5,4266581074,BFS,1,10726,28051,17,3.000,32094,480056,480056
97,200,200,100,1,5,4266581074,DFS,1,10726,19938,10727,3.000,32094,480056,480056
98,200,200,100,1,5,2310072389,BFS,1,9196,33555,24,3.000,27682,480056,480056
98,200,200,100,1,5,2310072389,DFS,1,9196,29803,11771,4.000,27682,480056,480056
99,200,200,100,1,5,2365430637,BFS,1,12339,28274,17,3.000,36829,480056,480056
99,200,200,100,1,5,2365430637,DFS,1,12339,22417,12340,3.000,36829,480056,480056
100,200,200,100,1,5,3443416427,BFS,1,753,1236,9,0.000,2189,480056,480056
100,200,200,100,1,5,3443416427,DFS,1,753,1128,754,1.000,2189,480056,480056
1,500,500,0,1,5,1481720403,BFS,1,304,130017,597,19.000,902,3000056,3000056
1,500,500,0,1,5,1481720403,DFS,1,29000,29001,29001,3.000,86814,3000056,3000056
2,500,500,0,1,5,1330112563,BFS,1,284,145588,792,16.000,819,3000056,3000056
2,500,500,0,1,5,1330112563,DFS,1,213934,213935,213935,19.000,642004,3000056,3000056
3,500,500,0,1,5,3237850956,BFS,1,167,55785,671,5.000,503,3000056,3000056
3,500,500,0,1,5,3237850956,DFS,1,28757,28758,28758,2.000,86403,3000056,3000056
4,500,500,0,1,5,2721247039,BFS,1,401,145055,534,13.000,1216,3000056,3000056
4,500,500,0,1,5,2721247039,DFS,1,45345,45495,45346,4.000,135968,3000056,3000056
5,500,500,0,1,5,366564160,BFS,1,211,47326,333,5.000,662,3000056,3000056
5,500,500,0,1,5,366564160,DFS,1,159063,159064,159064,14.000,476855,3000056,3000056
6,500,500,0,1,5,2746438065,BFS,1,229,92335,603,8.000,669,3000056,3000056
6,500,500,0,1,5,2746438065,DFS,1,243497,243498,243498,22.000,730772,3000056,3000056
7,500,500,0,1,5,1756170463,BFS,1,361,142194,579,12.000,1107,3000056,3000056
7,500,500,0,1,5,1756170463,DFS,1,208025,208162,208026,19.000,624101,3000056,3000056
8,500,500,0,1,5,4201859627,BFS,1,197,46330,436,4.000,593,3000056,3000056
8,500,500,0,1,5,4201859627,DFS,1,42117,42118,42118,4.000,126376,3000056,3000056
9,500,500,0,1,5,2284778609,BFS,1,233,99018,666,9.000,701,3000056,3000056
9,500,500,0,1,5,2284778609,DFS,1,112217,112532,112218,11.000,335337,3000056,3000056
10,500,500,0,1,5,3978243670,BFS,1,170,56351,609,4.000,509,3000056,3000056
10,500,500,0,1,5,3978243670,DFS,1,20528,20529,20529,2.000,61281,3000056,3000056
11,500,500,0,1,5,402183274,BFS,1,525,208450,559,20.000,1618,3000056,3000056
11,500,500,0,1,5,402183274,DFS,1,227239,227240,227240,19.000,682608,3000056,3000056
12,500,500,0,1,5,365302593,BFS,1,467,187504,538,16.000,1364,3000056,3000056
12,500,500,0,1,5,365302593,DFS,1,101467,101468,101468,9.000,305121,3000056,3000056
13,500,500,0,1,5,1401188471,BFS,1,814,241097,510,20.000,2467,3000056,3000056
13,500,500,0,1,5,1401188471,DFS,1,4152,4153,4153,0.000,12319,3000056,3000056
14,500,500,0,1,5,3491971607,BFS,1,419,110970,476,9.000,1297,3000056,3000056
14,500,500,0,1,5,3491971607,DFS,1,84209,84210,84210,7.000,252596,3000056,3000056
15,500,500,0,1,5,4103459964,BFS,1,596,223024,504,44.000,1871,3000056,3000056
15,500,500,0,1,5,4103459964,DFS,1,57602,57603,57603,7.000,173271,3000056,3000056
16,500,500,0,1,5,2488383321,BFS,1,262,126168,774,13.000,792,3000056,3000056
16,500,500,0,1,5,2488383321,DFS,1,88816,88817,88817,18.000,266086,3000056,3000056
17,500,500,0,1,5,3020047346,BFS,1,435,164294,537,14.000,1286,3000056,3000056
17,500,500,0,1,5,3020047346,DFS,1,192223,192569,192224,18.000,576756,3000056,3000056
18,500,500,0,1,5,682107994,BFS,1,199,51337,388,5.000,595,3000056,3000056
18,500,500,0,1,5,682107994,DFS,1,54941,54942,54942,5.000,164824,3000056,3000056
19,500,500,0,1,5,1273998071,BFS,1,75,11170,293,1.000,233,3000056,3000056
19,500,500,0,1,5,1273998071,DFS,1,55967,56169,55968,5.000,168101,3000056,3000056
20,500,500,0,1,5,596779487,BFS,1,347,142845,588,13.000,1082,3000056,3000056
20,500,500,0,1,5,596779487,DFS,1,57347,57348,57348,5.000,172526,3000056,3000056
21,500,500,0,1,5,2408630440,BFS,1,261,91189,481,7.000,789,3000056,3000056
21,500,500,0,1,5,2408630440,DFS,1,34841,34842,34842,4.000,104677,3000056,3000056
22,500,500,0,1,5,1405147574,BFS,1,468,162521,531,13.000,1432,3000056,3000056
22,500,500,0,1,5,1405147574,DFS,1,100362,100393,100363,9.000,301864,3000056,3000056
23,500,500,0,1,5,1642021837,BFS,1,314,94446,461,8.000,947,3000056,3000056
23,500,500,0,1,5,1642021837,DFS,1,229730,230169,229731,24.000,688904,3000056,3000056
24,500,500,0,1,5,2968442509,BFS,1,339,122228,547,11.000,973,3000056,3000056
24,500,500,0,1,5,2968442509,DFS,1,10289,10290,10290,1.000,30709,3000056,3000056
25,500,500,0,1,5,3865146560,BFS,1,235,63316,390,6.000,728,3000056,3000056
25,500,500,0,1,5,3865146560,DFS,1,25235,25236,25236,3.000,75602,3000056,3000056
26,500,500,0,1,5,2687514443,BFS,1,390,137692,536,11.000,1159,3000056,3000056
26,500,500,0,1,5,2687514443,DFS,1,146390,146391,146391,14.000,439220,3000056,3000056
27,500,500,0,1,5,3647266121,BFS,1,489,199220,538,17.000,1473,3000056,3000056
27,500,500,0,1,5,3647266121,DFS,1,189071,189072,189072,21.000,566393,3000056,3000056
28,500,500,0,1,5,1110528293,BFS,1,396,201501,665,17.000,1165,3000056,3000056
28,500,500,0,1,5,1110528293,DFS,1,25396,25397,25397,2.000,76369,3000056,3000056
29,500,500,0,1,5,4195652783,BFS,1,571,221023,514,20.000,1636,3000056,3000056
29,500,500,0,1,5,4195652783,DFS,1,245391,245879,245392,21.000,736555,3000056,3000056
30,500,500,0,1,5,1654237672,BFS,1,194,45620,387,4.000,569,3000056,3000056
30,500,500,0,1,5,1654237672,DFS,1,78194,78195,78195,8.000,233700,3000056,3000056
31,500,500,0,1,5,775332341,BFS,1,577,221186,589,18.000,1678,3000056,3000056
31,500,500,0,1,5,775332341,DFS,1,67787,67788,67788,6.000,203095,3000056,3000056
32,500,500,0,1,5,2974316791,BFS,1,446,122034,499,11.000,1330,3000056,3000056
32,500,500,0,1,5,2974316791,DFS,1,87354,87822,87355,8.000,262669,3000056,3000056
33,500,500,0,1,5,37682386,BFS,1,449,187422,560,15.000,1350,3000056,3000056
33,500,500,0,1,5,37682386,DFS,1,50233,50234,50234,5.000,151139,3000056,3000056
34,500,500,0,1,5,1618094742,BFS,1,154,47103,590,4.000,446,3000056,3000056
34,500,500,0,1,5,1618094742,DFS,1,90416,90767,90417,9.000,271141,3000056,3000056
35,500,500,0,1,5,892424632,BFS,1,529,227059,594,19.000,1515,3000056,3000056
35,500,500,0,1,5,892424632,DFS,1,203217,203384,203218,18.000,609549,3000056,3000056
36,500,500,0,1,5,3313605299,BFS,1,617,236438,526,19.000,1869,3000056,3000056
36,500,500,0,1,5,3313605299,DFS,1,228017,228019,228018,20.000,683251,3000056,3000056
37,500,500,0,1,5,4271656678,BFS,1,77,11980,312,1.000,256,3000056,3000056
37,500,500,0,1,5,4271656678,DFS,1,192579,192580,192580,16.000,577755,3000056,3000056
38,500,500,0,1,5,3128399237,BFS,1,500,173014,516,14.000,1485,3000056,3000056
38,500,500,0,1,5,3128399237,DFS,1,102702,102703,102703,9.000,308345,3000056,3000056
39,500,500,0,1,5,3433929087,BFS,1,357,127877,532,11.000,1086,3000056,3000056
39,500,500,0,1,5,3433929087,DFS,1,79419,79420,79420,7.000,239075,3000056,3000056
40,500,500,0,1,5,3903280979,BFS,1,579,220443,529,24.000,1731,3000056,3000056
40,500,500,0,1,5,3903280979,DFS,1,6089,6090,6090,0.000,18164,3000056,3000056
41,500,500,0,1,5,2302622237,BFS,1,292,85279,504,7.000,919,3000056,3000056
41,500,500,0,1,5,2302622237,DFS,1,134804,134805,134805,11.000,404548,3000056,3000056
42,500,500,0,1,5,3326986770,BFS,1,343,146500,592,12.000,1005,3000056,3000056
42,500,500,0,1,5,3326986770,DFS,1,22037,22038,22038,2.000,66256,3000056,3000056
43,500,500,0,1,5,3652638854,BFS,1,370,112179,497,10.000,1085,3000056,3000056
43,500,500,0,1,5,3652638854,DFS,1,234302,234328,234303,20.000,702893,3000056,3000056
44,500,500,0,1,5,3547049967,BFS,1,281,123491,643,11.000,832,3000056,3000056
44,500,500,0,1,5,3547049967,DFS,1,97903,97904,97904,9.000,293898,3000056,3000056
45,500,500,0,1,5,2248932039,BFS,1,107,11465,184,1.000,310,3000056,3000056
45,500,500,0,1,5,2248932039,DFS,1,38103,38107,38104,4.000,113901,3000056,3000056
46,500,500,0,1,5,1253533501,BFS,1,634,248987,643,21.000,1915,3000056,3000056
46,500,500,0,1,5,1253533501,DFS,1,10966,10967,10967,1.000,32994,3000056,3000056
47,500,500,0,1,5,3054523561,BFS,1,735,219708,507,18.000,2243,3000056,3000056
47,500,500,0,1,5,3054523561,DFS,1,44759,44760,44760,4.000,134673,3000056,3000056
48,500,500,0,1,5,2163693567,BFS,1,225,90357,692,8.000,657,3000056,3000056
48,500,500,0,1,5,2163693567,DFS,1,19493,19494,19494,2.000,58716,3000056,3000056
49,500,500,0,1,5,426189165,BFS,1,574,168530,506,13.000,1714,3000056,3000056
49,500,500,0,1,5,426189165,DFS,1,33252,33253,33253,3.000,100365,3000056,3000056
50,500,500,0,1,5,2805400633,BFS,1,665,219480,504,19.000,2011,3000056,3000056
50,500,500,0,1,5,2805400633,DFS,1,180389,180393,180390,16.000,540135,3000056,3000056
51,500,500,0,1,5,3782901786,BFS,1,210,70565,577,6.000,649,3000056,3000056
51,500,500,0,1,5,3782901786,DFS,1,90210,90211,90211,8.000,269782,3000056,3000056
52,500,500,0,1,5,277721708,BFS,1,75,10058,231,1.000,238,3000056,3000056
52,500,500,0,1,5,277721708,DFS,1,33981,33982,33982,3.000,101919,3000056,3000056
53,500,500,0,1,5,175414041,BFS,1,365,194047,737,17.000,1087,3000056,3000056
53,500,500,0,1,5,175414041,DFS,1,16777,16778,16778,2.000,50173,3000056,3000056
54,500,500,0,1,5,370092983,BFS,1,559,216935,518,19.000,1644,3000056,3000056
54,500,500,0,1,5,370092983,DFS,1,164553,164555,164554,15.000,493652,3000056,3000056
55,500,500,0,1,5,2928940534,BFS,1,369,177933,641,15.000,1109,3000056,3000056
55,500,500,0,1,5,2928940534,DFS,1,101369,101370,101370,9.000,304164,3000056,3000056
56,500,500,0,1,5,2382726941,BFS,1,183,64344,637,5.000,557,3000056,3000056
56,500,500,0,1,5,2382726941,DFS,1,191183,191184,191184,19.000,573821,3000056,3000056
57,500,500,0,1,5,2777949498,BFS,1,731,235460,525,20.000,2197,3000056,3000056
57,500,500,0,1,5,2777949498,DFS,1,82889,82890,82890,7.000,248656,3000056,3000056
58,500,500,0,1,5,3961130099,BFS,1,316,140401,616,20.000,945,3000056,3000056
58,500,500,0,1,5,3961130099,DFS,1,46884,46885,46885,5.000,140977,3000056,3000056
59,500,500,0,1,5,4216592718,BFS,1,48,3739,135,0.000,147,3000056,3000056
59,500,500,0,1,5,4216592718,DFS,1,198976,198996,198977,17.000,596662,3000056,3000056
60,500,500,0,1,5,3453559426,BFS,1,416,193732,630,16.000,1263,3000056,3000056
60,500,500,0,1,5,3453559426,DFS,1,101636,101637,101637,10.000,304454,3000056,3000056
61,500,500,0,1,5,2757212674,BFS,1,111,24457,431,2.000,327,3000056,3000056
61,500,500,0,1,5,2757212674,DFS,1,165181,165182,165182,16.000,494918,3000056,3000056
62,500,500,0,1,5,3740556788,BFS,1,139,38612,547,3.000,446,3000056,3000056
62,500,500,0,1,5,3740556788,DFS,1,89401,89402,89402,8.000,269055,3000056,3000056
63,500,500,0,1,5,4183920686,BFS,1,405,158316,562,12.000,1253,3000056,3000056
63,500,500,0,1,5,4183920686,DFS,1,116727,116728,116728,10.000,350668,3000056,3000056
64,500,500,0,1,5,2089667683,BFS,1,611,211399,537,18.000,1789,3000056,3000056
64,500,500,0,1,5,2089667683,DFS,1,200395,200821,200396,18.000,600498,3000056,3000056
65,500,500,0,1,5,4028333569,BFS,1,577,245446,710,21.000,1713,3000056,3000056
65,500,500,0,1,5,4028333569,DFS,1,217001,217003,217002,19.000,651005,3000056,3000056
66,500,500,0,1,5,3502739427,BFS,1,123,27396,389,2.000,369,3000056,3000056
66,500,500,0,1,5,3502739427,DFS,1,56375,56728,56376,5.000,169502,3000056,3000056
67,500,500,0,1,5,890009601,BFS,1,101,19914,367,2.000,314,3000056,3000056
67,500,500,0,1,5,890009601,DFS,1,22633,22634,22634,2.000,67980,3000056,3000056
68,500,500,0,1,5,1469364419,BFS,1,92,16857,363,2.000,282,3000056,3000056
68,500,500,0,1,5,1469364419,DFS,1,73968,74246,73969,6.000,221966,3000056,3000056
69,500,500,0,1,5,3007383970,BFS,1,520,231390,626,19.000,1532,3000056,3000056
69,500,500,0,1,5,3007383970,DFS,1,36762,36763,36763,4.000,110363,3000056,3000056
70,500,500,0,1,5,3536886548,BFS,1,427,163844,546,14.000,1261,3000056,3000056
70,500,500,0,1,5,3536886548,DFS,1,161555,161703,161556,14.000,484659,3000056,3000056
71,500,500,0,1,5,3598602474,BFS,1,314,112323,519,10.000,956,3000056,3000056
71,500,500,0,1,5,3598602474,DFS,1,106696,106697,106697,11.000,320581,3000056,3000056
72,500,500,0,1,5,2933724435,BFS,1,240,107273,710,13.000,685,3000056,3000056
72,500,500,0,1,5,2933724435,DFS,1,68240,68241,68241,9.000,204508,3000056,3000056
73,500,500,0,1,5,1532587062,BFS,1,66,7395,193,1.000,197,3000056,3000056
73,500,500,0,1,5,1532587062,DFS,1,30066,30067,30067,3.000,90537,3000056,3000056
74,500,500,0,1,5,3747615700,BFS,1,96,10498,207,1.000,283,3000056,3000056
74,500,500,0,1,5,3747615700,DFS,1,134960,134967,134961,12.000,403921,3000056,3000056
75,500,500,0,1,5,1919354201,BFS,1,445,117860,490,9.000,1377,3000056,3000056
75,500,500,0,1,5,1919354201,DFS,1,181529,181530,181530,18.000,544279,3000056,3000056
76,500,500,0,1,5,3648172482,BFS,1,318,137278,593,11.000,955,3000056,3000056
76,500,500,0,1,5,3648172482,DFS,1,76132,76133,76133,7.000,227945,3000056,3000056
77,500,500,0,1,5,2790605871,BFS,1,560,188708,501,16.000,1634,3000056,3000056
77,500,500,0,1,5,2790605871,DFS,1,109004,109005,109005,10.000,326799,3000056,3000056
78,500,500,0,1,5,3734228032,BFS,1,73,10541,294,1.000,239,3000056,3000056
78,500,500,0,1,5,3734228032,DFS,1,43419,43420,43420,3.000,130208,3000056,3000056
79,500,500,0,1,5,1129013802,BFS,1,491,205870,554,17.000,1528,3000056,3000056
79,500,500,0,1,5,1129013802,DFS,1,187035,187036,187036,16.000,560591,3000056,3000056
80,500,500,0,1,5,2846962290,BFS,1,389,122447,510,9.000,1175,3000056,3000056
80,500,500,0,1,5,2846962290,DFS,1,164141,164142,164142,14.000,492459,3000056,3000056
81,500,500,0,1,5,137171654,BFS,1,233,66229,450,6.000,702,3000056,3000056
81,500,500,0,1,5,137171654,DFS,1,131815,131816,131816,12.000,395654,3000056,3000056
82,500,500,0,1,5,1855338889,BFS,1,314,67345,372,5.000,927,3000056,3000056
82,500,500,0,1,5,1855338889,DFS,1,170948,170976,170949,15.000,512794,3000056,3000056
83,500,500,0,1,5,212382444,BFS,1,368,171383,692,14.000,1111,3000056,3000056
83,500,500,0,1,5,212382444,DFS,1,197220,197320,197221,18.000,591226,3000056,3000056
84,500,500,0,1,5,821297564,BFS,1,117,27189,470,2.000,348,3000056,3000056
84,500,500,0,1,5,821297564,DFS,1,139679,139680,139680,12.000,418958,3000056,3000056
85,500,500,0,1,5,613782742,BFS,1,347,175415,668,15.000,1035,3000056,3000056
85,500,500,0,1,5,613782742,DFS,1,187809,187975,187810,16.000,564052,3000056,3000056
86,500,500,0,1,5,1997339989,BFS,1,340,114481,523,10.000,1037,3000056,3000056
86,500,500,0,1,5,1997339989,DFS,1,221230,221231,221231,19.000,663410,3000056,3000056
87,500,500,0,1,5,1946260300,BFS,1,274,148071,978,13.000,821,3000056,3000056
87,500,500,0,1,5,1946260300,DFS,1,213768,213769,213769,18.000,640485,3000056,3000056
88,500,500,0,1,5,129099887,BFS,1,92,17023,372,2.000,271,3000056,3000056
88,500,500,0,1,5,129099887,DFS,1,164912,164913,164913,14.000,494827,3000056,3000056
89,500,500,0,1,5,1581146005,BFS,1,465,174741,554,15.000,1369,3000056,3000056
89,500,500,0,1,5,1581146005,DFS,1,96327,96429,96328,9.000,288915,3000056,3000056
90,500,500,0,1,5,1151058426,BFS,1,321,119526,542,10.000,928,3000056,3000056
90,500,500,0,1,5,1151058426,DFS,1,106391,106392,106392,9.000,318088,3000056,3000056
91,500,500,0,1,5,3003905260,BFS,1,377,208655,796,18.000,1079,3000056,3000056
91,500,500,0,1,5,3003905260,DFS,1,159467,159468,159468,14.000,478157,3000056,3000056
92,500,500,0,1,5,2240434029,BFS,1,416,159038,561,13.000,1251,3000056,3000056
92,500,500,0,1,5,2240434029,DFS,1,50416,50417,50417,4.000,150719,3000056,3000056
93,500,500,0,1,5,186676551,BFS,1,509,210509,564,18.000,1476,3000056,3000056
93,500,500,0,1,5,186676551,DFS,1,172207,172469,172208,15.000,516169,3000056,3000056
94,500,500,0,1,5,418283265,BFS,1,274,140983,828,13.000,816,3000056,3000056
94,500,500,0,1,5,418283265,DFS,1,14878,14879,14879,1.000,44184,3000056,3000056
95,500,500,0,1,5,2417195827,BFS,1,353,96930,453,8.000,1051,3000056,3000056
95,500,500,0,1,5,2417195827,DFS,1,120045,120046,120046,10.000,360006,3000056,3000056
96,500,500,0,1,5,1376416649,BFS,1,618,230676,581,19.000,1808,3000056,3000056
96,500,500,0,1,5,1376416649,DFS,1,240820,240822,240821,21.000,722240,3000056,3000056
97,500,500,0,1,5,867086413,BFS,1,8,120,34,0.000,25,3000056,3000056
97,500,500,0,1,5,867086413,DFS,1,139008,139009,139009,12.000,417604,3000056,3000056
98,500,500,0,1,5,1044013556,BFS,1,368,107066,482,9.000,1095,3000056,3000056
98,500,500,0,1,5,1044013556,DFS,1,239368,239460,239369,20.000,716864,3000056,3000056
99,500,500,0,1,5,1652283205,BFS,1,187,69798,745,6.000,560,3000056,3000056
99,500,500,0,1,5,1652283205,DFS,1,216529,216530,216530,18.000,648809,3000056,3000056
100,500,500,0,1,5,4279525980,BFS,1,383,132542,539,11.000,1136,3000056,3000056
100,500,500,0,1,5,4279525980,DFS,1,32539,32540,32540,3.000,97512,3000056,3000056
1,500,500,25,1,5,1951066752,BFS,1,304,128141,611,12.000,892,3000056,3000056
1,500,500,25,1,5,1951066752,DFS,1,35264,38184,35265,4.000,105620,3000056,3000056
2,500,500,25,1,5,1202265587,BFS,1,284,143901,834,14.000,857,3000056,3000056
2,500,500,25,1,5,1202265587,DFS,1,195578,213562,195579,26.000,586841,3000056,3000056
3,500,500,25,1,5,3667641543,BFS,1,177,61460,701,6.000,505,3000056,3000056
3,500,500,25,1,5,3667641543,DFS,1,27059,29644,27060,3.000,81470,3000056,3000056
4,500,500,25,1,5,3509879135,BFS,1,401,143767,555,13.000,1197,3000056,3000056
4,500,500,25,1,5,3509879135,DFS,1,75651,82492,75652,10.000,226668,3000056,3000056
5,500,500,25,1,5,591050536,BFS,1,211,46413,331,5.000,649,3000056,3000056
5,500,500,25,1,5,591050536,DFS,1,118503,128329,118504,15.000,355690,3000056,3000056
6,500,500,25,1,5,3553259378,BFS,1,229,91213,622,9.000,631,3000056,3000056
6,500,500,25,1,5,3553259378,DFS,1,195923,228873,208635,26.000,588517,3000056,3000056
7,500,500,25,1,5,3498565087,BFS,1,365,142072,576,13.000,1085,3000056,3000056
7,500,500,25,1,5,3498565087,DFS,1,167453,230567,207457,28.000,502498,3000056,3000056
8,500,500,25,1,5,869883344,BFS,1,197,45231,429,4.000,630,3000056,3000056
8,500,500,25,1,5,869883344,DFS,1,14995,16457,14996,2.000,45018,3000056,3000056
9,500,500,25,1,5,1940246690,BFS,1,233,98138,699,9.000,678,3000056,3000056
9,500,500,25,1,5,1940246690,DFS,1,122491,135658,122492,15.000,366735,3000056,3000056
10,500,500,25,1,5,23860928,BFS,1,170,55467,608,6.000,496,3000056,3000056
10,500,500,25,1,5,23860928,DFS,1,11744,12722,11745,1.000,35131,3000056,3000056
11,500,500,25,1,5,3959656632,BFS,1,525,208440,589,24.000,1569,3000056,3000056
11,500,500,25,1,5,3959656632,DFS,1,186965,203413,186966,24.000,561313,3000056,3000056
12,500,500,25,1,5,3719130293,BFS,1,467,185772,558,18.000,1402,3000056,3000056
12,500,500,25,1,5,3719130293,DFS,1,66915,72537,66916,9.000,201225,3000056,3000056
13,500,500,25,1,5,2403856132,BFS,1,814,241094,541,23.000,2439,3000056,3000056
13,500,500,25,1,5,2403856132,DFS,1,16946,18476,16947,2.000,50596,3000056,3000056
14,500,500,25,1,5,2086293519,BFS,1,419,108653,472,10.000,1259,3000056,3000056
14,500,500,25,1,5,2086293519,DFS,1,56115,60756,56116,7.000,168439,3000056,3000056
15,500,500,25,1,5,4264912748,BFS,1,596,223010,520,20.000,1748,3000056,3000056
15,500,500,25,1,5,4264912748,DFS,1,68224,73971,68225,8.000,204846,3000056,3000056
16,500,500,25,1,5,1541414067,BFS,1,262,124673,813,11.000,757,3000056,3000056
16,500,500,25,1,5,1541414067,DFS,1,89870,97641,89871,11.000,269704,3000056,3000056
17,500,500,25,1,5,4149880787,BFS,1,435,162804,558,15.000,1364,3000056,3000056
17,500,500,25,1,5,4149880787,DFS,1,182623,198147,182624,22.000,547986,3000056,3000056
18,500,500,25,1,5,2209213158,BFS,1,201,51351,403,7.000,614,3000056,3000056
18,500,500,25,1,5,2209213158,DFS,1,52477,56984,52478,6.000,157592,3000056,3000056
19,500,500,25,1,5,1171379251,BFS,1,75,10778,296,1.000,227,3000056,3000056
19,500,500,25,1,5,1171379251,DFS,1,35763,38760,35764,5.000,107061,3000056,3000056
20,500,500,25,1,5,2260128051,BFS,1,365,151640,605,14.000,1066,3000056,3000056
20,500,500,25,1,5,2260128051,DFS,1,42209,50250,44266,6.000,126876,3000056,3000056
21,500,500,25,1,5,384559909,BFS,1,261,89999,477,10.000,796,3000056,3000056
21,500,500,25,1,5,384559909,DFS,1,35841,39095,35842,4.000,107628,3000056,3000056
22,500,500,25,1,5,3738693540,BFS,1,468,160713,552,15.000,1361,3000056,3000056
22,500,500,25,1,5,3738693540,DFS,1,100732,109633,100733,15.000,302401,3000056,3000056
23,500,500,25,1,5,3120361151,BFS,1,314,92946,464,9.000,923,3000056,3000056
23,500,500,25,1,5,3120361151,DFS,1,184838,201088,184840,22.000,554306,3000056,3000056
24,500,500,25,1,5,1005478323,BFS,1,351,125877,559,12.000,1029,3000056,3000056
24,500,500,25,1,5,1005478323,DFS,1,38175,41454,38176,5.000,114316,3000056,3000056
25,500,500,25,1,5,3265110921,BFS,1,237,63210,389,8.000,732,3000056,3000056
25,500,500,25,1,5,3265110921,DFS,1,19895,22307,19896,5.000,59602,3000056,3000056
26,500,500,25,1,5,779411221,BFS,1,390,136113,562,15.000,1181,3000056,3000056
26,500,500,25,1,5,779411221,DFS,1,111588,120846,111589,14.000,334493,3000056,3000056
27,500,500,25,1,5,3443018412,BFS,1,489,197815,551,21.000,1490,3000056,3000056
27,500,500,25,1,5,3443018412,DFS,1,180689,228951,205720,28.000,541734,3000056,3000056
28,500,500,25,1,5,2135714511,BFS,1,396,201460,698,19.000,1212,3000056,3000056
28,500,500,25,1,5,2135714511,DFS,1,8596,9183,8597,1.000,25769,3000056,3000056
29,500,500,25,1,5,2489716802,BFS,1,571,221096,536,21.000,1697,3000056,3000056
29,500,500,25,1,5,2489716802,DFS,1,185375,201246,185376,22.000,556193,3000056,3000056
30,500,500,25,1,5,3964383592,BFS,1,200,47054,409,4.000,615,3000056,3000056
30,500,500,25,1,5,3964383592,DFS,1,70820,83239,70821,9.000,211813,3000056,3000056
31,500,500,25,1,5,2245205100,BFS,1,577,221176,619,20.000,1716,3000056,3000056
31,500,500,25,1,5,2245205100,DFS,1,37703,41109,37704,4.000,113265,3000056,3000056
32,500,500,25,1,5,3094981094,BFS,1,446,119361,494,10.000,1371,3000056,3000056
32,500,500,25,1,5,3094981094,DFS,1,62528,242641,206628,37.000,188223,3000056,3000056
33,500,500,25,1,5,3415380520,BFS,1,449,185988,584,17.000,1387,3000056,3000056
33,500,500,25,1,5,3415380520,DFS,1,58213,62845,58214,7.000,175250,3000056,3000056
34,500,500,25,1,5,3554490934,BFS,1,154,46429,614,4.000,460,3000056,3000056
34,500,500,25,1,5,3554490934,DFS,1,72672,82784,72673,9.000,217363,3000056,3000056
35,500,500,25,1,5,3814907352,BFS,1,529,227045,613,22.000,1582,3000056,3000056
35,500,500,25,1,5,3814907352,DFS,1,189359,205228,189360,22.000,568746,3000056,3000056
36,500,500,25,1,5,4040698972,BFS,1,617,236427,544,23.000,1882,3000056,3000056
36,500,500,25,1,5,4040698972,DFS,1,205067,223046,205068,25.000,615101,3000056,3000056
37,500,500,25,1,5,3777223313,BFS,1,77,11637,311,1.000,231,3000056,3000056
37,500,500,25,1,5,3777223313,DFS,1,163843,177864,163844,21.000,491325,3000056,3000056
38,500,500,25,1,5,2091971673,BFS,1,502,171321,539,15.000,1465,3000056,3000056
38,500,500,25,1,5,2091971673,DFS,1,87890,240123,207329,36.000,263512,3000056,3000056
39,500,500,25,1,5,2957826920,BFS,1,363,129737,552,13.000,1074,3000056,3000056
39,500,500,25,1,5,2957826920,DFS,1,79843,86674,79844,11.000,239665,3000056,3000056
40,500,500,25,1,5,3043762230,BFS,1,579,220432,558,20.000,1677,3000056,3000056
40,500,500,25,1,5,3043762230,DFS,1,13521,14591,13532,2.000,40472,3000056,3000056
41,500,500,25,1,5,4139471007,BFS,1,292,84551,531,8.000,842,3000056,3000056
41,500,500,25,1,5,4139471007,DFS,1,121680,132318,121681,15.000,365379,3000056,3000056
42,500,500,25,1,5,3791784630,BFS,1,343,144801,607,14.000,1020,3000056,3000056
42,500,500,25,1,5,3791784630,DFS,1,31199,246364,205799,45.000,93802,3000056,3000056
43,500,500,25,1,5,1621851338,BFS,1,370,109946,492,11.000,1159,3000056,3000056
43,500,500,25,1,5,1621851338,DFS,1,200322,226745,207943,27.000,600447,3000056,3000056
44,500,500,25,1,5,2394333787,BFS,1,281,122206,676,11.000,838,3000056,3000056
44,500,500,25,1,5,2394333787,DFS,1,84709,91826,84710,10.000,254274,3000056,3000056
45,500,500,25,1,5,2610372875,BFS,1,115,12604,191,2.000,354,3000056,3000056
45,500,500,25,1,5,2610372875,DFS,1,16685,18110,16686,2.000,50010,3000056,3000056
46,500,500,25,1,5,789464074,BFS,1,634,248985,668,23.000,1926,3000056,3000056
46,500,500,25,1,5,789464074,DFS,1,44932,48922,44933,6.000,135240,3000056,3000056
47,500,500,25,1,5,3398689652,BFS,1,735,219700,541,22.000,2173,3000056,3000056
47,500,500,25,1,5,3398689652,DFS,1,43217,244483,207370,41.000,130220,3000056,3000056
48,500,500,25,1,5,737371070,BFS,1,225,88739,685,9.000,695,3000056,3000056
48,500,500,25,1,5,737371070,DFS,1,8513,9133,8514,2.000,25596,3000056,3000056
49,500,500,25,1,5,3909936053,BFS,1,574,168518,543,14.000,1704,3000056,3000056
49,500,500,25,1,5,3909936053,DFS,1,40488,43672,40489,5.000,122109,3000056,3000056
50,500,500,25,1,5,201120910,BFS,1,665,219473,533,21.000,1992,3000056,3000056
50,500,500,25,1,5,201120910,DFS,1,169945,184477,169946,23.000,509240,3000056,3000056
51,500,500,25,1,5,3315257851,BFS,1,212,69873,572,7.000,648,3000056,3000056
51,500,500,25,1,5,3315257851,DFS,1,113344,123128,113345,13.000,339341,3000056,3000056
52,500,500,25,1,5,373742090,BFS,1,75,9802,229,1.000,230,3000056,3000056
52,500,500,25,1,5,373742090,DFS,1,49145,55330,49146,7.000,147636,3000056,3000056
53,500,500,25,1,5,1981519661,BFS,1,367,194226,762,18.000,1062,3000056,3000056
53,500,500,25,1,5,1981519661,DFS,1,21337,23092,21338,3.000,64064,3000056,3000056
54,500,500,25,1,5,1248282486,BFS,1,559,216992,536,21.000,1706,3000056,3000056
54,500,500,25,1,5,1248282486,DFS,1,106677,237225,198828,36.000,320338,3000056,3000056
55,500,500,25,1,5,2803777899,BFS,1,369,176749,670,16.000,1127,3000056,3000056
55,500,500,25,1,5,2803777899,DFS,1,71097,76965,71098,9.000,213749,3000056,3000056
56,500,500,25,1,5,2375251297,BFS,1,189,67123,642,6.000,600,3000056,3000056
56,500,500,25,1,5,2375251297,DFS,1,4287,4600,4288,0.000,12935,3000056,3000056
57,500,500,25,1,5,2733522253,BFS,1,731,235457,559,23.000,2164,3000056,3000056
57,500,500,25,1,5,2733522253,DFS,1,97215,105504,97216,12.000,291756,3000056,3000056
58,500,500,25,1,5,2322598749,BFS,1,316,139282,647,13.000,923,3000056,3000056
58,500,500,25,1,5,2322598749,DFS,1,46014,50051,46015,6.000,138186,3000056,3000056
59,500,500,25,1,5,1177314020,BFS,1,48,3634,132,0.000,127,3000056,3000056
59,500,500,25,1,5,1177314020,DFS,1,142670,154654,142671,18.000,427530,3000056,3000056
60,500,500,25,1,5,600914443,BFS,1,416,193486,650,18.000,1223,3000056,3000056
60,500,500,25,1,5,600914443,DFS,1,66318,71946,66319,8.000,198774,3000056,3000056
61,500,500,25,1,5,2969283034,BFS,1,113,24565,449,2.000,322,3000056,3000056
61,500,500,25,1,5,2969283034,DFS,1,112489,122699,112490,13.000,336736,3000056,3000056
62,500,500,25,1,5,695581902,BFS,1,151,43621,581,4.000,425,3000056,3000056
62,500,500,25,1,5,695581902,DFS,1,62731,68000,62732,12.000,188663,3000056,3000056
63,500,500,25,1,5,3828685500,BFS,1,405,156852,593,15.000,1290,3000056,3000056
63,500,500,25,1,5,3828685500,DFS,1,86037,93280,86038,10.000,258388,3000056,3000056
64,500,500,25,1,5,3479061134,BFS,1,611,211389,562,21.000,1794,3000056,3000056
64,500,500,25,1,5,3479061134,DFS,1,158565,172443,158566,20.000,474580,3000056,3000056
65,500,500,25,1,5,3037970325,BFS,1,577,245444,751,22.000,1752,3000056,3000056
65,500,500,25,1,5,3037970325,DFS,1,197887,215913,197888,24.000,593517,3000056,3000056
66,500,500,25,1,5,1076155184,BFS,1,123,26802,392,3.000,415,3000056,3000056
66,500,500,25,1,5,1076155184,DFS,1,50373,55022,50374,7.000,151896,3000056,3000056
67,500,500,25,1,5,2799524188,BFS,1,101,19639,369,2.000,318,3000056,3000056
67,500,500,25,1,5,2799524188,DFS,1,13439,14827,13440,2.000,40211,3000056,3000056
68,500,500,25,1,5,3375247667,BFS,1,92,16491,361,2.000,266,3000056,3000056
68,500,500,25,1,5,3375247667,DFS,1,60808,67633,60809,7.000,182467,3000056,3000056
69,500,500,25,1,5,490513454,BFS,1,520,231377,651,22.000,1617,3000056,3000056
69,500,500,25,1,5,490513454,DFS,1,57982,62567,57983,7.000,174320,3000056,3000056
70,500,500,25,1,5,927634403,BFS,1,427,161955,568,15.000,1256,3000056,3000056
70,500,500,25,1,5,927634403,DFS,1,142033,155763,142034,17.000,426154,3000056,3000056
71,500,500,25,1,5,1655027111,BFS,1,314,110712,518,10.000,920,3000056,3000056
71,500,500,25,1,5,1655027111,DFS,1,83102,240147,203430,36.000,248953,3000056,3000056
72,500,500,25,1,5,4217735924,BFS,1,240,106234,748,10.000,728,3000056,3000056
72,500,500,25,1,5,4217735924,DFS,1,68678,74787,68679,8.000,205232,3000056,3000056
73,500,500,25,1,5,152021562,BFS,1,66,7140,190,1.000,189,3000056,3000056
73,500,500,25,1,5,152021562,DFS,1,32224,35112,32225,3.000,96994,3000056,3000056
74,500,500,25,1,5,1825823381,BFS,1,96,10273,209,1.000,268,3000056,3000056
74,500,500,25,1,5,1825823381,DFS,1,85458,92395,85459,10.000,255872,3000056,3000056
75,500,500,25,1,5,1128571854,BFS,1,445,115138,490,10.000,1314,3000056,3000056
75,500,500,25,1,5,1128571854,DFS,1,164087,231343,207734,29.000,491568,3000056,3000056
76,500,500,25,1,5,3858724498,BFS,1,318,135614,589,12.000,972,3000056,3000056
76,500,500,25,1,5,3858724498,DFS,1,91170,99415,91171,11.000,273583,3000056,3000056
77,500,500,25,1,5,563485129,BFS,1,560,188568,525,18.000,1636,3000056,3000056
77,500,500,25,1,5,563485129,DFS,1,104992,113541,104993,14.000,314561,3000056,3000056
78,500,500,25,1,5,2176521150,BFS,1,73,10117,293,1.000,237,3000056,3000056
78,500,500,25,1,5,2176521150,DFS,1,21165,23098,21199,2.000,63484,3000056,3000056
79,500,500,25,1,5,4006066182,BFS,1,491,205645,574,20.000,1499,3000056,3000056
79,500,500,25,1,5,4006066182,DFS,1,181087,226730,205918,29.000,542569,3000056,3000056
80,500,500,25,1,5,1076276401,BFS,1,389,119557,509,11.000,1237,3000056,3000056
80,500,500,25,1,5,1076276401,DFS,1,125725,136756,125726,15.000,377260,3000056,3000056
81,500,500,25,1,5,1763693511,BFS,1,233,65120,454,6.000,663,3000056,3000056
81,500,500,25,1,5,1763693511,DFS,1,114361,128386,114362,14.000,343331,3000056,3000056
82,500,500,25,1,5,2529553075,BFS,1,338,74628,396,6.000,1028,3000056,3000056
82,500,500,25,1,5,2529553075,DFS,1,116948,126836,116949,15.000,350732,3000056,3000056
83,500,500,25,1,5,2166409654,BFS,1,368,170459,725,18.000,1110,3000056,3000056
83,500,500,25,1,5,2166409654,DFS,1,175496,190137,175497,21.000,526142,3000056,3000056
84,500,500,25,1,5,1045405403,BFS,1,117,26574,460,2.000,352,3000056,3000056
84,500,500,25,1,5,1045405403,DFS,1,109883,119519,109884,14.000,329560,3000056,3000056
85,500,500,25,1,5,2042706170,BFS,1,347,173739,723,16.000,1033,3000056,3000056
85,500,500,25,1,5,2042706170,DFS,1,122405,132458,122406,15.000,367359,3000056,3000056
86,500,500,25,1,5,1148197209,BFS,1,340,113301,553,11.000,979,3000056,3000056
86,500,500,25,1,5,1148197209,DFS,1,185870,201454,185871,22.000,557360,3000056,3000056
87,500,500,25,1,5,3755788565,BFS,1,274,147299,1026,14.000,831,3000056,3000056
87,500,500,25,1,5,3755788565,DFS,1,188458,205559,188459,24.000,565161,3000056,3000056
88,500,500,25,1,5,1674512056,BFS,1,100,19663,395,2.000,302,3000056,3000056
88,500,500,25,1,5,1674512056,DFS,1,140096,153534,140097,17.000,420578,3000056,3000056
89,500,500,25,1,5,3423363040,BFS,1,465,173366,580,16.000,1384,3000056,3000056
89,500,500,25,1,5,3423363040,DFS,1,100467,109088,100468,13.000,301559,3000056,3000056
90,500,500,25,1,5,1423233026,BFS,1,321,117669,533,11.000,958,3000056,3000056
90,500,500,25,1,5,1423233026,DFS,1,60793,65765,60794,7.000,181969,3000056,3000056
91,500,500,25,1,5,213796555,BFS,1,377,208591,824,19.000,1102,3000056,3000056
91,500,500,25,1,5,213796555,DFS,1,109649,236808,204973,34.000,329195,3000056,3000056
92,500,500,25,1,5,1880801680,BFS,1,416,157534,583,15.000,1260,3000056,3000056
92,500,500,25,1,5,1880801680,DFS,1,18640,20110,18641,2.000,55491,3000056,3000056
93,500,500,25,1,5,2612478746,BFS,1,509,210370,594,19.000,1517,3000056,3000056
93,500,500,25,1,5,2612478746,DFS,1,169521,185186,169522,20.000,507827,3000056,3000056
94,500,500,25,1,5,3472880574,BFS,1,274,139682,858,13.000,845,3000056,3000056
94,500,500,25,1,5,3472880574,DFS,1,29686,32562,29687,3.000,88668,3000056,3000056
95,500,500,25,1,5,1217488674,BFS,1,353,94759,444,9.000,1085,3000056,3000056
95,500,500,25,1,5,1217488674,DFS,1,97401,105963,97402,12.000,292153,3000056,3000056
96,500,500,25,1,5,1742098060,BFS,1,618,230669,614,22.000,1807,3000056,3000056
96,500,500,25,1,5,1742098060,DFS,1,199732,217497,199733,24.000,599148,3000056,3000056
97,500,500,25,1,5,2257715324,BFS,1,8,116,32,0.000,18,3000056,3000056
97,500,500,25,1,5,2257715324,DFS,1,120490,132843,120491,15.000,362094,3000056,3000056
98,500,500,25,1,5,589445652,BFS,1,400,120472,511,11.000,1205,3000056,3000056
98,500,500,25,1,5,589445652,DFS,1,205736,223438,205737,25.000,615974,3000056,3000056
99,500,500,25,1,5,2924409026,BFS,1,187,68941,747,7.000,558,3000056,3000056
99,500,500,25,1,5,2924409026,DFS,1,171165,185825,171166,20.000,513104,3000056,3000056
100,500,500,25,1,5,3008507928,BFS,1,391,134742,539,12.000,1159,3000056,3000056
100,500,500,25,1,5,3008507928,DFS,1,12545,13473,12546,1.000,37692,3000056,3000056
1,500,500,50,1,5,1377780956,BFS,1,322,131765,630,13.000,943,3000056,3000056
1,500,500,50,1,5,1377780956,DFS,1,30152,36211,30153,5.000,89977,3000056,3000056
2,500,500,50,1,5,2381017353,BFS,1,288,141833,848,14.000,875,3000056,3000056
2,500,500,50,1,5,2381017353,DFS,1,158872,200367,158873,26.000,476868,3000056,3000056
3,500,500,50,1,5,347506497,BFS,1,201,74246,768,9.000,586,3000056,3000056
3,500,500,50,1,5,347506497,DFS,1,28013,33774,28014,4.000,84359,3000056,3000056
4,500,500,50,1,5,2351299497,BFS,1,419,147450,566,16.000,1245,3000056,3000056
4,500,500,50,1,5,2351299497,DFS,1,67861,83567,67862,12.000,203180,3000056,3000056
5,500,500,50,1,5,4247155690,BFS,1,213,44226,325,4.000,646,3000056,3000056
5,500,500,50,1,5,4247155690,DFS,1,96535,118151,96536,15.000,289430,3000056,3000056
6,500,500,50,1,5,78013123,BFS,1,231,89286,643,9.000,709,3000056,3000056
6,500,500,50,1,5,78013123,DFS,1,161503,214315,172255,29.000,485077,3000056,3000056
7,500,500,50,1,5,1142209846,BFS,1,407,157035,573,17.000,1252,3000056,3000056
7,500,500,50,1,5,1142209846,DFS,1,139359,171548,139360,23.000,418143,3000056,3000056
8,500,500,50,1,5,2237745441,BFS,1,203,44480,417,4.000,623,3000056,3000056
8,500,500,50,1,5,2237745441,DFS,1,12839,15658,12840,2.000,38526,3000056,3000056
9,500,500,50,1,5,3138890463,BFS,1,233,95144,710,10.000,711,3000056,3000056
9,500,500,50,1,5,3138890463,DFS,1,99645,227827,170694,35.000,298451,3000056,3000056
10,500,500,50,1,5,1841494134,BFS,1,170,52977,596,6.000,527,3000056,3000056
10,500,500,50,1,5,1841494134,DFS,1,9704,11897,9716,1.000,29046,3000056,3000056
11,500,500,50,1,5,179837449,BFS,1,531,207981,592,21.000,1535,3000056,3000056
11,500,500,50,1,5,179837449,DFS,1,155215,191608,155216,26.000,466570,3000056,3000056
12,500,500,50,1,5,3995709634,BFS,1,467,179885,579,19.000,1480,3000056,3000056
12,500,500,50,1,5,3995709634,DFS,1,50039,60728,50040,8.000,150338,3000056,3000056
13,500,500,50,1,5,81621938,BFS,1,816,241079,581,24.000,2460,3000056,3000056
13,500,500,50,1,5,81621938,DFS,1,20892,25175,20893,3.000,62534,3000056,3000056
14,500,500,50,1,5,2825163021,BFS,1,421,102235,457,11.000,1298,3000056,3000056
14,500,500,50,1,5,2825163021,DFS,1,50707,61924,50708,8.000,152146,3000056,3000056
15,500,500,50,1,5,390558879,BFS,1,598,221829,536,23.000,1768,3000056,3000056
15,500,500,50,1,5,390558879,DFS,1,53338,65250,53339,8.000,160149,3000056,3000056
16,500,500,50,1,5,3614495009,BFS,1,262,119596,815,12.000,765,3000056,3000056
16,500,500,50,1,5,3614495009,DFS,1,92766,229735,172287,39.000,278250,3000056,3000056
17,500,500,50,1,5,2859369079,BFS,1,447,163408,570,17.000,1344,3000056,3000056
17,500,500,50,1,5,2859369079,DFS,1,151025,187382,151026,26.000,453047,3000056,3000056
18,500,500,50,1,5,1846749049,BFS,1,201,48842,402,5.000,575,3000056,3000056
18,500,500,50,1,5,1846749049,DFS,1,47475,57637,47476,7.000,142441,3000056,3000056
19,500,500,50,1,5,1502426856,BFS,1,79,10950,294,1.000,242,3000056,3000056
19,500,500,50,1,5,1502426856,DFS,1,29733,243608,171978,43.000,89167,3000056,3000056
20,500,500,50,1,5,3629806620,BFS,1,405,167250,624,17.000,1243,3000056,3000056
20,500,500,50,1,5,3629806620,DFS,1,35249,47410,35250,6.000,105653,3000056,3000056
21,500,500,50,1,5,4137895181,BFS,1,267,88584,464,9.000,787,3000056,3000056
21,500,500,50,1,5,4137895181,DFS,1,27573,34261,27574,4.000,82724,3000056,3000056
22,500,500,50,1,5,3536591298,BFS,1,480,158756,577,16.000,1403,3000056,3000056
22,500,500,50,1,5,3536591298,DFS,1,88390,109682,88391,14.000,265504,3000056,3000056
23,500,500,50,1,5,857792562,BFS,1,334,96459,462,9.000,1010,3000056,3000056
23,500,500,50,1,5,857792562,DFS,1,150770,185746,150772,24.000,452006,3000056,3000056
24,500,500,50,1,5,537695183,BFS,1,381,135168,554,13.000,1138,3000056,3000056
24,500,500,50,1,5,537695183,DFS,1,25737,31080,25738,4.000,77127,3000056,3000056
25,500,500,50,1,5,1387848178,BFS,1,257,67535,396,6.000,815,3000056,3000056
25,500,500,50,1,5,1387848178,DFS,1,13483,16713,13484,2.000,40390,3000056,3000056
26,500,500,50,1,5,4000397999,BFS,1,390,128434,543,13.000,1173,3000056,3000056
26,500,500,50,1,5,4000397999,DFS,1,92838,228898,168053,36.000,278300,3000056,3000056
27,500,500,50,1,5,2821342951,BFS,1,489,190854,566,18.000,1431,3000056,3000056
27,500,500,50,1,5,2821342951,DFS,1,146129,219048,171981,32.000,437878,3000056,3000056
28,500,500,50,1,5,2752317207,BFS,1,398,197493,709,27.000,1195,3000056,3000056
28,500,500,50,1,5,2752317207,DFS,1,5860,7015,5861,1.000,17456,3000056,3000056
29,500,500,50,1,5,3288749436,BFS,1,571,216949,547,25.000,1735,3000056,3000056
29,500,500,50,1,5,3288749436,DFS,1,151545,187730,151546,30.000,455104,3000056,3000056
30,500,500,50,1,5,1728256976,BFS,1,222,53263,434,5.000,654,3000056,3000056
30,500,500,50,1,5,1728256976,DFS,1,56000,79126,56001,11.000,167926,3000056,3000056
31,500,500,50,1,5,3614008932,BFS,1,577,221123,633,23.000,1749,3000056,3000056
31,500,500,50,1,5,3614008932,DFS,1,28225,34822,28226,4.000,84996,3000056,3000056
32,500,500,50,1,5,3312210238,BFS,1,446,111280,470,11.000,1305,3000056,3000056
32,500,500,50,1,5,3312210238,DFS,1,52352,237960,170578,41.000,157128,3000056,3000056
33,500,500,50,1,5,3267233806,BFS,1,451,182339,597,18.000,1326,3000056,3000056
33,500,500,50,1,5,3267233806,DFS,1,56345,69233,56346,9.000,169560,3000056,3000056
34,500,500,50,1,5,2507924270,BFS,1,156,43820,577,5.000,462,3000056,3000056
34,500,500,50,1,5,2507924270,DFS,1,62076,82103,62077,10.000,186431,3000056,3000056
35,500,500,50,1,5,3773984801,BFS,1,529,226674,638,23.000,1520,3000056,3000056
35,500,500,50,1,5,3773984801,DFS,1,150113,216774,171898,33.000,450309,3000056,3000056
36,500,500,50,1,5,3904750396,BFS,1,617,236100,554,23.000,1870,3000056,3000056
36,500,500,50,1,5,3904750396,DFS,1,170641,210607,170642,27.000,511519,3000056,3000056
37,500,500,50,1,5,1296908912,BFS,1,77,10801,290,1.000,233,3000056,3000056
37,500,500,50,1,5,1296908912,DFS,1,141679,174574,141680,22.000,425229,3000056,3000056
38,500,500,50,1,5,3282833501,BFS,1,502,163940,558,16.000,1496,3000056,3000056
38,500,500,50,1,5,3282833501,DFS,1,79976,232525,170225,40.000,240097,3000056,3000056
39,500,500,50,1,5,454508389,BFS,1,395,141254,565,14.000,1182,3000056,3000056
39,500,500,50,1,5,454508389,DFS,1,64969,80367,64970,10.000,195060,3000056,3000056
40,500,500,50,1,5,2567961342,BFS,1,579,219463,564,21.000,1711,3000056,3000056
40,500,500,50,1,5,2567961342,DFS,1,10731,13055,10732,2.000,32104,3000056,3000056
41,500,500,50,1,5,2453540926,BFS,1,296,83278,560,9.000,861,3000056,3000056
41,500,500,50,1,5,2453540926,DFS,1,100654,124266,100655,16.000,301632,3000056,3000056
42,500,500,50,1,5,2255295285,BFS,1,357,145274,596,15.000,1061,3000056,3000056
42,500,500,50,1,5,2255295285,DFS,1,25151,244570,166947,45.000,75710,3000056,3000056
43,500,500,50,1,5,3444265455,BFS,1,386,111009,484,11.000,1138,3000056,3000056
43,500,500,50,1,5,3444265455,DFS,1,164718,214390,172397,28.000,494913,3000056,3000056
44,500,500,50,1,5,2995126228,BFS,1,281,117275,698,11.000,805,3000056,3000056
44,500,500,50,1,5,2995126228,DFS,1,73569,90205,73570,12.000,220986,3000056,3000056
45,500,500,50,1,5,4039530514,BFS,1,129,14365,198,2.000,371,3000056,3000056
45,500,500,50,1,5,4039530514,DFS,1,14071,17683,14072,2.000,42134,3000056,3000056
46,500,500,50,1,5,367756488,BFS,1,634,248977,675,25.000,1908,3000056,3000056
46,500,500,50,1,5,367756488,DFS,1,39762,48600,39763,6.000,119583,3000056,3000056
47,500,500,50,1,5,4034071675,BFS,1,735,219613,575,22.000,2190,3000056,3000056
47,500,500,50,1,5,4034071675,DFS,1,47695,239490,170047,41.000,143827,3000056,3000056
48,500,500,50,1,5,80474063,BFS,1,227,85397,672,8.000,706,3000056,3000056
48,500,500,50,1,5,80474063,DFS,1,23013,27824,23014,3.000,69332,3000056,3000056
49,500,500,50,1,5,3211691976,BFS,1,576,166181,567,16.000,1704,3000056,3000056
49,500,500,50,1,5,3211691976,DFS,1,34586,41844,34587,5.000,104485,3000056,3000056
50,500,500,50,1,5,1094858055,BFS,1,665,219251,546,21.000,2015,3000056,3000056
50,500,500,50,1,5,1094858055,DFS,1,137761,219290,171174,31.000,412850,3000056,3000056
51,500,500,50,1,5,2856532601,BFS,1,212,66252,556,7.000,648,3000056,3000056
51,500,500,50,1,5,2856532601,DFS,1,62802,78454,62832,10.000,188430,3000056,3000056
52,500,500,50,1,5,1744357174,BFS,1,75,9205,225,1.000,220,3000056,3000056
52,500,500,50,1,5,1744357174,DFS,1,43351,52966,43352,7.000,130177,3000056,3000056
53,500,500,50,1,5,3866140802,BFS,1,385,200009,793,21.000,1136,3000056,3000056
53,500,500,50,1,5,3866140802,DFS,1,18727,22512,18728,2.000,56245,3000056,3000056
54,500,500,50,1,5,937644227,BFS,1,565,214545,546,21.000,1677,3000056,3000056
54,500,500,50,1,5,937644227,DFS,1,94281,117019,94282,15.000,283042,3000056,3000056
55,500,500,50,1,5,3729029377,BFS,1,371,169602,647,18.000,1082,3000056,3000056
55,500,500,50,1,5,3729029377,DFS,1,54265,66015,54266,8.000,163223,3000056,3000056
56,500,500,50,1,5,3752744155,BFS,1,203,71461,636,7.000,613,3000056,3000056
56,500,500,50,1,5,3752744155,DFS,1,117845,223813,171104,33.000,353111,3000056,3000056
57,500,500,50,1,5,1620715732,BFS,1,733,235426,583,23.000,2137,3000056,3000056
57,500,500,50,1,5,1620715732,DFS,1,80751,99312,80752,12.000,242344,3000056,3000056
58,500,500,50,1,5,4039692913,BFS,1,316,133644,660,14.000,953,3000056,3000056
58,500,500,50,1,5,4039692913,DFS,1,58886,72667,58887,9.000,176876,3000056,3000056
59,500,500,50,1,5,584624047,BFS,1,48,3321,124,0.000,142,3000056,3000056
59,500,500,50,1,5,584624047,DFS,1,105586,128592,105587,16.000,316356,3000056,3000056
60,500,500,50,1,5,2313772466,BFS,1,416,187538,656,19.000,1258,3000056,3000056
60,500,500,50,1,5,2313772466,DFS,1,82908,102493,82910,13.000,248382,3000056,3000056
61,500,500,50,1,5,978565111,BFS,1,115,23373,429,2.000,354,3000056,3000056
61,500,500,50,1,5,978565111,DFS,1,94521,118132,94523,17.000,283309,3000056,3000056
62,500,500,50,1,5,817356282,BFS,1,167,50022,602,5.000,467,3000056,3000056
62,500,500,50,1,5,817356282,DFS,1,48485,59663,48486,8.000,146097,3000056,3000056
63,500,500,50,1,5,4114550052,BFS,1,405,149045,576,16.000,1206,3000056,3000056
63,500,500,50,1,5,4114550052,DFS,1,74817,92183,74818,16.000,224606,3000056,3000056
64,500,500,50,1,5,965257199,BFS,1,611,211212,569,22.000,1818,3000056,3000056
64,500,500,50,1,5,965257199,DFS,1,125433,155706,125434,19.000,375490,3000056,3000056
65,500,500,50,1,5,2678810994,BFS,1,577,245406,771,25.000,1717,3000056,3000056
65,500,500,50,1,5,2678810994,DFS,1,166885,207378,166886,26.000,500795,3000056,3000056
66,500,500,50,1,5,3431650894,BFS,1,127,26507,378,3.000,407,3000056,3000056
66,500,500,50,1,5,3431650894,DFS,1,39599,49432,39600,6.000,119212,3000056,3000056
67,500,500,50,1,5,2240443224,BFS,1,101,18665,389,1.000,316,3000056,3000056
67,500,500,50,1,5,2240443224,DFS,1,33373,43481,33390,5.000,100110,3000056,3000056
68,500,500,50,1,5,443531572,BFS,1,94,15482,344,2.000,257,3000056,3000056
68,500,500,50,1,5,443531572,DFS,1,45158,59235,45159,7.000,135535,3000056,3000056
69,500,500,50,1,5,2971252222,BFS,1,520,231224,675,24.000,1569,3000056,3000056
69,500,500,50,1,5,2971252222,DFS,1,46870,57007,46871,8.000,140803,3000056,3000056
70,500,500,50,1,5,1134063631,BFS,1,429,156736,577,15.000,1274,3000056,3000056
70,500,500,50,1,5,1134063631,DFS,1,114625,223555,171348,33.000,343731,3000056,3000056
71,500,500,50,1,5,3981891422,BFS,1,314,105475,496,11.000,946,3000056,3000056
71,500,500,50,1,5,3981891422,DFS,1,60052,79681,60053,10.000,180361,3000056,3000056
72,500,500,50,1,5,1295442303,BFS,1,244,105327,802,12.000,695,3000056,3000056
72,500,500,50,1,5,1295442303,DFS,1,51302,62283,51303,7.000,153682,3000056,3000056
73,500,500,50,1,5,439470105,BFS,1,70,7419,195,1.000,196,3000056,3000056
73,500,500,50,1,5,439470105,DFS,1,22662,28220,22663,3.000,68288,3000056,3000056
74,500,500,50,1,5,975836755,BFS,1,96,9374,193,1.000,296,3000056,3000056
74,500,500,50,1,5,975836755,DFS,1,58724,72341,58725,9.000,175746,3000056,3000056
75,500,500,50,1,5,3849262646,BFS,1,445,108459,466,10.000,1294,3000056,3000056
75,500,500,50,1,5,3849262646,DFS,1,137459,169569,137460,22.000,411803,3000056,3000056
76,500,500,50,1,5,859657547,BFS,1,320,130678,593,13.000,915,3000056,3000056
76,500,500,50,1,5,859657547,DFS,1,106400,131398,106401,17.000,319245,3000056,3000056
77,500,500,50,1,5,1102026277,BFS,1,560,182340,553,18.000,1675,3000056,3000056
77,500,500,50,1,5,1102026277,DFS,1,92824,115657,92825,15.000,278366,3000056,3000056
78,500,500,50,1,5,4244803187,BFS,1,75,10092,279,1.000,234,3000056,3000056
78,500,500,50,1,5,4244803187,DFS,1,23173,28842,23174,4.000,69750,3000056,3000056
79,500,500,50,1,5,1634510420,BFS,1,491,199234,583,20.000,1494,3000056,3000056
79,500,500,50,1,5,1634510420,DFS,1,151857,189499,151858,24.000,454871,3000056,3000056
80,500,500,50,1,5,2874142617,BFS,1,389,112157,481,11.000,1199,3000056,3000056
80,500,500,50,1,5,2874142617,DFS,1,106481,131536,106482,16.000,319019,3000056,3000056
81,500,500,50,1,5,1508549732,BFS,1,233,62217,464,7.000,692,3000056,3000056
81,500,500,50,1,5,1508549732,DFS,1,94671,119188,94693,18.000,284302,3000056,3000056
82,500,500,50,1,5,4120220970,BFS,1,378,85222,417,9.000,1115,3000056,3000056
82,500,500,50,1,5,4120220970,DFS,1,90424,112532,90436,15.000,271325,3000056,3000056
83,500,500,50,1,5,38270759,BFS,1,368,166456,751,20.000,1091,3000056,3000056
83,500,500,50,1,5,38270759,DFS,1,148040,182408,148041,24.000,444012,3000056,3000056
84,500,500,50,1,5,2771810352,BFS,1,125,28220,467,2.000,390,3000056,3000056
84,500,500,50,1,5,2771810352,DFS,1,203,216,204,0.000,617,3000056,3000056
85,500,500,50,1,5,4038628439,BFS,1,347,166178,748,17.000,1018,3000056,3000056
85,500,500,50,1,5,4038628439,DFS,1,107777,132842,107780,17.000,323973,3000056,3000056
86,500,500,50,1,5,2483987307,BFS,1,340,107346,533,11.000,1009,3000056,3000056
86,500,500,50,1,5,2483987307,DFS,1,148572,184250,148573,24.000,445598,3000056,3000056
87,500,500,50,1,5,2109138936,BFS,1,276,141189,1036,14.000,847,3000056,3000056
87,500,500,50,1,5,2109138936,DFS,1,154464,214922,169732,31.000,463185,3000056,3000056
88,500,500,50,1,5,186833375,BFS,1,110,22252,420,2.000,304,3000056,3000056
88,500,500,50,1,5,186833375,DFS,1,111426,138484,111427,18.000,334523,3000056,3000056
89,500,500,50,1,5,3255912950,BFS,1,467,166165,588,16.000,1435,3000056,3000056
89,500,500,50,1,5,3255912950,DFS,1,78951,97129,78952,12.000,236843,3000056,3000056
90,500,500,50,1,5,2148195368,BFS,1,321,112023,516,11.000,934,3000056,3000056
90,500,500,50,1,5,2148195368,DFS,1,40375,240551,169634,41.000,120641,3000056,3000056
91,500,500,50,1,5,3414134266,BFS,1,377,207574,869,21.000,1114,3000056,3000056
91,500,500,50,1,5,3414134266,DFS,1,85741,226632,168997,36.000,257103,3000056,3000056
92,500,500,50,1,5,2864335060,BFS,1,428,155514,576,15.000,1301,3000056,3000056
92,500,500,50,1,5,2864335060,DFS,1,14030,17066,14031,2.000,41593,3000056,3000056
93,500,500,50,1,5,2008479746,BFS,1,509,204439,614,20.000,1559,3000056,3000056
93,500,500,50,1,5,2008479746,DFS,1,128189,221306,170391,32.000,384942,3000056,3000056
94,500,500,50,1,5,16063019,BFS,1,274,133852,882,14.000,829,3000056,3000056
94,500,500,50,1,5,16063019,DFS,1,23446,29356,23447,4.000,69944,3000056,3000056
95,500,500,50,1,5,1422934047,BFS,1,353,89099,433,9.000,1040,3000056,3000056
95,500,500,50,1,5,1422934047,DFS,1,77131,95623,77132,18.000,231464,3000056,3000056
96,500,500,50,1,5,4219954661,BFS,1,620,230611,623,25.000,1845,3000056,3000056
96,500,500,50,1,5,4219954661,DFS,1,162556,202155,162557,26.000,487541,3000056,3000056
97,500,500,50,1,5,3367525958,BFS,1,8,107,30,0.000,21,3000056,3000056
97,500,500,50,1,5,3367525958,DFS,1,84648,104446,84649,13.000,254438,3000056,3000056
98,500,500,50,1,5,778022177,BFS,1,440,132550,522,13.000,1287,3000056,3000056
98,500,500,50,1,5,778022177,DFS,1,171360,214612,173096,27.000,513672,3000056,3000056
99,500,500,50,1,5,4213639155,BFS,1,189,64628,713,6.000,540,3000056,3000056
99,500,500,50,1,5,4213639155,DFS,1,137353,169401,137354,25.000,411874,3000056,3000056
100,500,500,50,1,5,3914821885,BFS,1,437,149912,553,15.000,1294,3000056,3000056
100,500,500,50,1,5,3914821885,DFS,1,11323,13626,11324,2.000,33806,3000056,3000056
1,500,500,75,1,5,2619589839,BFS,1,370,138708,583,15.000,1149,3000056,3000056
1,500,500,75,1,5,2619589839,DFS,1,17146,24139,17147,3.000,51377,3000056,3000056
2,500,500,75,1,5,2261495229,BFS,1,298,124723,771,13.000,865,3000056,3000056
2,500,500,75,1,5,2261495229,DFS,1,106132,185070,106133,28.000,317662,3000056,3000056
3,500,500,75,1,5,1947982535,BFS,1,243,84596,784,8.000,756,3000056,3000056
3,500,500,75,1,5,1947982535,DFS,1,20457,240806,122374,48.000,61735,3000056,3000056
4,500,500,75,1,5,2862650294,BFS,1,501,162006,540,17.000,1532,3000056,3000056
4,500,500,75,1,5,2862650294,DFS,1,17265,243074,114710,46.000,51345,3000056,3000056
5,500,500,75,1,5,2017236675,BFS,1,235,42368,285,4.000,734,3000056,3000056
5,500,500,75,1,5,2017236675,DFS,1,70133,214759,120199,36.000,210391,3000056,3000056
6,500,500,75,1,5,2214553851,BFS,1,253,87347,594,9.000,735,3000056,3000056
6,500,500,75,1,5,2214553851,DFS,1,104223,167339,104224,24.000,313357,3000056,3000056
7,500,500,75,1,5,1690668013,BFS,1,479,169326,552,18.000,1489,3000056,3000056
7,500,500,75,1,5,1690668013,DFS,1,96609,151018,96610,24.000,290706,3000056,3000056
8,500,500,75,1,5,311645369,BFS,1,223,43512,398,4.000,670,3000056,3000056
8,500,500,75,1,5,311645369,DFS,1,6657,12050,6792,2.000,19857,3000056,3000056
9,500,500,75,1,5,2537766835,BFS,1,255,91945,694,10.000,786,3000056,3000056
9,500,500,75,1,5,2537766835,DFS,1,70319,209411,121806,35.000,210775,3000056,3000056
10,500,500,75,1,5,215717600,BFS,1,176,43854,533,5.000,509,3000056,3000056
10,500,500,75,1,5,215717600,DFS,1,8648,246998,119439,46.000,26130,3000056,3000056
11,500,500,75,1,5,1840338575,BFS,1,575,202169,583,21.000,1636,3000056,3000056
11,500,500,75,1,5,1840338575,DFS,1,114477,180303,114567,28.000,343741,3000056,3000056
12,500,500,75,1,5,683334789,BFS,1,489,167809,538,18.000,1491,3000056,3000056
12,500,500,75,1,5,683334789,DFS,1,38305,58059,38306,8.000,114994,3000056,3000056
13,500,500,75,1,5,155281840,BFS,1,850,241781,563,25.000,2573,3000056,3000056
13,500,500,75,1,5,155281840,DFS,1,17408,241397,116696,45.000,52282,3000056,3000056
14,500,500,75,1,5,2038779711,BFS,1,465,102563,435,11.000,1364,3000056,3000056
14,500,500,75,1,5,2038779711,DFS,1,33101,235855,123544,42.000,99170,3000056,3000056
15,500,500,75,1,5,302206983,BFS,1,640,210316,526,22.000,1870,3000056,3000056
15,500,500,75,1,5,302206983,DFS,1,39858,61782,39860,9.000,119582,3000056,3000056
16,500,500,75,1,5,1714072176,BFS,1,274,107734,732,14.000,840,3000056,3000056
16,500,500,75,1,5,1714072176,DFS,1,69892,106260,69893,15.000,209634,3000056,3000056
17,500,500,75,1,5,1348850276,BFS,1,525,174839,523,18.000,1619,3000056,3000056
17,500,500,75,1,5,1348850276,DFS,1,106995,164658,106996,24.000,321175,3000056,3000056
18,500,500,75,1,5,2339610722,BFS,1,223,47302,394,5.000,628,3000056,3000056
18,500,500,75,1,5,2339610722,DFS,1,25975,40764,25976,6.000,77825,3000056,3000056
19,500,500,75,1,5,2587309794,BFS,1,85,9110,250,1.000,250,3000056,3000056
19,500,500,75,1,5,2587309794,DFS,1,19895,236804,116043,44.000,59603,3000056,3000056
20,500,500,75,1,5,32297377,BFS,1,477,177593,563,19.000,1430,3000056,3000056
20,500,500,75,1,5,32297377,DFS,1,23463,39933,23464,6.000,70577,3000056,3000056
21,500,500,75,1,5,4185950435,BFS,1,299,89936,459,9.000,883,3000056,3000056
21,500,500,75,1,5,4185950435,DFS,1,17685,25749,17686,4.000,53359,3000056,3000056
22,500,500,75,1,5,3092861184,BFS,1,540,159951,547,17.000,1596,3000056,3000056
22,500,500,75,1,5,3092861184,DFS,1,53910,81420,53911,11.000,162521,3000056,3000056
23,500,500,75,1,5,3319083345,BFS,1,390,101250,435,11.000,1139,3000056,3000056
23,500,500,75,1,5,3319083345,DFS,1,22832,240033,117078,44.000,68282,3000056,3000056
24,500,500,75,1,5,2060203962,BFS,1,439,143616,538,16.000,1327,3000056,3000056
24,500,500,75,1,5,2060203962,DFS,1,61267,206568,112097,35.000,184245,3000056,3000056
25,500,500,75,1,5,1528773270,BFS,1,307,73777,392,8.000,924,3000056,3000056
25,500,500,75,1,5,1528773270,DFS,1,12511,30645,12512,5.000,37235,3000056,3000056
26,500,500,75,1,5,1327405473,BFS,1,400,112569,486,11.000,1198,3000056,3000056
26,500,500,75,1,5,1327405473,DFS,1,84716,197400,116923,31.000,254470,3000056,3000056
27,500,500,75,1,5,1996582349,BFS,1,541,193097,542,21.000,1587,3000056,3000056
27,500,500,75,1,5,1996582349,DFS,1,108923,173953,108924,24.000,326557,3000056,3000056
28,500,500,75,1,5,1878151951,BFS,1,458,206339,685,22.000,1338,3000056,3000056
28,500,500,75,1,5,1878151951,DFS,1,7338,10728,7340,1.000,21940,3000056,3000056
29,500,500,75,1,5,1404670161,BFS,1,609,203688,518,27.000,1824,3000056,3000056
29,500,500,75,1,5,1404670161,DFS,1,99687,156877,99705,22.000,299163,3000056,3000056
30,500,500,75,1,5,838583704,BFS,1,262,59113,418,8.000,779,3000056,3000056
30,500,500,75,1,5,838583704,DFS,1,37840,230354,110663,43.000,113146,3000056,3000056
31,500,500,75,1,5,1708189219,BFS,1,607,219341,619,23.000,1815,3000056,3000056
31,500,500,75,1,5,1708189219,DFS,1,26071,38692,26074,6.000,78355,3000056,3000056
32,500,500,75,1,5,3212741168,BFS,1,476,102963,456,10.000,1426,3000056,3000056
32,500,500,75,1,5,3212741168,DFS,1,36276,53817,36278,8.000,108854,3000056,3000056
33,500,500,75,1,5,3835778900,BFS,1,501,183590,553,20.000,1530,3000056,3000056
33,500,500,75,1,5,3835778900,DFS,1,38725,59669,38726,9.000,116346,3000056,3000056
34,500,500,75,1,5,280274957,BFS,1,176,44545,530,4.000,522,3000056,3000056
34,500,500,75,1,5,280274957,DFS,1,44142,222570,116329,40.000,132591,3000056,3000056
35,500,500,75,1,5,1449812457,BFS,1,549,217440,587,22.000,1610,3000056,3000056
35,500,500,75,1,5,1449812457,DFS,1,107983,165449,107984,23.000,323522,3000056,3000056
36,500,500,75,1,5,3186462374,BFS,1,669,235814,532,24.000,1990,3000056,3000056
36,500,500,75,1,5,3186462374,DFS,1,116071,180578,116072,26.000,347900,3000056,3000056
37,500,500,75,1,5,1178238627,BFS,1,77,8327,236,1.000,223,3000056,3000056
37,500,500,75,1,5,1178238627,DFS,1,89793,141350,89794,21.000,269435,3000056,3000056
38,500,500,75,1,5,663103449,BFS,1,532,146995,539,16.000,1606,3000056,3000056
38,500,500,75,1,5,663103449,DFS,1,57974,221179,116071,40.000,173712,3000056,3000056
39,500,500,75,1,5,3137348868,BFS,1,457,152191,552,16.000,1358,3000056,3000056
39,500,500,75,1,5,3137348868,DFS,1,48645,75618,48646,12.000,146401,3000056,3000056
40,500,500,75,1,5,1247642920,BFS,1,597,203609,528,21.000,1754,3000056,3000056
40,500,500,75,1,5,1247642920,DFS,1,12417,244972,126296,47.000,36958,3000056,3000056
41,500,500,75,1,5,2379682506,BFS,1,352,93332,551,10.000,1093,3000056,3000056
41,500,500,75,1,5,2379682506,DFS,1,74478,116792,74479,17.000,223536,3000056,3000056
42,500,500,75,1,5,3328511100,BFS,1,409,150230,553,16.000,1223,3000056,3000056
42,500,500,75,1,5,3328511100,DFS,1,15267,23090,15284,3.000,45944,3000056,3000056
43,500,500,75,1,5,2369841096,BFS,1,436,114264,464,12.000,1267,3000056,3000056
43,500,500,75,1,5,2369841096,DFS,1,113884,186215,113885,27.000,341291,3000056,3000056
44,500,500,75,1,5,3917494733,BFS,1,313,118210,642,16.000,924,3000056,3000056
44,500,500,75,1,5,3917494733,DFS,1,50011,78303,50012,12.000,150037,3000056,3000056
45,500,500,75,1,5,936761548,BFS,1,145,14503,192,2.000,414,3000056,3000056
45,500,500,75,1,5,936761548,DFS,1,8661,12250,8662,2.000,25899,3000056,3000056
46,500,500,75,1,5,1427993359,BFS,1,656,248944,660,27.000,1925,3000056,3000056
46,500,500,75,1,5,1427993359,DFS,1,27466,45056,27467,7.000,82365,3000056,3000056
47,500,500,75,1,5,429813202,BFS,1,757,216268,574,26.000,2275,3000056,3000056
47,500,500,75,1,5,429813202,DFS,1,26139,39350,26140,5.000,78736,3000056,3000056
48,500,500,75,1,5,2431646894,BFS,1,247,81497,611,9.000,772,3000056,3000056
48,500,500,75,1,5,2431646894,DFS,1,18763,241179,119984,44.000,56413,3000056,3000056
49,500,500,75,1,5,522271475,BFS,1,658,174187,551,18.000,1984,3000056,3000056
49,500,500,75,1,5,522271475,DFS,1,24278,36678,24279,5.000,73196,3000056,3000056
50,500,500,75,1,5,425458312,BFS,1,687,211214,532,22.000,2074,3000056,3000056
50,500,500,75,1,5,425458312,DFS,1,100627,156661,100633,23.000,301393,3000056,3000056
51,500,500,75,1,5,2069625787,BFS,1,224,59254,476,6.000,694,3000056,3000056
51,500,500,75,1,5,2069625787,DFS,1,39388,57951,39389,8.000,117990,3000056,3000056
52,500,500,75,1,5,2483524571,BFS,1,91,9693,203,1.000,276,3000056,3000056
52,500,500,75,1,5,2483524571,DFS,1,23081,36210,23084,6.000,69289,3000056,3000056
53,500,500,75,1,5,782896115,BFS,1,443,209704,778,22.000,1337,3000056,3000056
53,500,500,75,1,5,782896115,DFS,1,16001,23814,16002,3.000,47839,3000056,3000056
54,500,500,75,1,5,1273642040,BFS,1,621,212159,525,23.000,1914,3000056,3000056
54,500,500,75,1,5,1273642040,DFS,1,70417,206459,116404,35.000,211240,3000056,3000056
55,500,500,75,1,5,849013026,BFS,1,389,155184,641,16.000,1152,3000056,3000056
55,500,500,75,1,5,849013026,DFS,1,58981,191973,109404,33.000,176913,3000056,3000056
56,500,500,75,1,5,269538289,BFS,1,231,74877,614,8.000,714,3000056,3000056
56,500,500,75,1,5,269538289,DFS,1,82259,204830,118094,34.000,246586,3000056,3000056
57,500,500,75,1,5,3179894332,BFS,1,763,235435,548,26.000,2252,3000056,3000056
57,500,500,75,1,5,3179894332,DFS,1,53645,80361,53646,12.000,160651,3000056,3000056
58,500,500,75,1,5,3327858220,BFS,1,338,125161,628,13.000,1000,3000056,3000056
58,500,500,75,1,5,3327858220,DFS,1,51544,200640,110917,34.000,154577,3000056,3000056
59,500,500,75,1,5,4182488815,BFS,1,52,2647,103,1.000,167,3000056,3000056
59,500,500,75,1,5,4182488815,DFS,1,71318,207371,119390,34.000,214059,3000056,3000056
60,500,500,75,1,5,3879015134,BFS,1,452,176407,577,19.000,1352,3000056,3000056
60,500,500,75,1,5,3879015134,DFS,1,34648,55164,34656,8.000,103961,3000056,3000056
61,500,500,75,1,5,1612199409,BFS,1,123,20096,372,2.000,381,3000056,3000056
61,500,500,75,1,5,1612199409,DFS,1,59413,94841,59454,14.000,177866,3000056,3000056
62,500,500,75,1,5,3614933748,BFS,1,195,53184,614,7.000,558,3000056,3000056
62,500,500,75,1,5,3614933748,DFS,1,40417,230992,118321,44.000,121881,3000056,3000056
63,500,500,75,1,5,816328545,BFS,1,413,131005,503,14.000,1291,3000056,3000056
63,500,500,75,1,5,816328545,DFS,1,57543,87038,57544,13.000,172816,3000056,3000056
64,500,500,75,1,5,2375881589,BFS,1,631,203126,558,21.000,1855,3000056,3000056
64,500,500,75,1,5,2375881589,DFS,1,91691,149402,91692,22.000,274474,3000056,3000056
65,500,500,75,1,5,3051320135,BFS,1,605,244609,725,31.000,1791,3000056,3000056
65,500,500,75,1,5,3051320135,DFS,1,112517,181328,112518,27.000,337685,3000056,3000056
66,500,500,75,1,5,1422769382,BFS,1,147,27664,341,3.000,444,3000056,3000056
66,500,500,75,1,5,1422769382,DFS,1,24607,238582,116166,45.000,74248,3000056,3000056
67,500,500,75,1,5,2260516764,BFS,1,109,16833,337,1.000,366,3000056,3000056
67,500,500,75,1,5,2260516764,DFS,1,19519,30506,19520,5.000,58480,3000056,3000056
68,500,500,75,1,5,2322225699,BFS,1,100,12833,284,1.000,309,3000056,3000056
68,500,500,75,1,5,2322225699,DFS,1,33476,50978,33477,7.000,100463,3000056,3000056
69,500,500,75,1,5,3740111172,BFS,1,574,235192,632,25.000,1681,3000056,3000056
69,500,500,75,1,5,3740111172,DFS,1,40840,61163,40841,8.000,122680,3000056,3000056
70,500,500,75,1,5,360268376,BFS,1,477,150970,530,16.000,1441,3000056,3000056
70,500,500,75,1,5,360268376,DFS,1,75003,127671,75004,19.000,225119,3000056,3000056
71,500,500,75,1,5,3569954991,BFS,1,340,100766,450,11.000,1055,3000056,3000056
71,500,500,75,1,5,3569954991,DFS,1,46548,222565,114260,39.000,139883,3000056,3000056
72,500,500,75,1,5,3517892962,BFS,1,284,113150,789,12.000,799,3000056,3000056
72,500,500,75,1,5,3517892962,DFS,1,36244,55085,36246,8.000,108675,3000056,3000056
73,500,500,75,1,5,3935596112,BFS,1,84,7480,181,0.000,261,3000056,3000056
73,500,500,75,1,5,3935596112,DFS,1,9796,14768,9797,2.000,29375,3000056,3000056
74,500,500,75,1,5,3168838933,BFS,1,104,9004,173,1.000,279,3000056,3000056
74,500,500,75,1,5,3168838933,DFS,1,47870,73079,47871,11.000,143572,3000056,3000056
75,500,500,75,1,5,916799343,BFS,1,479,100214,432,10.000,1408,3000056,3000056
75,500,500,75,1,5,916799343,DFS,1,101953,159227,101954,24.000,305303,3000056,3000056
76,500,500,75,1,5,2559763810,BFS,1,348,126124,574,14.000,1032,3000056,3000056
76,500,500,75,1,5,2559763810,DFS,1,49616,229075,118159,39.000,148652,3000056,3000056
77,500,500,75,1,5,4259209893,BFS,1,598,165828,551,17.000,1772,3000056,3000056
77,500,500,75,1,5,4259209893,DFS,1,60584,90442,60592,14.000,181751,3000056,3000056
78,500,500,75,1,5,158018319,BFS,1,99,13273,294,1.000,281,3000056,3000056
78,500,500,75,1,5,158018319,DFS,1,20855,234713,120403,44.000,62770,3000056,3000056
79,500,500,75,1,5,435576208,BFS,1,537,196652,578,20.000,1624,3000056,3000056
79,500,500,75,1,5,435576208,DFS,1,99623,200180,119420,32.000,299014,3000056,3000056
80,500,500,75,1,5,1536330694,BFS,1,425,107890,450,11.000,1296,3000056,3000056
80,500,500,75,1,5,1536330694,DFS,1,76197,115628,76198,18.000,228293,3000056,3000056
81,500,500,75,1,5,1848284117,BFS,1,247,56791,446,7.000,761,3000056,3000056
81,500,500,75,1,5,1848284117,DFS,1,64153,218554,114446,40.000,192437,3000056,3000056
82,500,500,75,1,5,2276425276,BFS,1,444,94434,420,9.000,1369,3000056,3000056
82,500,500,75,1,5,2276425276,DFS,1,63066,96230,63068,15.000,188975,3000056,3000056
83,500,500,75,1,5,3115018064,BFS,1,392,160529,719,16.000,1195,3000056,3000056
83,500,500,75,1,5,3115018064,DFS,1,99472,149865,99508,21.000,298090,3000056,3000056
84,500,500,75,1,5,4142253,BFS,1,147,28653,450,3.000,443,3000056,3000056
84,500,500,75,1,5,4142253,DFS,1,26715,234198,114316,43.000,80173,3000056,3000056
85,500,500,75,1,5,2187233818,BFS,1,371,157192,746,17.000,1144,3000056,3000056
85,500,500,75,1,5,2187233818,DFS,1,75901,115765,75902,17.000,228235,3000056,3000056
86,500,500,75,1,5,1423492245,BFS,1,362,100946,481,10.000,1089,3000056,3000056
86,500,500,75,1,5,1423492245,DFS,1,100000,168804,100009,26.000,299490,3000056,3000056
87,500,500,75,1,5,4053537382,BFS,1,304,135668,964,16.000,920,3000056,3000056
87,500,500,75,1,5,4053537382,DFS,1,102018,174592,102019,28.000,305681,3000056,3000056
88,500,500,75,1,5,62213182,BFS,1,124,21957,387,3.000,364,3000056,3000056
88,500,500,75,1,5,62213182,DFS,1,72366,111128,72367,16.000,217485,3000056,3000056
89,500,500,75,1,5,273919136,BFS,1,515,161822,541,16.000,1549,3000056,3000056
89,500,500,75,1,5,273919136,DFS,1,55495,90391,55535,13.000,166521,3000056,3000056
90,500,500,75,1,5,710752643,BFS,1,351,106814,476,11.000,1051,3000056,3000056
90,500,500,75,1,5,710752643,DFS,1,31365,46963,31366,7.000,93477,3000056,3000056
91,500,500,75,1,5,1762704345,BFS,1,409,205707,841,21.000,1244,3000056,3000056
91,500,500,75,1,5,1762704345,DFS,1,62119,222084,118556,38.000,186577,3000056,3000056
92,500,500,75,1,5,3666989213,BFS,1,504,166489,558,18.000,1561,3000056,3000056
92,500,500,75,1,5,3666989213,DFS,1,12476,243987,115912,45.000,37122,3000056,3000056
93,500,500,75,1,5,205686743,BFS,1,547,196915,585,21.000,1635,3000056,3000056
93,500,500,75,1,5,205686743,DFS,1,102195,200981,119052,31.000,306434,3000056,3000056
94,500,500,75,1,5,3905347375,BFS,1,298,126154,872,15.000,903,3000056,3000056
94,500,500,75,1,5,3905347375,DFS,1,18970,28144,18971,4.000,56736,3000056,3000056
95,500,500,75,1,5,3316821235,BFS,1,371,78956,367,8.000,1116,3000056,3000056
95,500,500,75,1,5,3316821235,DFS,1,56519,86098,56527,13.000,169296,3000056,3000056
96,500,500,75,1,5,1377336336,BFS,1,656,231288,591,24.000,1988,3000056,3000056
96,500,500,75,1,5,1377336336,DFS,1,115004,182842,115010,27.000,345312,3000056,3000056
97,500,500,75,1,5,3211453870,BFS,1,12,155,31,0.000,36,3000056,3000056
97,500,500,75,1,5,3211453870,DFS,1,60318,92896,60319,14.000,181450,3000056,3000056
98,500,500,75,1,5,2161141938,BFS,1,516,142954,525,15.000,1522,3000056,3000056
98,500,500,75,1,5,2161141938,DFS,1,119576,193421,121804,28.000,357668,3000056,3000056
99,500,500,75,1,5,1423654251,BFS,1,203,59227,638,6.000,586,3000056,3000056
99,500,500,75,1,5,1423654251,DFS,1,103473,163323,103474,27.000,310811,3000056,3000056
100,500,500,75,1,5,546011195,BFS,1,499,155857,537,16.000,1554,3000056,3000056
100,500,500,75,1,5,546011195,DFS,1,7761,10816,7762,1.000,23247,3000056,3000056
1,500,500,100,1,5,1924685531,BFS,1,15190,43678,22,4.000,45668,3000056,3000056
1,500,500,100,1,5,1924685531,DFS,1,15190,242824,67360,43.000,45668,3000056,3000056
2,500,500,100,1,5,2152139440,BFS,1,50598,231251,33,23.000,152167,3000056,3000056
2,500,500,100,1,5,2152139440,DFS,1,50598,207759,50651,34.000,152167,3000056,3000056
3,500,500,100,1,5,854358147,BFS,1,30405,95807,28,10.000,91377,3000056,3000056
3,500,500,100,1,5,854358147,DFS,1,30405,54876,30422,8.000,91377,3000056,3000056
4,500,500,100,1,5,64493246,BFS,1,14377,38494,20,3.000,42993,3000056,3000056
4,500,500,100,1,5,64493246,DFS,1,14377,35414,15398,5.000,42993,3000056,3000056
5,500,500,100,1,5,721472472,BFS,1,49549,155839,26,16.000,148225,3000056,3000056
5,500,500,100,1,5,721472472,DFS,1,49549,198604,74269,33.000,148225,3000056,3000056
6,500,500,100,1,5,1307245136,BFS,1,8333,19041,17,2.000,24913,3000056,3000056
6,500,500,100,1,5,1307245136,DFS,1,8333,16623,9056,2.000,24913,3000056,3000056
7,500,500,100,1,5,388841089,BFS,1,47831,176081,26,16.000,144444,3000056,3000056
7,500,500,100,1,5,388841089,DFS,1,47831,101468,51788,14.000,144444,3000056,3000056
8,500,500,100,1,5,1153697413,BFS,1,57537,212369,36,21.000,172282,3000056,3000056
8,500,500,100,1,5,1153697413,DFS,1,57537,155067,57827,23.000,172282,3000056,3000056
9,500,500,100,1,5,2675659248,BFS,1,55179,200635,28,21.000,165161,3000056,3000056
9,500,500,100,1,5,2675659248,DFS,1,55179,189109,61729,30.000,165161,3000056,3000056
10,500,500,100,1,5,3358993405,BFS,1,30174,85935,24,9.000,90386,3000056,3000056
10,500,500,100,1,5,3358993405,DFS,1,30174,55263,34269,7.000,90386,3000056,3000056
11,500,500,100,1,5,983641595,BFS,1,34357,118090,38,12.000,102877,3000056,3000056
11,500,500,100,1,5,983641595,DFS,1,34357,159773,52438,25.000,102877,3000056,3000056
12,500,500,100,1,5,723973501,BFS,1,53267,207960,36,22.000,159929,3000056,3000056
12,500,500,100,1,5,723973501,DFS,1,53267,103170,53832,17.000,159929,3000056,3000056
13,500,500,100,1,5,3352131662,BFS,1,29724,74356,22,8.000,89320,3000056,3000056
13,500,500,100,1,5,3352131662,DFS,1,29724,151675,43046,27.000,89320,3000056,3000056
14,500,500,100,1,5,2319565334,BFS,1,22323,49259,17,6.000,67053,3000056,3000056
14,500,500,100,1,5,2319565334,DFS,1,22323,31204,22326,3.000,67053,3000056,3000056
15,500,500,100,1,5,1850733453,BFS,1,37222,135475,30,14.000,111804,3000056,3000056
15,500,500,100,1,5,1850733453,DFS,1,37222,201422,61201,33.000,111804,3000056,3000056
16,500,500,100,1,5,3811493737,BFS,1,19578,37312,14,4.000,58522,3000056,3000056
16,500,500,100,1,5,3811493737,DFS,1,19578,30525,19579,4.000,58522,3000056,3000056
17,500,500,100,1,5,2571677199,BFS,1,34991,84676,20,9.000,104678,3000056,3000056
17,500,500,100,1,5,2571677199,DFS,1,34991,59393,34992,8.000,104678,3000056,3000056
18,500,500,100,1,5,2860805743,BFS,1,57691,238350,39,25.000,173000,3000056,3000056
18,500,500,100,1,5,2860805743,DFS,1,57691,115727,57964,16.000,173000,3000056,3000056
19,500,500,100,1,5,1770600111,BFS,1,53639,196554,30,21.000,161401,3000056,3000056
19,500,500,100,1,5,1770600111,DFS,1,53639,136678,54123,21.000,161401,3000056,3000056
20,500,500,100,1,5,3320614035,BFS,1,49431,249837,40,25.000,148245,3000056,3000056
20,500,500,100,1,5,3320614035,DFS,1,49431,96927,49507,15.000,148245,3000056,3000056
21,500,500,100,1,5,3963087601,BFS,1,57907,190350,36,19.000,173425,3000056,3000056
21,500,500,100,1,5,3963087601,DFS,1,57907,145178,57908,21.000,173425,3000056,3000056
22,500,500,100,1,5,3813340918,BFS,1,42518,146093,27,14.000,127499,3000056,3000056
22,500,500,100,1,5,3813340918,DFS,1,42518,220949,60968,37.000,127499,3000056,3000056
23,500,500,100,1,5,922185944,BFS,1,21924,69696,29,9.000,65836,3000056,3000056
23,500,500,100,1,5,922185944,DFS,1,21924,223231,68506,41.000,65836,3000056,3000056
24,500,500,100,1,5,3282653887,BFS,1,61019,217781,29,23.000,182699,3000056,3000056
24,500,500,100,1,5,3282653887,DFS,1,61019,101359,61526,13.000,182699,3000056,3000056
25,500,500,100,1,5,2651326710,BFS,1,60235,245021,33,24.000,180471,3000056,3000056
25,500,500,100,1,5,2651326710,DFS,1,60235,142061,61377,21.000,180471,3000056,3000056
26,500,500,100,1,5,2282502041,BFS,1,51638,193343,31,20.000,154900,3000056,3000056
26,500,500,100,1,5,2282502041,DFS,1,51638,190173,60675,29.000,154900,3000056,3000056
27,500,500,100,1,5,1089351291,BFS,1,53665,207506,30,20.000,160943,3000056,3000056
27,500,500,100,1,5,1089351291,DFS,1,53665,204137,63424,32.000,160943,3000056,3000056
28,500,500,100,1,5,3758760877,BFS,1,50456,203769,26,20.000,151625,3000056,3000056
28,500,500,100,1,5,3758760877,DFS,1,50456,83198,50500,12.000,151625,3000056,3000056
29,500,500,100,1,5,1671880495,BFS,1,54721,180691,31,18.000,163592,3000056,3000056
29,500,500,100,1,5,1671880495,DFS,1,54721,115348,54722,17.000,163592,3000056,3000056
30,500,500,100,1,5,711030685,BFS,1,32542,117370,31,11.000,97426,3000056,3000056
30,500,500,100,1,5,711030685,DFS,1,32542,94214,38621,15.000,97426,3000056,3000056
31,500,500,100,1,5,2383078093,BFS,1,22039,52766,17,6.000,66010,3000056,3000056
31,500,500,100,1,5,2383078093,DFS,1,22039,31097,22040,7.000,66010,3000056,3000056
32,500,500,100,1,5,1092175499,BFS,1,44566,163217,34,17.000,133579,3000056,3000056
32,500,500,100,1,5,1092175499,DFS,1,44566,95832,44567,14.000,133579,3000056,3000056
33,500,500,100,1,5,3705790892,BFS,1,40987,138672,25,14.000,123196,3000056,3000056
33,500,500,100,1,5,3705790892,DFS,1,40987,208706,64937,33.000,123196,3000056,3000056
34,500,500,100,1,5,3244013582,BFS,1,16330,32737,22,3.000,49137,3000056,3000056
34,500,500,100,1,5,3244013582,DFS,1,16330,22843,16331,3.000,49137,3000056,3000056
35,500,500,100,1,5,2250696888,BFS,1,52041,183534,28,19.000,156043,3000056,3000056
35,500,500,100,1,5,2250696888,DFS,1,52041,195347,62751,31.000,156043,3000056,3000056
36,500,500,100,1,5,4088830500,BFS,1,35383,89074,19,9.000,106234,3000056,3000056
36,500,500,100,1,5,4088830500,DFS,1,35383,235024,79482,41.000,106234,3000056,3000056
37,500,500,100,1,5,3386818257,BFS,1,52591,228150,36,22.000,157808,3000056,3000056
37,500,500,100,1,5,3386818257,DFS,1,52591,112656,52592,16.000,157808,3000056,3000056
38,500,500,100,1,5,484659460,BFS,1,23244,52885,17,5.000,69717,3000056,3000056
38,500,500,100,1,5,484659460,DFS,1,23244,35340,23245,5.000,69717,3000056,3000056
39,500,500,100,1,5,901122044,BFS,1,47045,179771,24,18.000,141523,3000056,3000056
39,500,500,100,1,5,901122044,DFS,1,47045,98866,50398,14.000,141523,3000056,3000056
40,500,500,100,1,5,2346600488,BFS,1,37949,137661,26,13.000,113404,3000056,3000056
40,500,500,100,1,5,2346600488,DFS,1,37949,87957,37993,13.000,113404,3000056,3000056
41,500,500,100,1,5,1606885656,BFS,1,32586,117368,24,12.000,97535,3000056,3000056
41,500,500,100,1,5,1606885656,DFS,1,32586,146159,43476,23.000,97535,3000056,3000056
42,500,500,100,1,5,1845753168,BFS,1,46589,133816,22,13.000,139739,3000056,3000056
42,500,500,100,1,5,1845753168,DFS,1,46589,84037,49072,11.000,139739,3000056,3000056
43,500,500,100,1,5,676776724,BFS,1,16982,42881,19,4.000,50971,3000056,3000056
43,500,500,100,1,5,676776724,DFS,1,16982,31694,16983,4.000,50971,3000056,3000056
44,500,500,100,1,5,2871916572,BFS,1,26021,89230,24,9.000,78274,3000056,3000056
44,500,500,100,1,5,2871916572,DFS,1,26021,60018,26106,8.000,78274,3000056,3000056
45,500,500,100,1,5,1620659576,BFS,1,8525,19121,15,1.000,25561,3000056,3000056
45,500,500,100,1,5,1620659576,DFS,1,8525,15007,8580,2.000,25561,3000056,3000056
46,500,500,100,1,5,3503345158,BFS,1,73460,239765,27,24.000,220263,3000056,3000056
46,500,500,100,1,5,3503345158,DFS,1,73460,162551,73526,24.000,220263,3000056,3000056
47,500,500,100,1,5,748045884,BFS,1,47943,165345,41,17.000,144290,3000056,3000056
47,500,500,100,1,5,748045884,DFS,1,47943,90921,48127,13.000,144290,3000056,3000056
48,500,500,100,1,5,3966520873,BFS,1,36125,112973,33,11.000,108855,3000056,3000056
48,500,500,100,1,5,3966520873,DFS,1,36125,207021,74817,35.000,108855,3000056,3000056
49,500,500,100,1,5,1800170435,BFS,1,34336,118587,30,12.000,102892,3000056,3000056
49,500,500,100,1,5,1800170435,DFS,1,34336,76951,37501,11.000,102892,3000056,3000056
50,500,500,100,1,5,4280913508,BFS,1,54173,165945,28,17.000,162272,3000056,3000056
50,500,500,100,1,5,4280913508,DFS,1,54173,204323,66003,31.000,162272,3000056,3000056
51,500,500,100,1,5,3695746619,BFS,1,37188,133315,27,14.000,111337,3000056,3000056
51,500,500,100,1,5,3695746619,DFS,1,37188,183103,54125,31.000,111337,3000056,3000056
52,500,500,100,1,5,91798055,BFS,1,29829,80113,23,8.000,89421,3000056,3000056
52,500,500,100,1,5,91798055,DFS,1,29829,62185,31378,9.000,89421,3000056,3000056
53,500,500,100,1,5,3594624736,BFS,1,61271,218370,44,21.000,183232,3000056,3000056
53,500,500,100,1,5,3594624736,DFS,1,61271,138034,61273,23.000,183232,3000056,3000056
54,500,500,100,1,5,3506270029,BFS,1,28349,67520,17,6.000,84922,3000056,3000056
54,500,500,100,1,5,3506270029,DFS,1,28349,238569,56526,40.000,84922,3000056,3000056
55,500,500,100,1,5,2252369307,BFS,1,33857,125347,28,12.000,101670,3000056,3000056
55,500,500,100,1,5,2252369307,DFS,1,33857,70141,33900,10.000,101670,3000056,3000056
56,500,500,100,1,5,1856140136,BFS,1,8313,14742,12,1.000,24838,3000056,3000056
56,500,500,100,1,5,1856140136,DFS,1,8313,11857,8339,1.000,24838,3000056,3000056
57,500,500,100,1,5,1787314699,BFS,1,40955,112689,21,11.000,122489,3000056,3000056
57,500,500,100,1,5,1787314699,DFS,1,40955,214016,81063,35.000,122489,3000056,3000056
58,500,500,100,1,5,3093033906,BFS,1,16588,38599,22,3.000,49371,3000056,3000056
58,500,500,100,1,5,3093033906,DFS,1,16588,25381,16589,3.000,49371,3000056,3000056
59,500,500,100,1,5,850253394,BFS,1,8650,20628,17,2.000,26074,3000056,3000056
59,500,500,100,1,5,850253394,DFS,1,8650,17958,9081,3.000,26074,3000056,3000056
60,500,500,100,1,5,1274301324,BFS,1,66384,226174,31,22.000,198207,3000056,3000056
60,500,500,100,1,5,1274301324,DFS,1,66384,167405,72126,24.000,198207,3000056,3000056
61,500,500,100,1,5,3441198557,BFS,1,4531,8281,17,1.000,13530,3000056,3000056
61,500,500,100,1,5,3441198557,DFS,1,4531,7267,4532,1.000,13530,3000056,3000056
62,500,500,100,1,5,3317082226,BFS,1,17117,27945,13,2.000,51406,3000056,3000056
62,500,500,100,1,5,3317082226,DFS,1,17117,244010,56650,41.000,51406,3000056,3000056
63,500,500,100,1,5,2127984059,BFS,1,31889,122569,36,13.000,95550,3000056,3000056
63,500,500,100,1,5,2127984059,DFS,1,31889,70943,36057,10.000,95550,3000056,3000056
64,500,500,100,1,5,611621299,BFS,1,49971,148604,22,15.000,150048,3000056,3000056
64,500,500,100,1,5,611621299,DFS,1,49971,110672,50494,16.000,150048,3000056,3000056
65,500,500,100,1,5,651765881,BFS,1,23803,63364,28,6.000,71669,3000056,3000056
65,500,500,100,1,5,651765881,DFS,1,23803,242912,57887,42.000,71669,3000056,3000056
66,500,500,100,1,5,902650408,BFS,1,7525,16434,19,2.000,22537,3000056,3000056
66,500,500,100,1,5,902650408,DFS,1,7525,246918,58399,43.000,22537,3000056,3000056
67,500,500,100,1,5,2448097485,BFS,1,25421,60485,23,6.000,76527,3000056,3000056
67,500,500,100,1,5,2448097485,DFS,1,25421,38899,25422,6.000,76527,3000056,3000056
68,500,500,100,1,5,4146134839,BFS,1,47638,169626,32,17.000,143559,3000056,3000056
68,500,500,100,1,5,4146134839,DFS,1,47638,172605,58813,27.000,143559,3000056,3000056
69,500,500,100,1,5,2847468726,BFS,1,25650,92323,34,9.000,76995,3000056,3000056
69,500,500,100,1,5,2847468726,DFS,1,25650,158889,56322,27.000,76995,3000056,3000056
70,500,500,100,1,5,2947352800,BFS,1,42319,155357,29,15.000,127097,3000056,3000056
70,500,500,100,1,5,2947352800,DFS,1,42319,154279,58371,24.000,127097,3000056,3000056
71,500,500,100,1,5,3185118521,BFS,1,59786,223476,41,23.000,179465,3000056,3000056
71,500,500,100,1,5,3185118521,DFS,1,59786,123611,59830,19.000,179465,3000056,3000056
72,500,500,100,1,5,1917955829,BFS,1,47696,207389,34,21.000,142530,3000056,3000056
72,500,500,100,1,5,1917955829,DFS,1,47696,117935,47697,17.000,142530,3000056,3000056
73,500,500,100,1,5,2709772900,BFS,1,44476,211975,36,21.000,133315,3000056,3000056
73,500,500,100,1,5,2709772900,DFS,1,44476,156920,47611,24.000,133315,3000056,3000056
74,500,500,100,1,5,1189346536,BFS,1,3048,5133,10,1.000,9087,3000056,3000056
74,500,500,100,1,5,1189346536,DFS,1,3048,3656,3049,0.000,9087,3000056,3000056
75,500,500,100,1,5,1700978013,BFS,1,20543,49406,15,5.000,61405,3000056,3000056
75,500,500,100,1,5,1700978013,DFS,1,20543,240425,62991,40.000,61405,3000056,3000056
76,500,500,100,1,5,2238653558,BFS,1,58698,200686,23,21.000,176519,3000056,3000056
76,500,500,100,1,5,2238653558,DFS,1,58698,155394,65500,23.000,176519,3000056,3000056
77,500,500,100,1,5,141401340,BFS,1,45076,152454,30,15.000,134847,3000056,3000056
77,500,500,100,1,5,141401340,DFS,1,45076,179707,53438,29.000,134847,3000056,3000056
78,500,500,100,1,5,1168851522,BFS,1,58163,188060,24,19.000,173962,3000056,3000056
78,500,500,100,1,5,1168851522,DFS,1,58163,162619,67482,24.000,173962,3000056,3000056
79,500,500,100,1,5,297470175,BFS,1,42843,143881,21,15.000,127948,3000056,3000056
79,500,500,100,1,5,297470175,DFS,1,42843,215169,60554,35.000,127948,3000056,3000056
80,500,500,100,1,5,91890476,BFS,1,60349,177978,29,17.000,181279,3000056,3000056
80,500,500,100,1,5,91890476,DFS,1,60349,144003,65297,21.000,181279,3000056,3000056
81,500,500,100,1,5,3576751925,BFS,1,27241,118518,29,13.000,81811,3000056,3000056
81,500,500,100,1,5,3576751925,DFS,1,27241,156590,38761,25.000,81811,3000056,3000056
82,500,500,100,1,5,3092244342,BFS,1,25360,97205,30,10.000,76085,3000056,3000056
82,500,500,100,1,5,3092244342,DFS,1,25360,165523,40286,27.000,76085,3000056,3000056
83,500,500,100,1,5,3737781501,BFS,1,56932,137914,27,14.000,170402,3000056,3000056
83,500,500,100,1,5,3737781501,DFS,1,56932,106861,58409,15.000,170402,3000056,3000056
84,500,500,100,1,5,4026460139,BFS,1,44923,145741,36,15.000,135102,3000056,3000056
84,500,500,100,1,5,4026460139,DFS,1,44923,109090,46035,17.000,135102,3000056,3000056
85,500,500,100,1,5,4247725359,BFS,1,20821,68981,21,8.000,62720,3000056,3000056
85,500,500,100,1,5,4247725359,DFS,1,20821,96635,32888,16.000,62720,3000056,3000056
86,500,500,100,1,5,3066321943,BFS,1,10190,23795,15,3.000,30454,3000056,3000056
86,500,500,100,1,5,3066321943,DFS,1,10190,17252,10191,2.000,30454,3000056,3000056
87,500,500,100,1,5,3445492475,BFS,1,46148,203090,32,20.000,138712,3000056,3000056
87,500,500,100,1,5,3445492475,DFS,1,46148,121904,46672,18.000,138712,3000056,3000056
88,500,500,100,1,5,2667145733,BFS,1,2542,4125,9,1.000,7567,3000056,3000056
88,500,500,100,1,5,2667145733,DFS,1,2542,3468,2543,2.000,7567,3000056,3000056
89,500,500,100,1,5,2404090090,BFS,1,46621,169999,25,16.000,139868,3000056,3000056
89,500,500,100,1,5,2404090090,DFS,1,46621,121443,46622,18.000,139868,3000056,3000056
90,500,500,100,1,5,3945625764,BFS,1,46405,127814,25,13.000,139276,3000056,3000056
90,500,500,100,1,5,3945625764,DFS,1,46405,186269,71303,30.000,139276,3000056,3000056
91,500,500,100,1,5,1292632638,BFS,1,50879,187410,28,19.000,152860,3000056,3000056
91,500,500,100,1,5,1292632638,DFS,1,50879,133913,52110,20.000,152860,3000056,3000056
92,500,500,100,1,5,1555125905,BFS,1,23810,89522,38,9.000,71345,3000056,3000056
92,500,500,100,1,5,1555125905,DFS,1,23810,36174,23811,5.000,71345,3000056,3000056
93,500,500,100,1,5,2709376666,BFS,1,37647,148249,28,15.000,113127,3000056,3000056
93,500,500,100,1,5,2709376666,DFS,1,37647,217399,52346,34.000,113127,3000056,3000056
94,500,500,100,1,5,2675956371,BFS,1,44722,200806,32,20.000,133888,3000056,3000056
94,500,500,100,1,5,2675956371,DFS,1,44722,135014,56382,21.000,133888,3000056,3000056
95,500,500,100,1,5,1272760118,BFS,1,46549,121416,20,12.000,139609,3000056,3000056
95,500,500,100,1,5,1272760118,DFS,1,46549,88092,46610,13.000,139609,3000056,3000056
96,500,500,100,1,5,667657508,BFS,1,35044,83979,24,8.000,105386,3000056,3000056
96,500,500,100,1,5,667657508,DFS,1,35044,185459,63507,31.000,105386,3000056,3000056
97,500,500,100,1,5,87267152,BFS,1,48572,125429,27,14.000,145935,3000056,3000056
97,500,500,100,1,5,87267152,DFS,1,48572,93521,53027,13.000,145935,3000056,3000056
98,500,500,100,1,5,2105282319,BFS,1,60498,241363,30,26.000,181112,3000056,3000056
98,500,500,100,1,5,2105282319,DFS,1,60498,196050,62491,30.000,181112,3000056,3000056
99,500,500,100,1,5,1620200160,BFS,1,30663,92369,25,9.000,91509,3000056,3000056
99,500,500,100,1,5,1620200160,DFS,1,30663,57216,34357,8.000,91509,3000056,3000056
100,500,500,100,1,5,1061270642,BFS,1,68137,240616,30,24.000,204266,3000056,3000056
100,500,500,100,1,5,1061270642,DFS,1,68137,144730,70305,22.000,204266,3000056,3000056
